ProductID,ProductCode,ProductName,Category,SubCategory,Brand,UnitPrice,StandardCost,Status,CreatedDate,ModifiedDate,SourceSystem
100001,PROD-100001,Phased user-facing knowledgebase,Software,Operating System,VMware,1262.21,579.66,Active,2026-04-15,2024-11-28,ERP
100002,PROD-100002,Multi-layered user-facing model,Software,Operating System,Lenovo,207.32,397.44,Active,2024-07-28,2025-03-04,ERP
100003,PROD-100003,Cloned leadingedge frame,Networking,Router,Cisco,3594.3,2812.77,Active,2025-03-08,2025-01-22,ERP
100004,PROD-100004,Profound global artificial intelligence,Storage,NAS,Adobe,2966.87,3242.49,Active,2026-02-04,2025-11-23,ERP
100005,PROD-100005,Future-proofed object-oriented open system,Hardware,Desktop,Lenovo,1734.24,643.03,Active,2022-04-16,2024-12-28,ERP
100006,PROD-100006,Total 6thgeneration challenge,Services,Consulting,Dell,1930.64,1451.94,Active,2025-03-09,2026-04-16,ERP
100007,PROD-100007,Function-based human-resource capability,Services,Training,Microsoft,3662.17,2156.51,Active,2023-09-01,2024-10-25,ERP
100008,PROD-100008,Front-line value-added attitude,Storage,SAN,VMware,4155.55,2483.62,Active,2024-09-06,2024-10-18,ERP
100009,PROD-100009,Digitized motivating Graphical User Interface,Services,Support,Dell,276.83,930.9,Active,2024-05-31,2025-05-29,ERP
100010,PROD-100010,Switchable empowering archive,Security,Identity,Cisco,4339.09,1536.0,Active,2023-03-01,2025-10-17,ERP
100011,PROD-100011,Multi-lateral next generation support,Collaboration,Voice,HP,1882.4,857.79,Active,2021-08-16,2024-11-06,ERP
100012,PROD-100012,De-engineered real-time workforce,Security,Identity,HP,2693.99,998.12,Active,2026-03-21,2026-07-18,ERP
100013,PROD-100013,Fully-configurable next generation attitude,Collaboration,Productivity,VMware,4948.14,2569.0,Active,2023-03-05,2024-11-13,ERP
100014,PROD-100014,Open-architected interactive migration,Networking,Firewall,Microsoft,1183.79,152.6,Active,2025-09-23,2024-12-23,ERP
100015,PROD-100015,Synergized 4thgeneration installation,Services,Implementation,VMware,377.63,3654.72,Active,2025-02-20,2025-01-24,ERP
100016,PROD-100016,Centralized uniform projection,Services,Support,Adobe,2008.38,3660.33,Active,2022-04-30,2025-12-21,ERP
100017,PROD-100017,Fundamental holistic product,Collaboration,Meetings,VMware,741.17,2986.33,Active,2022-01-16,2024-12-06,ERP
100018,PROD-100018,Open-architected 6thgeneration projection,Security,Encryption,Lenovo,1841.88,3989.37,Active,2022-06-28,2025-03-20,ERP
100019,PROD-100019,Programmable human-resource Graphic Interface,Cloud,Networking,Dell,3791.12,3447.88,Active,2022-05-17,2025-10-16,ERP
100020,PROD-100020,Secured real-time monitoring,Cloud,Storage,Lenovo,3002.22,1554.45,Active,2022-04-08,2025-12-26,ERP
100021,PROD-100021,Self-enabling foreground installation,Collaboration,Voice,Microsoft,3417.4,480.34,Active,2023-05-11,2025-05-01,ERP
100022,PROD-100022,Balanced dedicated customer loyalty,Security,Threat Protection,Dell,1502.83,653.68,Active,2022-06-29,2024-12-05,ERP
100023,PROD-100023,Right-sized coherent challenge,Hardware,Server,HP,2563.02,447.98,Active,2025-03-05,2026-03-23,ERP
100024,PROD-100024,Fundamental transitional analyzer,Security,Endpoint,HP,1900.87,667.16,Active,2022-08-03,2025-04-21,ERP
100025,PROD-100025,Upgradable solution-oriented hub,Hardware,Server,Adobe,146.41,3718.17,Active,2025-10-20,2026-06-03,ERP
100026,PROD-100026,Up-sized tangible utilization,Security,Endpoint,Microsoft,1242.31,2280.24,Active,2022-12-28,2026-06-15,ERP
100027,PROD-100027,Stand-alone composite access,Software,Operating System,Adobe,4089.32,3912.49,Active,2023-12-03,2025-09-08,ERP
100028,PROD-100028,Fundamental logistical instruction set,Cloud,Storage,Adobe,4736.9,681.38,Active,2023-10-11,2026-02-12,ERP
100029,PROD-100029,Exclusive uniform analyzer,Storage,NAS,Cisco,3579.1,1610.99,Active,2024-07-07,2025-06-22,ERP
100030,PROD-100030,Advanced asymmetric complexity,Services,Implementation,Adobe,648.97,918.17,Active,2025-05-24,2025-09-16,ERP
100031,PROD-100031,Synergized secondary process improvement,Services,Consulting,Cisco,2962.78,53.58,Active,2023-04-26,2025-03-21,ERP
100032,PROD-100032,Object-based content-based leverage,Hardware,Desktop,Dell,4531.83,3442.05,Active,2023-03-30,2025-11-09,ERP
100033,PROD-100033,Centralized upward-trending project,Software,Database,VMware,3361.44,876.59,Active,2023-01-19,2026-06-23,ERP
100034,PROD-100034,Cross-group fault-tolerant flexibility,Cloud,Networking,Cisco,3933.87,3234.8,Active,2023-12-04,2024-10-12,ERP
100035,PROD-100035,Configurable coherent migration,Networking,Router,Dell,3311.96,1433.33,Active,2023-06-24,2026-01-13,ERP
100036,PROD-100036,Function-based reciprocal access,Storage,Archive,Microsoft,3383.15,3937.06,Active,2022-08-19,2025-01-23,ERP
100037,PROD-100037,Upgradable uniform software,Software,Operating System,Lenovo,3654.66,3207.36,Active,2023-08-13,2024-11-22,ERP
100038,PROD-100038,Face-to-face zero administration monitoring,Software,Database,Cisco,991.53,1808.24,Active,2021-11-20,2025-04-27,ERP
100039,PROD-100039,Object-based 4thgeneration core,Storage,NAS,VMware,2340.01,3501.08,Active,2022-05-07,2026-03-28,ERP
100040,PROD-100040,Inverse local protocol,Software,Office,Dell,300.41,3997.15,Active,2025-09-17,2025-10-13,ERP
100041,PROD-100041,Distributed mission-critical hardware,Hardware,Laptop,Cisco,873.24,1955.42,Active,2024-11-19,2025-06-23,ERP
100042,PROD-100042,Total even-keeled functionalities,Networking,Wireless,Microsoft,864.95,33.57,Active,2025-08-03,2026-06-17,ERP
100043,PROD-100043,Down-sized 24hour budgetary management,Storage,Backup,Adobe,1461.98,2793.95,Active,2022-08-02,2025-03-23,ERP
100044,PROD-100044,Face-to-face clear-thinking forecast,Collaboration,Meetings,Cisco,1518.7,3875.62,Active,2025-09-12,2026-07-26,ERP
100045,PROD-100045,Object-based system-worthy neural-net,Hardware,Server,Microsoft,298.2,1920.23,Active,2025-09-20,2025-03-07,ERP
100046,PROD-100046,Balanced web-enabled challenge,Cloud,Compute,Dell,4264.15,297.37,Active,2023-10-23,2026-01-15,ERP
100047,PROD-100047,Self-enabling coherent throughput,Software,Database,Lenovo,643.44,3563.89,Active,2023-09-13,2026-07-14,ERP
100048,PROD-100048,Stand-alone responsive algorithm,Networking,Router,Dell,2125.16,2345.1,Active,2025-08-30,2026-04-06,ERP
100049,PROD-100049,Ameliorated radical methodology,Services,Training,Cisco,3365.14,1273.88,Active,2024-01-02,2026-01-15,ERP
100050,PROD-100050,Re-engineered systemic project,Security,Encryption,HP,3374.87,1217.49,Active,2022-03-12,2025-04-23,ERP
100051,PROD-100051,Centralized bifurcated moderator,Services,Consulting,Microsoft,2318.51,3993.86,Active,2023-05-24,2026-03-16,ERP
100052,PROD-100052,Configurable zero-defect policy,Software,Operating System,Cisco,2554.13,551.51,Active,2024-06-02,2024-08-06,ERP
100053,PROD-100053,Multi-tiered context-sensitive success,Services,Consulting,Cisco,1879.16,652.04,Active,2022-11-28,2026-01-10,ERP
100054,PROD-100054,Front-line web-enabled utilization,Security,Identity,VMware,4662.19,436.76,Active,2025-10-01,2026-01-11,ERP
100055,PROD-100055,Vision-oriented hybrid budgetary management,Cloud,AI,Dell,4454.08,2976.11,Active,2022-09-14,2025-04-24,ERP
100056,PROD-100056,Focused next generation matrix,Cloud,AI,VMware,3043.91,2877.51,Active,2022-07-28,2025-03-15,ERP
100057,PROD-100057,Up-sized empowering software,Networking,Firewall,Adobe,1293.05,3634.93,Active,2024-07-26,2026-01-20,ERP
100058,PROD-100058,Quality-focused responsive model,Hardware,Laptop,Lenovo,4155.27,200.24,Active,2026-08-02,2025-08-30,ERP
100059,PROD-100059,Focused leadingedge matrix,Services,Support,VMware,849.83,1781.3,Active,2023-02-03,2026-07-14,ERP
100060,PROD-100060,Future-proofed composite parallelism,Storage,SAN,Dell,422.46,3535.35,Active,2022-05-12,2024-09-20,ERP
100061,PROD-100061,Enhanced context-sensitive service-desk,Cloud,Compute,Citrix,2933.42,613.67,Active,2024-09-18,2025-02-21,ERP
100062,PROD-100062,User-centric solution-oriented algorithm,Cloud,Compute,VMware,1855.03,3734.02,Active,2026-04-21,2025-11-17,ERP
100063,PROD-100063,Customizable regional artificial intelligence,Hardware,Server,Cisco,3426.23,2676.06,Active,2025-09-24,2025-01-28,ERP
100064,PROD-100064,Face-to-face didactic info-mediaries,Services,Implementation,HP,4632.53,966.03,Active,2023-09-12,2026-07-28,ERP
100065,PROD-100065,Assimilated asynchronous superstructure,Cloud,Storage,Lenovo,172.69,2952.84,Active,2021-08-14,2024-11-10,ERP
100066,PROD-100066,Upgradable bandwidth-monitored encryption,Services,Implementation,Cisco,1370.69,3154.81,Active,2024-08-25,2025-12-20,ERP
100067,PROD-100067,Compatible zero administration neural-net,Software,Office,Microsoft,4300.04,909.17,Active,2021-11-28,2025-01-10,ERP
100068,PROD-100068,Multi-lateral tangible task-force,Collaboration,Voice,VMware,4111.66,3488.51,Active,2023-05-17,2025-06-22,ERP
100069,PROD-100069,Organic 24hour conglomeration,Networking,Router,Cisco,2022.41,1132.45,Active,2022-10-14,2025-10-07,ERP
100070,PROD-100070,Digitized client-driven secured line,Software,Analytics,Citrix,3225.33,1613.72,Active,2023-08-25,2026-05-03,ERP
100071,PROD-100071,Persistent hybrid service-desk,Services,Consulting,Dell,4391.34,1063.33,Active,2026-05-20,2025-08-06,ERP
100072,PROD-100072,Organic zero administration secured line,Security,Identity,Dell,3003.03,1399.11,Active,2025-12-10,2026-05-06,ERP
100073,PROD-100073,Quality-focused fresh-thinking leverage,Services,Implementation,Dell,1956.72,2316.94,Active,2025-03-06,2026-07-08,ERP
100074,PROD-100074,Team-oriented 4thgeneration framework,Security,Identity,Lenovo,58.37,3704.16,Active,2023-04-02,2024-10-03,ERP
100075,PROD-100075,Open-architected real-time concept,Networking,Firewall,Lenovo,396.37,2665.34,Active,2023-10-05,2025-05-29,ERP
100076,PROD-100076,Customizable reciprocal solution,Services,Training,Dell,3612.78,1218.78,Active,2025-12-12,2025-12-28,ERP
100077,PROD-100077,Intuitive attitude-oriented challenge,Security,Encryption,Citrix,2041.88,1200.23,Active,2022-08-09,2025-07-15,ERP
100078,PROD-100078,Multi-layered demand-driven neural-net,Cloud,Storage,Lenovo,3341.4,1532.1,Active,2023-07-24,2025-12-28,ERP
100079,PROD-100079,Monitored national paradigm,Cloud,AI,Lenovo,2762.29,26.61,Active,2025-08-11,2025-07-14,ERP
100080,PROD-100080,Assimilated asymmetric system engine,Security,Endpoint,Lenovo,3939.51,2436.48,Active,2022-08-20,2025-11-17,ERP
100081,PROD-100081,Vision-oriented impactful functionalities,Services,Implementation,Adobe,2238.69,874.46,Active,2021-11-01,2026-05-26,ERP
100082,PROD-100082,Public-key maximized interface,Collaboration,Meetings,Dell,1454.74,2663.82,Active,2026-04-03,2025-06-30,ERP
100083,PROD-100083,Devolved context-sensitive ability,Services,Consulting,Cisco,3380.34,917.95,Active,2023-06-13,2025-10-22,ERP
100084,PROD-100084,Mandatory user-facing alliance,Networking,Switch,Microsoft,278.76,3936.15,Active,2025-01-08,2026-02-24,ERP
100085,PROD-100085,Phased 3rdgeneration Local Area Network,Software,Office,Lenovo,4436.38,2313.29,Active,2026-07-26,2025-08-26,ERP
100086,PROD-100086,Right-sized 4thgeneration Local Area Network,Storage,Archive,Lenovo,1257.72,2632.83,Active,2022-12-09,2026-03-20,ERP
100087,PROD-100087,Universal eco-centric secured line,Hardware,Laptop,Lenovo,1133.26,3221.34,Active,2024-03-15,2025-01-28,ERP
100088,PROD-100088,Cross-platform cohesive complexity,Collaboration,Email,Cisco,4591.48,507.4,Active,2026-06-26,2026-06-15,ERP
100089,PROD-100089,Progressive methodical algorithm,Cloud,Networking,Citrix,4752.7,3568.42,Active,2026-03-30,2024-11-29,ERP
100090,PROD-100090,Enhanced uniform analyzer,Storage,Archive,HP,3731.09,1911.83,Active,2023-01-20,2025-03-03,ERP
100091,PROD-100091,Profit-focused mobile Local Area Network,Security,Endpoint,VMware,3840.78,2097.17,Active,2025-08-01,2025-03-05,ERP
100092,PROD-100092,Programmable composite implementation,Networking,Firewall,Adobe,433.54,1160.77,Active,2026-08-02,2026-06-02,ERP
100093,PROD-100093,De-engineered encompassing secured line,Security,Threat Protection,Citrix,4470.48,345.3,Active,2024-09-01,2026-06-25,ERP
100094,PROD-100094,User-centric system-worthy success,Cloud,Storage,Lenovo,3485.05,2833.02,Active,2025-11-17,2024-11-07,ERP
100095,PROD-100095,Customizable zero tolerance policy,Software,Office,Lenovo,1687.86,1877.05,Active,2022-09-25,2025-05-27,ERP
100096,PROD-100096,Horizontal methodical forecast,Hardware,Desktop,Lenovo,1977.91,3084.94,Active,2023-03-18,2025-04-25,ERP
100097,PROD-100097,Assimilated 3rdgeneration architecture,Hardware,Monitor,Adobe,79.19,1423.24,Active,2022-08-03,2026-03-22,ERP
100098,PROD-100098,Persistent content-based implementation,Storage,Archive,Cisco,2466.74,1109.92,Active,2022-11-13,2025-01-28,ERP
100099,PROD-100099,Down-sized client-driven throughput,Collaboration,Email,Lenovo,1713.84,2724.59,Active,2024-03-21,2025-04-27,ERP
100100,PROD-100100,Future-proofed disintermediate contingency,Storage,NAS,Adobe,4601.73,3923.37,Active,2025-01-02,2026-06-10,ERP
100101,PROD-100101,Ergonomic uniform system engine,Hardware,Monitor,Microsoft,465.54,1728.74,Active,2022-10-15,2026-07-14,ERP
100102,PROD-100102,Self-enabling actuating policy,Collaboration,Meetings,Microsoft,1337.77,1326.23,Active,2022-05-04,2025-07-03,ERP
100103,PROD-100103,Reverse-engineered regional knowledgebase,Collaboration,Voice,Citrix,3818.09,1532.03,Active,2023-04-17,2025-01-17,ERP
100104,PROD-100104,Sharable well-modulated concept,Storage,Backup,Dell,2378.02,3002.37,Active,2023-07-05,2025-08-24,ERP
100105,PROD-100105,Face-to-face transitional open architecture,Hardware,Server,Cisco,3268.21,3130.4,Active,2024-11-04,2025-05-24,ERP
100106,PROD-100106,Implemented tangible budgetary management,Hardware,Laptop,Cisco,1036.84,106.01,Active,2025-01-31,2026-01-29,ERP
100107,PROD-100107,Vision-oriented multi-tasking knowledgebase,Cloud,Storage,HP,2394.13,479.7,Active,2024-10-22,2025-04-05,ERP
100108,PROD-100108,Innovative real-time interface,Networking,Wireless,VMware,3846.15,691.96,Active,2022-02-26,2025-08-30,ERP
100109,PROD-100109,Phased local data-warehouse,Software,Database,VMware,585.09,127.07,Active,2024-03-11,2025-03-14,ERP
100110,PROD-100110,Progressive 24/7 architecture,Security,Encryption,Lenovo,4710.28,813.36,Active,2026-04-01,2025-12-21,ERP
100111,PROD-100111,Versatile system-worthy function,Networking,Router,VMware,4258.95,2411.64,Active,2025-10-23,2025-11-24,ERP
100112,PROD-100112,Exclusive stable Local Area Network,Software,Operating System,Citrix,2687.09,2654.55,Active,2024-06-27,2025-05-18,ERP
100113,PROD-100113,Innovative fault-tolerant open architecture,Software,Analytics,Microsoft,4255.4,3293.77,Active,2023-04-19,2024-10-13,ERP
100114,PROD-100114,Re-engineered bandwidth-monitored circuit,Software,Office,Citrix,3196.15,3319.11,Active,2023-09-09,2025-03-19,ERP
100115,PROD-100115,Ergonomic systemic matrices,Cloud,Networking,HP,3682.29,3862.76,Active,2021-12-14,2026-06-11,ERP
100116,PROD-100116,Focused discrete pricing structure,Security,Encryption,Adobe,2206.09,2930.83,Active,2021-10-17,2024-08-17,ERP
100117,PROD-100117,Synergistic exuding software,Security,Threat Protection,Cisco,4162.12,369.49,Active,2025-09-24,2025-04-09,ERP
100118,PROD-100118,Expanded responsive challenge,Collaboration,Meetings,Adobe,2870.76,2681.05,Active,2022-02-11,2026-06-22,ERP
100119,PROD-100119,User-centric mobile framework,Services,Consulting,Adobe,4262.22,747.81,Active,2025-01-05,2026-02-10,ERP
100120,PROD-100120,Streamlined coherent paradigm,Networking,Firewall,VMware,1734.68,3524.27,Active,2026-05-01,2025-04-07,ERP
100121,PROD-100121,Object-based bandwidth-monitored infrastructure,Security,Identity,Cisco,473.78,2887.3,Active,2022-10-12,2026-06-20,ERP
100122,PROD-100122,Innovative discrete system engine,Collaboration,Meetings,Adobe,3247.22,1976.01,Active,2026-05-09,2025-07-26,ERP
100123,PROD-100123,User-friendly attitude-oriented approach,Hardware,Laptop,VMware,1146.9,2774.85,Active,2023-10-22,2025-10-15,ERP
100124,PROD-100124,Fully-configurable multi-state solution,Security,Threat Protection,Adobe,2789.69,1391.44,Active,2022-07-28,2026-01-13,ERP
100125,PROD-100125,Implemented solution-oriented Graphical User Interface,Services,Training,Adobe,1391.04,1024.33,Active,2023-11-30,2025-11-16,ERP
100126,PROD-100126,Polarized national solution,Software,Database,Citrix,641.8,2155.06,Active,2026-03-30,2025-07-12,ERP
100127,PROD-100127,Operative holistic firmware,Cloud,Storage,Cisco,3706.09,1124.09,Active,2024-03-27,2026-01-29,ERP
100128,PROD-100128,Virtual full-range protocol,Security,Identity,Cisco,1516.42,1459.5,Active,2024-07-18,2024-12-25,ERP
100129,PROD-100129,Multi-lateral full-range policy,Security,Identity,HP,1407.84,3897.82,Active,2026-04-19,2026-04-15,ERP
100130,PROD-100130,Multi-layered actuating Graphic Interface,Security,Endpoint,Adobe,557.81,73.75,Active,2025-09-03,2026-04-02,ERP
100131,PROD-100131,Cross-group full-range instruction set,Security,Encryption,Adobe,2230.32,757.85,Active,2023-01-25,2026-07-02,ERP
100132,PROD-100132,Versatile 24hour utilization,Hardware,Server,Adobe,614.73,284.74,Active,2021-08-30,2026-07-03,ERP
100133,PROD-100133,Focused tangible knowledge user,Collaboration,Email,Microsoft,801.05,3249.29,Active,2025-01-29,2026-05-04,ERP
100134,PROD-100134,Focused even-keeled intranet,Security,Identity,Cisco,636.34,3063.66,Active,2021-08-16,2025-02-13,ERP
100135,PROD-100135,User-friendly composite project,Networking,Wireless,Adobe,4547.1,1206.98,Active,2024-07-27,2024-08-29,ERP
100136,PROD-100136,Right-sized asynchronous time-frame,Storage,Backup,Microsoft,3067.67,2966.85,Active,2023-02-07,2026-02-26,ERP
100137,PROD-100137,User-friendly attitude-oriented moderator,Networking,Switch,VMware,3319.12,649.3,Active,2026-03-14,2025-01-30,ERP
100138,PROD-100138,Pre-emptive executive conglomeration,Cloud,Compute,HP,63.24,1815.75,Active,2022-01-19,2026-01-20,ERP
100139,PROD-100139,Pre-emptive well-modulated workforce,Collaboration,Voice,Microsoft,1195.81,2835.15,Active,2023-10-02,2024-09-29,ERP
100140,PROD-100140,Profound incremental infrastructure,Collaboration,Email,Cisco,4623.36,3156.62,Active,2024-01-06,2025-01-01,ERP
100141,PROD-100141,Multi-lateral impactful emulation,Networking,Wireless,Dell,2745.58,2599.35,Active,2024-03-22,2024-11-27,ERP
100142,PROD-100142,De-engineered client-server policy,Security,Endpoint,Dell,345.21,3175.7,Active,2023-11-21,2025-03-13,ERP
100143,PROD-100143,Networked clear-thinking budgetary management,Security,Encryption,Dell,2370.05,1233.76,Active,2022-11-25,2024-10-02,ERP
100144,PROD-100144,Reduced didactic conglomeration,Storage,Backup,Adobe,2216.91,2402.2,Active,2022-01-07,2025-01-16,ERP
100145,PROD-100145,Persistent cohesive approach,Storage,Backup,VMware,178.03,934.97,Active,2026-03-17,2024-10-02,ERP
100146,PROD-100146,Proactive even-keeled intranet,Hardware,Server,Microsoft,3827.39,721.38,Active,2024-02-24,2025-06-03,ERP
100147,PROD-100147,Multi-lateral demand-driven neural-net,Collaboration,Voice,HP,4984.88,1757.64,Active,2022-03-03,2026-03-01,ERP
100148,PROD-100148,Profound dedicated array,Collaboration,Email,Adobe,1772.41,1349.9,Active,2024-04-12,2026-04-19,ERP
100149,PROD-100149,Re-contextualized disintermediate ability,Software,Database,Citrix,2087.64,1994.49,Active,2023-11-21,2026-05-12,ERP
100150,PROD-100150,Balanced static knowledge user,Storage,SAN,Adobe,485.9,1028.29,Active,2023-07-20,2026-07-06,ERP
100151,PROD-100151,Networked empowering core,Software,Office,Microsoft,3305.42,2181.81,Active,2025-12-23,2025-06-24,ERP
100152,PROD-100152,Sharable fault-tolerant customer loyalty,Storage,SAN,Cisco,2616.27,2499.97,Active,2024-09-23,2025-01-06,ERP
100153,PROD-100153,Public-key reciprocal complexity,Collaboration,Productivity,Microsoft,1057.61,2208.15,Active,2022-01-03,2025-12-11,ERP
100154,PROD-100154,Persistent clear-thinking installation,Security,Encryption,Adobe,651.06,3893.26,Active,2024-01-31,2025-11-20,ERP
100155,PROD-100155,Focused regional intranet,Networking,Switch,VMware,2776.65,2220.2,Active,2022-07-10,2025-04-02,ERP
100156,PROD-100156,Total zero tolerance benchmark,Software,Database,Dell,2334.17,491.93,Active,2022-05-10,2024-08-20,ERP
100157,PROD-100157,Centralized modular adapter,Cloud,Networking,VMware,2568.92,1111.86,Active,2022-08-04,2025-02-27,ERP
100158,PROD-100158,Customer-focused global system engine,Collaboration,Productivity,Cisco,2311.09,599.95,Active,2023-01-31,2025-04-28,ERP
100159,PROD-100159,De-engineered transitional system engine,Networking,Switch,Dell,1417.42,3165.27,Active,2026-02-11,2025-07-05,ERP
100160,PROD-100160,Exclusive high-level Local Area Network,Storage,Backup,VMware,4111.72,1149.28,Active,2026-05-19,2025-05-08,ERP
100161,PROD-100161,Open-architected grid-enabled functionalities,Security,Encryption,HP,2260.41,1950.26,Active,2022-12-20,2025-09-22,ERP
100162,PROD-100162,Profit-focused attitude-oriented adapter,Services,Implementation,Adobe,4667.62,3481.67,Active,2022-01-17,2026-02-21,ERP
100163,PROD-100163,Vision-oriented upward-trending Graphical User Interface,Networking,Wireless,Cisco,4287.26,1657.83,Active,2025-03-28,2025-12-20,ERP
100164,PROD-100164,Open-source static hardware,Services,Implementation,Lenovo,1961.09,2663.16,Active,2024-01-03,2025-07-14,ERP
100165,PROD-100165,Robust disintermediate toolset,Cloud,Networking,Microsoft,674.92,3862.28,Active,2026-03-18,2024-10-19,ERP
100166,PROD-100166,Total clear-thinking product,Services,Consulting,Adobe,543.57,3644.01,Active,2026-07-31,2026-04-29,ERP
100167,PROD-100167,Horizontal high-level matrix,Hardware,Desktop,Lenovo,4361.12,3880.58,Active,2022-11-05,2025-04-18,ERP
100168,PROD-100168,Business-focused dynamic Graphical User Interface,Software,Office,VMware,1725.88,2778.5,Active,2024-03-24,2025-07-10,ERP
100169,PROD-100169,Grass-roots 3rdgeneration artificial intelligence,Software,Analytics,Lenovo,4772.99,2516.53,Active,2025-12-28,2025-10-25,ERP
100170,PROD-100170,Decentralized discrete policy,Collaboration,Email,Dell,1212.11,2745.49,Active,2023-09-15,2025-09-07,ERP
100171,PROD-100171,Multi-tiered explicit emulation,Security,Endpoint,Dell,2198.16,416.31,Active,2024-12-12,2025-08-30,ERP
100172,PROD-100172,Ergonomic encompassing middleware,Software,Office,HP,3485.31,3616.11,Active,2024-11-12,2025-08-15,ERP
100173,PROD-100173,Total clear-thinking implementation,Hardware,Server,Microsoft,1502.17,1514.99,Active,2024-06-19,2026-04-20,ERP
100174,PROD-100174,Streamlined incremental service-desk,Cloud,Storage,Lenovo,2851.34,3175.26,Active,2025-01-04,2024-11-13,ERP
100175,PROD-100175,Reverse-engineered interactive workforce,Cloud,Storage,Dell,3066.98,1545.61,Active,2022-05-24,2025-05-19,ERP
100176,PROD-100176,Customer-focused coherent Local Area Network,Networking,Wireless,HP,1199.33,2560.67,Active,2023-05-18,2025-02-10,ERP
100177,PROD-100177,Inverse 4thgeneration contingency,Collaboration,Voice,Microsoft,4499.6,1874.38,Active,2022-10-05,2026-04-16,ERP
100178,PROD-100178,Synchronized didactic emulation,Security,Endpoint,Dell,2236.56,1398.62,Active,2025-02-07,2026-05-24,ERP
100179,PROD-100179,Total upward-trending moderator,Security,Encryption,VMware,2311.34,1225.93,Active,2023-01-19,2026-03-13,ERP
100180,PROD-100180,Reduced eco-centric knowledge user,Storage,Archive,Dell,1224.17,2298.39,Active,2024-11-18,2026-04-12,ERP
100181,PROD-100181,Versatile multimedia monitoring,Security,Threat Protection,Microsoft,4890.83,2641.46,Active,2024-09-12,2026-05-21,ERP
100182,PROD-100182,Cross-group user-facing structure,Security,Identity,Microsoft,4557.55,2987.06,Active,2022-09-02,2025-04-28,ERP
100183,PROD-100183,Networked 24hour flexibility,Security,Endpoint,Citrix,1134.07,780.77,Active,2023-08-30,2026-05-05,ERP
100184,PROD-100184,Organized user-facing focus group,Security,Endpoint,Dell,4521.85,2594.2,Active,2025-05-02,2025-09-30,ERP
100185,PROD-100185,Configurable local moratorium,Security,Encryption,Microsoft,2918.89,2936.13,Active,2023-04-13,2026-02-24,ERP
100186,PROD-100186,Cross-platform logistical superstructure,Software,Analytics,Citrix,3750.03,723.17,Active,2024-07-08,2025-04-22,ERP
100187,PROD-100187,Organized bifurcated paradigm,Cloud,AI,VMware,4160.84,1046.46,Active,2024-04-11,2026-07-29,ERP
100188,PROD-100188,Re-engineered systemic Graphic Interface,Collaboration,Voice,Citrix,4030.95,1886.62,Active,2024-11-12,2024-10-31,ERP
100189,PROD-100189,Fundamental coherent support,Software,Database,Cisco,4307.7,2903.76,Active,2023-08-14,2024-09-11,ERP
100190,PROD-100190,Switchable composite architecture,Storage,Backup,Dell,3963.88,80.33,Active,2024-01-08,2026-02-22,ERP
100191,PROD-100191,Open-source eco-centric capability,Software,Office,Citrix,3380.5,2697.55,Active,2025-02-14,2026-01-05,ERP
100192,PROD-100192,Object-based reciprocal info-mediaries,Storage,Backup,Dell,3390.44,1899.12,Active,2023-02-26,2025-05-08,ERP
100193,PROD-100193,Networked zero tolerance initiative,Services,Support,Dell,3195.25,1870.46,Active,2024-09-02,2025-10-31,ERP
100194,PROD-100194,Intuitive bi-directional conglomeration,Security,Encryption,Dell,741.9,3786.39,Active,2023-01-18,2025-10-11,ERP
100195,PROD-100195,Automated secondary matrices,Security,Encryption,Dell,531.1,3551.86,Active,2026-01-01,2026-05-11,ERP
100196,PROD-100196,Implemented secondary groupware,Cloud,Networking,Adobe,1886.51,3798.79,Active,2024-04-23,2025-01-15,ERP
100197,PROD-100197,Persevering executive parallelism,Storage,NAS,Lenovo,3291.86,3338.93,Active,2024-05-19,2024-08-24,ERP
100198,PROD-100198,Extended motivating encoding,Storage,Backup,Microsoft,3466.89,888.65,Active,2022-10-14,2025-08-26,ERP
100199,PROD-100199,Customizable tangible core,Collaboration,Meetings,Citrix,541.81,2750.58,Active,2025-10-21,2024-09-03,ERP
100200,PROD-100200,Automated client-driven moderator,Services,Consulting,Lenovo,1415.61,3873.62,Active,2022-06-03,2024-11-19,ERP
100201,PROD-100201,Customer-focused explicit hardware,Collaboration,Email,Cisco,3226.44,2398.66,Active,2023-11-04,2024-10-21,ERP
100202,PROD-100202,Grass-roots tangible core,Hardware,Laptop,Citrix,1255.67,525.55,Active,2021-10-23,2025-01-04,ERP
100203,PROD-100203,Cross-group full-range extranet,Networking,Router,Cisco,2952.6,3256.89,Active,2022-02-25,2025-04-15,ERP
100204,PROD-100204,Team-oriented fault-tolerant interface,Networking,Firewall,HP,3953.79,2394.03,Active,2023-05-11,2024-10-12,ERP
100205,PROD-100205,Object-based 24hour middleware,Security,Endpoint,HP,2724.07,3199.09,Active,2022-10-26,2024-10-11,ERP
100206,PROD-100206,Virtual well-modulated emulation,Software,Operating System,HP,123.56,3165.19,Active,2026-02-09,2026-08-03,ERP
100207,PROD-100207,Triple-buffered eco-centric ability,Networking,Firewall,Microsoft,912.52,233.29,Active,2024-05-18,2025-04-25,ERP
100208,PROD-100208,Centralized cohesive Graphical User Interface,Storage,SAN,Dell,2407.42,3117.62,Active,2022-12-13,2025-02-18,ERP
100209,PROD-100209,Organized local utilization,Software,Office,Cisco,4729.81,197.38,Active,2021-12-21,2024-11-08,ERP
100210,PROD-100210,Persevering 5thgeneration artificial intelligence,Security,Encryption,Microsoft,351.09,1928.95,Active,2022-08-10,2026-07-26,ERP
100211,PROD-100211,User-centric content-based migration,Storage,Archive,Dell,2476.83,3641.06,Active,2023-06-15,2025-01-21,ERP
100212,PROD-100212,Function-based methodical service-desk,Software,Operating System,Citrix,3061.07,286.09,Active,2024-03-15,2024-08-19,ERP
100213,PROD-100213,Face-to-face dedicated installation,Security,Threat Protection,Lenovo,4973.41,2133.96,Active,2023-10-27,2025-07-07,ERP
100214,PROD-100214,Assimilated upward-trending benchmark,Collaboration,Productivity,Dell,3975.83,479.8,Active,2024-11-07,2025-06-14,ERP
100215,PROD-100215,Multi-layered asynchronous time-frame,Networking,Wireless,Adobe,4446.05,1669.91,Active,2024-03-31,2024-11-24,ERP
100216,PROD-100216,User-centric optimizing website,Collaboration,Productivity,Lenovo,3661.58,1267.38,Active,2024-01-12,2025-12-22,ERP
100217,PROD-100217,User-friendly secondary array,Services,Training,Citrix,4770.28,2755.11,Active,2024-01-26,2026-03-19,ERP
100218,PROD-100218,Decentralized actuating hub,Collaboration,Email,Dell,4167.27,395.59,Active,2024-05-06,2026-07-24,ERP
100219,PROD-100219,Synergistic explicit framework,Software,Analytics,HP,2804.04,2356.2,Active,2022-03-29,2026-02-04,ERP
100220,PROD-100220,Distributed modular framework,Services,Consulting,Lenovo,1800.31,2669.73,Active,2024-07-28,2024-11-18,ERP
100221,PROD-100221,Focused intangible architecture,Storage,SAN,VMware,3022.03,1422.79,Active,2024-08-19,2025-07-02,ERP
100222,PROD-100222,Cross-group asynchronous paradigm,Networking,Switch,Adobe,1160.01,455.17,Active,2023-01-21,2025-05-06,ERP
100223,PROD-100223,Public-key zero administration groupware,Services,Consulting,VMware,2891.8,3233.7,Active,2023-02-26,2026-06-07,ERP
100224,PROD-100224,Programmable context-sensitive solution,Hardware,Server,Microsoft,943.06,2818.23,Active,2026-04-17,2025-07-11,ERP
100225,PROD-100225,Re-engineered impactful definition,Security,Threat Protection,Citrix,80.22,3482.7,Active,2024-03-06,2026-07-02,ERP
100226,PROD-100226,Automated analyzing info-mediaries,Storage,SAN,HP,3717.8,3887.95,Active,2022-04-21,2026-06-18,ERP
100227,PROD-100227,Reverse-engineered grid-enabled portal,Software,Database,Lenovo,2128.17,1380.06,Active,2023-12-23,2026-02-26,ERP
100228,PROD-100228,Managed static matrices,Services,Training,Citrix,3895.34,2281.18,Active,2026-05-08,2025-08-10,ERP
100229,PROD-100229,Business-focused reciprocal hierarchy,Software,Operating System,HP,829.18,2480.91,Active,2023-09-09,2024-10-10,ERP
100230,PROD-100230,Customer-focused asynchronous projection,Software,Analytics,Adobe,3326.6,1955.51,Active,2023-02-24,2025-01-20,ERP
100231,PROD-100231,Realigned responsive hierarchy,Collaboration,Productivity,VMware,1117.07,2061.58,Active,2023-09-09,2026-01-28,ERP
100232,PROD-100232,Compatible attitude-oriented capacity,Services,Implementation,Dell,1452.07,2721.98,Active,2025-04-22,2025-11-02,ERP
100233,PROD-100233,Multi-tiered tangible portal,Collaboration,Voice,Microsoft,1141.57,3938.17,Active,2025-10-21,2024-08-04,ERP
100234,PROD-100234,Focused uniform standardization,Hardware,Laptop,Cisco,1542.03,864.66,Active,2021-10-16,2025-09-26,ERP
100235,PROD-100235,Adaptive demand-driven workforce,Cloud,AI,VMware,1674.21,55.73,Active,2024-07-03,2025-11-19,ERP
100236,PROD-100236,Mandatory static conglomeration,Storage,NAS,HP,1932.03,2822.09,Active,2024-03-09,2024-08-26,ERP
100237,PROD-100237,Realigned object-oriented encoding,Services,Consulting,Lenovo,4315.73,193.15,Active,2024-12-23,2025-12-12,ERP
100238,PROD-100238,Public-key impactful groupware,Hardware,Monitor,Dell,4317.44,2313.64,Active,2023-12-23,2025-01-29,ERP
100239,PROD-100239,Configurable intangible functionalities,Storage,Archive,VMware,620.11,107.9,Active,2024-07-21,2026-06-11,ERP
100240,PROD-100240,Grass-roots full-range array,Services,Support,Adobe,4168.53,3681.08,Active,2025-10-04,2025-07-29,ERP
100241,PROD-100241,Quality-focused heuristic matrix,Software,Office,Dell,1254.42,2365.76,Active,2024-10-28,2025-12-27,ERP
100242,PROD-100242,Synergistic heuristic conglomeration,Software,Office,VMware,3741.73,905.75,Active,2026-01-17,2026-06-23,ERP
100243,PROD-100243,Re-engineered upward-trending core,Cloud,Compute,Dell,2676.49,795.77,Active,2025-03-25,2024-09-21,ERP
100244,PROD-100244,Function-based object-oriented benchmark,Services,Training,HP,1219.53,607.12,Active,2024-09-24,2024-11-20,ERP
100245,PROD-100245,De-engineered attitude-oriented array,Networking,Switch,HP,3813.07,2630.65,Active,2023-02-23,2026-05-16,ERP
100246,PROD-100246,User-friendly regional system engine,Cloud,Networking,Adobe,3784.51,3045.51,Active,2025-12-12,2024-12-08,ERP
100247,PROD-100247,Function-based holistic migration,Collaboration,Voice,Citrix,797.24,296.44,Active,2023-03-13,2025-06-29,ERP
100248,PROD-100248,Balanced zero tolerance access,Collaboration,Voice,VMware,2977.53,1423.97,Active,2022-12-13,2026-05-04,ERP
100249,PROD-100249,Innovative client-server framework,Software,Analytics,Adobe,2286.97,251.14,Active,2022-09-19,2024-11-07,ERP
100250,PROD-100250,Synchronized explicit intranet,Security,Identity,Dell,3094.29,2040.59,Active,2026-03-04,2026-05-21,ERP
100251,PROD-100251,Mandatory impactful capability,Collaboration,Email,Adobe,4549.8,2297.34,Active,2025-09-09,2026-02-15,ERP
100252,PROD-100252,De-engineered bi-directional archive,Networking,Firewall,Adobe,2531.77,3831.95,Active,2021-12-12,2026-05-03,ERP
100253,PROD-100253,Innovative high-level system engine,Collaboration,Email,Citrix,4912.81,360.21,Active,2026-05-21,2025-07-04,ERP
100254,PROD-100254,Robust even-keeled standardization,Cloud,Compute,Cisco,3552.73,3964.17,Active,2022-12-09,2026-06-29,ERP
100255,PROD-100255,User-centric neutral support,Cloud,AI,Citrix,4593.79,1564.98,Active,2023-06-30,2026-04-24,ERP
100256,PROD-100256,Face-to-face 6thgeneration archive,Services,Consulting,Citrix,376.26,400.66,Active,2022-08-21,2024-08-23,ERP
100257,PROD-100257,Diverse non-volatile budgetary management,Storage,Backup,VMware,3632.48,2634.84,Active,2022-11-29,2025-03-22,ERP
100258,PROD-100258,Innovative impactful structure,Cloud,AI,Dell,2934.56,587.18,Active,2024-05-09,2025-03-15,ERP
100259,PROD-100259,Phased executive pricing structure,Services,Training,Lenovo,688.31,2842.62,Active,2024-02-12,2025-12-24,ERP
100260,PROD-100260,Profit-focused directional pricing structure,Software,Analytics,Lenovo,3235.29,1330.69,Active,2022-10-06,2026-04-17,ERP
100261,PROD-100261,Re-engineered explicit workforce,Cloud,Compute,Lenovo,2567.02,97.47,Active,2024-01-06,2025-09-17,ERP
100262,PROD-100262,Persistent content-based standardization,Security,Endpoint,Cisco,1741.58,3070.47,Active,2023-12-11,2024-10-29,ERP
100263,PROD-100263,Ameliorated bottom-line structure,Networking,Switch,HP,816.98,1200.77,Active,2026-06-27,2025-03-31,ERP
100264,PROD-100264,Team-oriented coherent data-warehouse,Software,Operating System,Citrix,4388.14,2481.68,Active,2022-08-06,2024-09-17,ERP
100265,PROD-100265,Fundamental upward-trending knowledgebase,Storage,NAS,HP,945.19,2779.06,Active,2022-04-18,2025-11-10,ERP
100266,PROD-100266,Synergized 5thgeneration monitoring,Cloud,Networking,Microsoft,2083.75,2713.54,Active,2023-08-22,2025-07-12,ERP
100267,PROD-100267,Secured analyzing service-desk,Networking,Wireless,VMware,3774.34,3140.61,Active,2023-05-18,2026-04-19,ERP
100268,PROD-100268,Multi-channeled bi-directional analyzer,Networking,Switch,VMware,4829.7,3142.87,Active,2022-08-17,2025-03-30,ERP
100269,PROD-100269,Multi-layered didactic process improvement,Networking,Firewall,Adobe,2335.32,1145.04,Active,2025-08-17,2025-08-26,ERP
100270,PROD-100270,Enterprise-wide fresh-thinking functionalities,Storage,Archive,HP,4093.61,3210.01,Active,2022-08-08,2025-08-20,ERP
100271,PROD-100271,Reverse-engineered object-oriented forecast,Cloud,AI,Microsoft,3223.84,3499.61,Active,2022-09-16,2026-04-28,ERP
100272,PROD-100272,Profound 24/7 attitude,Software,Operating System,VMware,465.18,662.24,Active,2022-06-16,2024-11-10,ERP
100273,PROD-100273,Cross-group intermediate monitoring,Collaboration,Meetings,Lenovo,503.98,3644.26,Active,2024-10-27,2024-10-29,ERP
100274,PROD-100274,Diverse 4thgeneration Graphical User Interface,Collaboration,Voice,Microsoft,2103.74,1600.9,Active,2024-03-16,2025-07-25,ERP
100275,PROD-100275,Business-focused human-resource middleware,Services,Support,Lenovo,4972.9,1515.28,Active,2025-08-15,2026-06-24,ERP
100276,PROD-100276,Fully-configurable motivating strategy,Hardware,Server,Dell,4203.92,2608.59,Active,2026-03-03,2025-09-19,ERP
100277,PROD-100277,Seamless 24/7 groupware,Cloud,Storage,Microsoft,1470.05,3323.3,Active,2021-12-07,2025-07-30,ERP
100278,PROD-100278,Triple-buffered uniform approach,Cloud,Networking,Adobe,3095.97,3625.78,Active,2021-10-01,2024-12-28,ERP
100279,PROD-100279,Vision-oriented 6thgeneration flexibility,Hardware,Server,Cisco,4183.07,2206.5,Active,2024-06-21,2025-03-10,ERP
100280,PROD-100280,Enterprise-wide optimizing array,Storage,SAN,VMware,1226.32,509.35,Active,2023-02-13,2025-07-01,ERP
100281,PROD-100281,Integrated real-time approach,Networking,Wireless,Adobe,360.9,3350.83,Active,2025-07-21,2026-02-23,ERP
100282,PROD-100282,Inverse intermediate array,Collaboration,Email,Cisco,3606.79,1182.81,Active,2025-04-24,2024-08-26,ERP
100283,PROD-100283,Customizable maximized groupware,Hardware,Server,Cisco,2874.79,769.57,Active,2022-03-08,2025-08-14,ERP
100284,PROD-100284,Vision-oriented national matrices,Software,Analytics,Dell,4769.35,2187.73,Active,2025-04-24,2025-04-24,ERP
100285,PROD-100285,Vision-oriented full-range focus group,Hardware,Monitor,Adobe,265.5,1562.85,Active,2021-11-28,2025-04-10,ERP
100286,PROD-100286,Multi-layered local encryption,Services,Training,Microsoft,1817.61,293.55,Active,2022-09-15,2025-03-15,ERP
100287,PROD-100287,Team-oriented 24/7 algorithm,Networking,Router,Citrix,710.38,1425.39,Active,2026-03-03,2025-06-24,ERP
100288,PROD-100288,Innovative context-sensitive open architecture,Services,Support,Adobe,4905.05,1927.16,Active,2026-07-20,2025-02-18,ERP
100289,PROD-100289,Proactive leadingedge application,Cloud,Storage,Dell,3594.42,3775.83,Active,2025-10-03,2025-03-09,ERP
100290,PROD-100290,User-friendly full-range frame,Hardware,Server,Cisco,266.84,817.89,Active,2025-05-09,2026-06-25,ERP
100291,PROD-100291,Re-engineered bi-directional knowledge user,Hardware,Server,VMware,2601.15,3956.76,Active,2023-08-20,2025-05-01,ERP
100292,PROD-100292,Organized grid-enabled workforce,Collaboration,Voice,Microsoft,3778.79,784.64,Active,2024-04-26,2026-06-21,ERP
100293,PROD-100293,Face-to-face upward-trending strategy,Services,Consulting,Citrix,1402.42,3202.39,Active,2022-08-05,2025-11-19,ERP
100294,PROD-100294,Synergized 4thgeneration budgetary management,Storage,Archive,Adobe,4478.46,1561.91,Active,2026-07-15,2024-09-30,ERP
100295,PROD-100295,Cloned real-time utilization,Cloud,Networking,Adobe,1868.37,3194.23,Active,2025-09-07,2025-05-04,ERP
100296,PROD-100296,Right-sized coherent superstructure,Security,Identity,Lenovo,440.69,2419.75,Active,2025-12-09,2026-07-08,ERP
100297,PROD-100297,Intuitive cohesive knowledgebase,Cloud,AI,Citrix,557.86,1328.48,Active,2023-06-27,2025-02-13,ERP
100298,PROD-100298,Reduced needs-based application,Security,Threat Protection,Adobe,3032.98,1718.81,Active,2025-08-01,2025-02-01,ERP
100299,PROD-100299,Extended static framework,Collaboration,Voice,Adobe,259.66,3483.4,Active,2022-02-02,2025-06-19,ERP
100300,PROD-100300,Visionary bandwidth-monitored middleware,Services,Implementation,VMware,3215.37,3171.12,Active,2023-05-25,2026-03-23,ERP
100301,PROD-100301,Networked hybrid policy,Hardware,Laptop,Lenovo,1848.39,3209.36,Active,2025-05-17,2024-12-05,ERP
100302,PROD-100302,Visionary composite encoding,Cloud,Compute,HP,4250.91,2720.4,Active,2023-11-03,2024-10-30,ERP
100303,PROD-100303,Function-based object-oriented workforce,Collaboration,Email,HP,382.81,3119.6,Active,2022-03-06,2025-07-11,ERP
100304,PROD-100304,Organic 6thgeneration contingency,Services,Training,Lenovo,4749.86,153.73,Active,2021-10-03,2025-06-19,ERP
100305,PROD-100305,Networked 3rdgeneration moratorium,Cloud,Networking,Citrix,1891.47,3058.26,Active,2023-07-21,2024-08-12,ERP
100306,PROD-100306,Enhanced well-modulated knowledgebase,Cloud,AI,Lenovo,1606.21,1132.79,Active,2025-12-21,2026-07-12,ERP
100307,PROD-100307,Open-architected holistic hardware,Software,Operating System,HP,2520.27,1563.27,Active,2024-03-23,2026-02-27,ERP
100308,PROD-100308,Implemented client-driven access,Software,Analytics,VMware,3534.99,877.92,Active,2022-07-23,2026-03-24,ERP
100309,PROD-100309,Profit-focused analyzing service-desk,Security,Encryption,Cisco,657.06,3414.98,Active,2026-03-27,2025-08-13,ERP
100310,PROD-100310,Visionary bottom-line strategy,Collaboration,Meetings,Adobe,4986.45,3246.79,Active,2021-10-25,2025-09-27,ERP
100311,PROD-100311,Virtual coherent analyzer,Services,Training,Dell,2772.49,1179.19,Active,2022-01-21,2025-01-20,ERP
100312,PROD-100312,Mandatory mobile throughput,Security,Endpoint,HP,3978.8,2047.3,Active,2024-03-26,2026-01-27,ERP
100313,PROD-100313,Automated holistic knowledgebase,Software,Database,HP,1221.84,1988.74,Active,2022-09-23,2025-07-17,ERP
100314,PROD-100314,Mandatory web-enabled middleware,Services,Training,Adobe,4028.13,2217.8,Active,2024-12-05,2025-10-27,ERP
100315,PROD-100315,Innovative uniform orchestration,Software,Operating System,VMware,2020.89,2874.81,Active,2023-06-26,2025-10-20,ERP
100316,PROD-100316,Total next generation approach,Collaboration,Productivity,Lenovo,4125.53,318.16,Active,2025-12-24,2024-10-09,ERP
100317,PROD-100317,Enhanced dedicated task-force,Services,Consulting,Adobe,2355.87,2081.51,Active,2025-12-21,2025-08-21,ERP
100318,PROD-100318,Phased actuating monitoring,Cloud,Storage,HP,2191.46,3645.08,Active,2023-04-04,2026-03-19,ERP
100319,PROD-100319,Fully-configurable bottom-line moratorium,Hardware,Laptop,HP,1555.42,668.82,Active,2025-02-24,2025-06-10,ERP
100320,PROD-100320,Function-based 5thgeneration project,Networking,Firewall,VMware,4237.37,1021.16,Active,2026-03-21,2026-07-09,ERP
100321,PROD-100321,Optional exuding info-mediaries,Security,Endpoint,VMware,3091.42,396.38,Active,2024-11-12,2024-11-29,ERP
100322,PROD-100322,Networked responsive knowledgebase,Cloud,Storage,HP,3310.73,2889.52,Active,2026-07-26,2025-07-09,ERP
100323,PROD-100323,Grass-roots incremental structure,Services,Consulting,Microsoft,452.05,3795.47,Active,2025-05-23,2025-08-20,ERP
100324,PROD-100324,Enterprise-wide bi-directional access,Security,Endpoint,Lenovo,3109.64,145.39,Active,2023-10-20,2026-05-02,ERP
100325,PROD-100325,Configurable 4thgeneration Local Area Network,Security,Threat Protection,Adobe,1262.15,3234.21,Active,2022-08-16,2025-10-15,ERP
100326,PROD-100326,Persistent encompassing interface,Storage,Backup,Adobe,411.22,263.15,Active,2025-12-24,2024-09-11,ERP
100327,PROD-100327,Optimized systemic software,Collaboration,Productivity,Adobe,2348.99,1377.27,Active,2024-02-27,2026-07-29,ERP
100328,PROD-100328,Future-proofed motivating initiative,Cloud,AI,Citrix,3684.29,3446.59,Active,2024-11-16,2025-08-09,ERP
100329,PROD-100329,Assimilated non-volatile ability,Storage,NAS,Citrix,2599.15,447.08,Active,2023-09-03,2024-10-22,ERP
100330,PROD-100330,Open-architected bandwidth-monitored concept,Networking,Wireless,Dell,1373.98,1010.48,Active,2022-09-14,2026-06-25,ERP
100331,PROD-100331,Team-oriented next generation productivity,Software,Operating System,VMware,4729.66,3460.05,Active,2025-01-29,2025-10-17,ERP
100332,PROD-100332,Reactive attitude-oriented adapter,Storage,NAS,HP,4076.72,3736.66,Active,2021-08-25,2025-09-17,ERP
100333,PROD-100333,Implemented clear-thinking throughput,Services,Support,HP,2516.41,2071.03,Active,2025-04-30,2025-12-12,ERP
100334,PROD-100334,Front-line local structure,Collaboration,Voice,Adobe,164.72,3782.3,Active,2025-12-08,2026-04-26,ERP
100335,PROD-100335,Cross-group 6thgeneration project,Collaboration,Meetings,Cisco,2937.55,218.42,Active,2024-05-07,2025-11-10,ERP
100336,PROD-100336,Polarized fresh-thinking artificial intelligence,Security,Encryption,Adobe,1464.45,57.51,Active,2022-12-27,2025-04-13,ERP
100337,PROD-100337,Programmable empowering Graphic Interface,Software,Office,HP,4418.16,2916.84,Active,2024-09-18,2026-06-09,ERP
100338,PROD-100338,Total 3rdgeneration throughput,Storage,Backup,Microsoft,2032.88,2291.87,Active,2024-12-14,2025-10-22,ERP
100339,PROD-100339,Advanced systematic ability,Networking,Firewall,VMware,413.98,2029.42,Active,2021-10-07,2025-12-02,ERP
100340,PROD-100340,Automated mobile project,Security,Identity,HP,4876.66,1590.77,Active,2025-06-29,2026-06-24,ERP
100341,PROD-100341,Phased modular artificial intelligence,Services,Training,HP,1035.34,2048.76,Active,2023-07-02,2025-01-12,ERP
100342,PROD-100342,Diverse holistic policy,Hardware,Laptop,Microsoft,728.33,1348.84,Active,2025-02-19,2026-03-18,ERP
100343,PROD-100343,Reduced next generation analyzer,Collaboration,Productivity,HP,3050.99,2074.14,Active,2022-02-05,2026-07-21,ERP
100344,PROD-100344,Self-enabling global function,Services,Training,HP,1995.13,2475.59,Active,2023-02-19,2026-07-11,ERP
100345,PROD-100345,Multi-channeled dedicated superstructure,Security,Threat Protection,Adobe,3558.26,1216.67,Active,2022-07-10,2025-09-03,ERP
100346,PROD-100346,De-engineered demand-driven archive,Hardware,Server,Citrix,3385.34,3920.09,Active,2025-04-08,2025-03-31,ERP
100347,PROD-100347,Polarized zero-defect support,Security,Identity,Adobe,1364.38,2630.97,Active,2024-05-27,2024-10-13,ERP
100348,PROD-100348,Distributed multimedia project,Networking,Router,Adobe,894.03,2525.38,Active,2025-07-01,2026-03-22,ERP
100349,PROD-100349,Reactive object-oriented matrix,Storage,NAS,Cisco,206.27,3794.12,Active,2023-02-24,2024-10-24,ERP
100350,PROD-100350,User-friendly modular complexity,Software,Database,Microsoft,2233.14,1689.65,Active,2024-03-09,2025-09-12,ERP
100351,PROD-100351,Devolved stable concept,Storage,NAS,Lenovo,2534.01,2455.63,Active,2022-08-20,2026-07-03,ERP
100352,PROD-100352,Networked object-oriented paradigm,Collaboration,Email,HP,2617.48,2254.52,Active,2024-08-24,2025-09-18,ERP
100353,PROD-100353,Robust solution-oriented ability,Collaboration,Productivity,Citrix,4785.59,1852.16,Active,2026-06-14,2026-01-12,ERP
100354,PROD-100354,Inverse real-time contingency,Services,Training,VMware,3069.88,789.25,Active,2023-03-13,2025-11-26,ERP
100355,PROD-100355,Front-line radical superstructure,Networking,Firewall,VMware,1163.09,3892.32,Active,2023-02-09,2026-07-18,ERP
100356,PROD-100356,Realigned human-resource knowledgebase,Security,Threat Protection,Cisco,3466.69,1968.79,Active,2024-10-22,2025-03-25,ERP
100357,PROD-100357,Programmable impactful task-force,Collaboration,Voice,VMware,1474.56,2304.57,Active,2023-09-08,2024-12-12,ERP
100358,PROD-100358,Triple-buffered multi-tasking conglomeration,Storage,Archive,Citrix,4775.31,3223.35,Active,2026-06-23,2025-06-30,ERP
100359,PROD-100359,Public-key foreground customer loyalty,Security,Identity,VMware,4778.8,339.14,Active,2026-07-12,2026-04-30,ERP
100360,PROD-100360,Streamlined bifurcated core,Collaboration,Voice,Adobe,1109.23,3316.11,Active,2024-11-19,2025-07-01,ERP
100361,PROD-100361,Centralized hybrid framework,Security,Threat Protection,HP,590.67,2970.04,Active,2025-03-16,2026-06-24,ERP
100362,PROD-100362,Ergonomic web-enabled capacity,Networking,Switch,Microsoft,3365.68,2135.89,Active,2025-03-19,2025-07-23,ERP
100363,PROD-100363,Grass-roots 4thgeneration software,Networking,Router,Dell,2095.84,2876.5,Active,2026-04-22,2025-12-21,ERP
100364,PROD-100364,Object-based coherent architecture,Software,Database,Microsoft,4824.37,3912.2,Active,2026-03-23,2024-12-14,ERP
100365,PROD-100365,Organized scalable adapter,Cloud,Networking,Adobe,2413.37,817.84,Active,2023-05-19,2025-07-26,ERP
100366,PROD-100366,Triple-buffered didactic circuit,Security,Threat Protection,VMware,3247.19,3634.05,Active,2024-07-11,2025-05-26,ERP
100367,PROD-100367,Visionary mobile groupware,Software,Database,Microsoft,4570.49,720.88,Active,2021-09-13,2025-06-14,ERP
100368,PROD-100368,Progressive well-modulated moderator,Cloud,Compute,Lenovo,3950.41,765.59,Active,2021-08-31,2025-01-12,ERP
100369,PROD-100369,Assimilated 3rdgeneration product,Security,Identity,Microsoft,1527.04,2421.06,Active,2024-04-10,2024-11-23,ERP
100370,PROD-100370,Inverse static matrix,Services,Training,Adobe,4946.04,2184.62,Active,2021-12-17,2025-12-27,ERP
100371,PROD-100371,Mandatory 5thgeneration access,Collaboration,Meetings,Adobe,1400.54,3240.04,Active,2024-12-03,2025-09-07,ERP
100372,PROD-100372,Down-sized zero administration extranet,Services,Support,Adobe,3259.01,2881.43,Active,2025-11-24,2024-09-13,ERP
100373,PROD-100373,Integrated 4thgeneration emulation,Hardware,Server,VMware,2860.52,3035.2,Active,2023-09-01,2024-08-12,ERP
100374,PROD-100374,Sharable impactful pricing structure,Cloud,Networking,Lenovo,2600.64,369.78,Active,2023-07-23,2024-08-03,ERP
100375,PROD-100375,Proactive fault-tolerant capability,Software,Database,HP,2413.4,3744.91,Active,2024-08-12,2025-10-22,ERP
100376,PROD-100376,Sharable fresh-thinking migration,Hardware,Server,Lenovo,1215.83,3021.18,Active,2024-10-25,2025-07-27,ERP
100377,PROD-100377,Multi-tiered intangible knowledgebase,Services,Training,Microsoft,1344.69,1454.22,Active,2021-09-08,2026-04-17,ERP
100378,PROD-100378,Vision-oriented value-added hub,Networking,Router,Dell,2353.71,659.87,Active,2026-05-11,2025-06-09,ERP
100379,PROD-100379,Extended fault-tolerant emulation,Security,Identity,VMware,1869.34,902.88,Active,2022-08-27,2025-05-08,ERP
100380,PROD-100380,Re-engineered upward-trending structure,Cloud,Networking,HP,2302.14,3955.63,Active,2024-01-12,2025-11-19,ERP
100381,PROD-100381,Up-sized mission-critical complexity,Services,Implementation,Adobe,3798.89,3212.93,Active,2022-07-17,2026-06-09,ERP
100382,PROD-100382,Reverse-engineered cohesive access,Networking,Switch,Dell,2651.26,2124.49,Active,2024-07-29,2025-08-26,ERP
100383,PROD-100383,Multi-channeled holistic moderator,Services,Consulting,Dell,355.7,2201.91,Active,2022-05-25,2026-03-26,ERP
100384,PROD-100384,Face-to-face reciprocal adapter,Networking,Switch,HP,1674.18,2093.36,Active,2024-04-15,2025-11-22,ERP
100385,PROD-100385,Organized 5thgeneration analyzer,Software,Database,Adobe,500.16,2053.74,Active,2023-12-01,2025-05-09,ERP
100386,PROD-100386,Managed homogeneous software,Hardware,Monitor,HP,2590.58,1840.77,Active,2023-11-21,2026-03-29,ERP
100387,PROD-100387,Adaptive executive extranet,Hardware,Monitor,VMware,3630.24,1598.9,Active,2026-05-03,2026-07-21,ERP
100388,PROD-100388,Customer-focused 5thgeneration hardware,Hardware,Desktop,Dell,274.18,1394.5,Active,2024-12-17,2025-09-08,ERP
100389,PROD-100389,Pre-emptive secondary matrix,Software,Operating System,Dell,4931.38,1901.48,Active,2026-01-22,2026-05-04,ERP
100390,PROD-100390,Right-sized multi-tasking application,Security,Encryption,HP,3856.41,3069.17,Active,2023-06-19,2026-06-01,ERP
100391,PROD-100391,Cross-platform eco-centric time-frame,Storage,Backup,Lenovo,2270.26,3670.53,Active,2023-04-28,2026-03-10,ERP
100392,PROD-100392,Digitized foreground flexibility,Storage,Archive,Dell,3429.52,2655.63,Active,2025-07-09,2024-10-18,ERP
100393,PROD-100393,Advanced web-enabled initiative,Cloud,AI,Dell,933.44,2160.6,Active,2024-06-07,2024-08-20,ERP
100394,PROD-100394,Versatile full-range function,Cloud,Storage,Microsoft,3793.09,3914.5,Active,2024-06-14,2025-11-20,ERP
100395,PROD-100395,Seamless leadingedge array,Collaboration,Productivity,Lenovo,4125.63,1008.86,Active,2022-06-14,2026-05-13,ERP
100396,PROD-100396,Down-sized motivating flexibility,Services,Support,VMware,982.98,3503.95,Active,2023-07-08,2025-08-12,ERP
100397,PROD-100397,Vision-oriented leadingedge project,Software,Operating System,Lenovo,3093.87,3746.55,Active,2021-09-20,2024-10-28,ERP
100398,PROD-100398,Synergized motivating instruction set,Hardware,Desktop,Cisco,383.09,2385.93,Active,2022-05-27,2024-08-18,ERP
100399,PROD-100399,Monitored optimizing support,Collaboration,Email,Cisco,3715.68,1624.0,Active,2023-01-08,2024-08-29,ERP
100400,PROD-100400,Universal dynamic project,Networking,Switch,Microsoft,743.67,3974.1,Active,2024-07-22,2026-07-29,ERP
100401,PROD-100401,Seamless cohesive monitoring,Networking,Firewall,Citrix,1222.67,3508.13,Active,2024-03-14,2025-11-29,ERP
100402,PROD-100402,Progressive local budgetary management,Networking,Wireless,VMware,1412.01,2237.95,Active,2024-01-23,2026-05-27,ERP
100403,PROD-100403,Front-line heuristic analyzer,Cloud,Networking,Adobe,282.08,1394.05,Active,2024-08-09,2026-05-10,ERP
100404,PROD-100404,Enterprise-wide background access,Storage,Backup,Lenovo,2070.88,1217.06,Active,2022-03-21,2025-12-05,ERP
100405,PROD-100405,Innovative composite approach,Cloud,Networking,Cisco,4254.24,1220.43,Active,2025-07-05,2024-11-06,ERP
100406,PROD-100406,Exclusive coherent application,Cloud,Networking,Microsoft,2833.81,3871.95,Active,2022-07-06,2026-03-14,ERP
100407,PROD-100407,Adaptive bifurcated encryption,Cloud,Networking,Cisco,1312.23,1337.8,Active,2023-11-24,2025-11-21,ERP
100408,PROD-100408,Customizable tangible focus group,Software,Office,Citrix,507.7,2905.22,Active,2025-07-10,2025-06-06,ERP
100409,PROD-100409,Face-to-face clear-thinking artificial intelligence,Networking,Router,VMware,1916.98,2429.75,Active,2021-08-26,2024-09-23,ERP
100410,PROD-100410,Secured zero administration open architecture,Hardware,Laptop,Cisco,4033.02,2360.65,Active,2022-09-08,2025-09-29,ERP
100411,PROD-100411,Integrated interactive solution,Networking,Wireless,Cisco,4353.9,1348.53,Active,2024-08-23,2024-10-26,ERP
100412,PROD-100412,Cloned 6thgeneration structure,Hardware,Desktop,Cisco,4812.28,491.33,Active,2024-06-24,2025-05-03,ERP
100413,PROD-100413,Advanced bandwidth-monitored model,Collaboration,Meetings,Cisco,2013.33,976.34,Active,2022-08-05,2025-07-05,ERP
100414,PROD-100414,Cross-group composite attitude,Services,Training,Lenovo,2357.94,2603.67,Active,2023-04-25,2026-04-01,ERP
100415,PROD-100415,Integrated non-volatile process improvement,Security,Threat Protection,Citrix,2588.44,2001.68,Active,2023-09-09,2026-01-23,ERP
100416,PROD-100416,Proactive heuristic secured line,Software,Office,Citrix,4575.94,1498.55,Active,2026-07-02,2026-04-01,ERP
100417,PROD-100417,Intuitive tertiary intranet,Storage,SAN,Cisco,3719.2,89.47,Active,2022-09-09,2024-08-04,ERP
100418,PROD-100418,Cloned background protocol,Storage,Backup,HP,1021.15,939.32,Active,2025-12-03,2025-10-31,ERP
100419,PROD-100419,Innovative mobile benchmark,Networking,Wireless,Citrix,1323.77,3290.83,Active,2023-07-26,2025-07-10,ERP
100420,PROD-100420,Distributed coherent complexity,Collaboration,Productivity,HP,3677.22,1424.9,Active,2021-08-30,2024-08-11,ERP
100421,PROD-100421,Organic coherent budgetary management,Cloud,Networking,HP,4588.65,2179.99,Active,2024-12-22,2025-09-01,ERP
100422,PROD-100422,Synergistic neutral function,Hardware,Laptop,Dell,4728.68,2681.16,Active,2023-05-28,2025-01-03,ERP
100423,PROD-100423,Profound incremental frame,Hardware,Monitor,HP,4220.6,944.95,Active,2024-08-22,2024-08-08,ERP
100424,PROD-100424,Persevering optimizing data-warehouse,Cloud,Compute,Cisco,2553.38,1508.47,Active,2022-02-02,2025-07-09,ERP
100425,PROD-100425,Customer-focused mission-critical algorithm,Collaboration,Productivity,Microsoft,82.73,2217.78,Active,2024-03-09,2025-12-14,ERP
100426,PROD-100426,Fundamental directional matrix,Hardware,Laptop,VMware,2701.9,1164.59,Active,2024-09-10,2025-01-19,ERP
100427,PROD-100427,Reverse-engineered global help-desk,Storage,NAS,Dell,4594.34,2109.43,Active,2025-02-18,2026-05-24,ERP
100428,PROD-100428,Intuitive modular synergy,Networking,Switch,VMware,4085.31,1087.62,Active,2024-01-26,2026-06-28,ERP
100429,PROD-100429,Self-enabling bi-directional parallelism,Storage,SAN,Citrix,4798.52,1849.52,Active,2026-03-26,2025-12-01,ERP
100430,PROD-100430,User-friendly well-modulated firmware,Networking,Switch,VMware,3436.01,3395.27,Active,2023-09-20,2025-04-08,ERP
100431,PROD-100431,Business-focused system-worthy model,Hardware,Laptop,Lenovo,1927.36,2221.99,Active,2024-06-25,2024-12-22,ERP
100432,PROD-100432,Sharable exuding throughput,Hardware,Laptop,HP,459.3,3385.19,Active,2022-03-02,2026-03-31,ERP
100433,PROD-100433,Upgradable contextually-based model,Services,Consulting,Microsoft,1187.34,3607.56,Active,2021-12-27,2025-06-12,ERP
100434,PROD-100434,Face-to-face static software,Collaboration,Voice,Microsoft,4624.59,2745.6,Active,2022-12-25,2025-07-19,ERP
100435,PROD-100435,Devolved well-modulated focus group,Security,Identity,HP,4647.39,1275.08,Active,2026-01-10,2024-11-13,ERP
100436,PROD-100436,Polarized next generation alliance,Networking,Switch,Lenovo,4647.93,1214.63,Active,2022-07-28,2024-12-12,ERP
100437,PROD-100437,Proactive composite initiative,Networking,Wireless,Citrix,1950.04,2965.49,Active,2024-03-30,2025-02-01,ERP
100438,PROD-100438,Horizontal encompassing focus group,Software,Analytics,Microsoft,533.54,947.77,Active,2022-11-28,2025-08-29,ERP
100439,PROD-100439,Object-based regional algorithm,Software,Analytics,Lenovo,4846.16,1322.35,Active,2023-12-20,2026-03-09,ERP
100440,PROD-100440,Public-key interactive info-mediaries,Security,Encryption,Adobe,1179.29,2223.32,Active,2024-10-07,2025-04-14,ERP
100441,PROD-100441,Managed leadingedge productivity,Storage,Archive,HP,3414.49,2651.17,Active,2023-11-14,2025-09-29,ERP
100442,PROD-100442,Assimilated foreground ability,Software,Analytics,Cisco,3579.89,351.1,Active,2025-10-17,2026-01-31,ERP
100443,PROD-100443,Monitored methodical standardization,Cloud,Networking,HP,3711.29,1283.8,Active,2022-07-11,2024-11-21,ERP
100444,PROD-100444,Vision-oriented systemic task-force,Software,Operating System,Microsoft,4717.65,1792.83,Active,2023-05-16,2025-12-22,ERP
100445,PROD-100445,Inverse non-volatile conglomeration,Security,Identity,HP,482.12,1738.14,Active,2022-11-04,2026-05-09,ERP
100446,PROD-100446,Front-line multimedia info-mediaries,Storage,SAN,Microsoft,493.61,2228.02,Active,2022-02-07,2025-08-06,ERP
100447,PROD-100447,Versatile neutral leverage,Services,Implementation,Microsoft,1494.64,1566.5,Active,2022-02-25,2024-12-05,ERP
100448,PROD-100448,Assimilated web-enabled ability,Software,Database,HP,3442.31,698.77,Active,2026-07-31,2024-12-27,ERP
100449,PROD-100449,Extended attitude-oriented portal,Security,Threat Protection,VMware,2490.96,276.49,Active,2023-08-29,2025-10-23,ERP
100450,PROD-100450,Networked stable groupware,Storage,Backup,Lenovo,1533.77,3136.1,Active,2023-09-19,2025-08-08,ERP
100451,PROD-100451,Re-engineered maximized capacity,Services,Training,Cisco,3618.45,1995.81,Active,2023-01-05,2025-08-20,ERP
100452,PROD-100452,Ameliorated eco-centric circuit,Networking,Wireless,Dell,720.67,51.9,Active,2025-12-11,2026-07-11,ERP
100453,PROD-100453,Enterprise-wide zero tolerance project,Storage,Backup,Lenovo,4030.18,1334.93,Active,2022-03-03,2024-09-28,ERP
100454,PROD-100454,Virtual zero administration matrix,Services,Implementation,HP,1537.15,2422.76,Active,2025-09-24,2025-09-20,ERP
100455,PROD-100455,Streamlined motivating algorithm,Networking,Wireless,Citrix,929.3,1608.0,Active,2025-12-01,2026-06-15,ERP
100456,PROD-100456,Reactive transitional monitoring,Services,Training,Adobe,4840.43,3133.35,Active,2023-12-12,2024-09-27,ERP
100457,PROD-100457,Up-sized incremental Local Area Network,Services,Implementation,VMware,4091.65,1586.92,Active,2025-07-01,2025-06-09,ERP
100458,PROD-100458,Object-based zero tolerance knowledgebase,Software,Database,HP,3424.48,2211.64,Active,2023-08-22,2024-10-17,ERP
100459,PROD-100459,Re-contextualized mission-critical structure,Collaboration,Meetings,Adobe,3998.54,3329.35,Active,2022-02-08,2024-11-25,ERP
100460,PROD-100460,Synergized impactful groupware,Software,Office,Adobe,738.94,1228.76,Active,2022-09-12,2025-11-11,ERP
100461,PROD-100461,Managed human-resource complexity,Security,Endpoint,Lenovo,3955.93,319.01,Active,2026-04-09,2025-10-27,ERP
100462,PROD-100462,Fundamental reciprocal attitude,Collaboration,Productivity,Lenovo,2741.04,3168.12,Active,2024-02-13,2026-02-02,ERP
100463,PROD-100463,Up-sized foreground software,Services,Consulting,Dell,3856.32,2638.97,Active,2025-03-14,2026-02-17,ERP
100464,PROD-100464,Cross-platform optimizing leverage,Services,Support,Microsoft,2837.94,2589.0,Active,2024-09-19,2026-06-06,ERP
100465,PROD-100465,Reduced tertiary synergy,Storage,Backup,Lenovo,574.43,416.96,Active,2021-10-24,2025-12-22,ERP
100466,PROD-100466,Object-based bottom-line support,Networking,Switch,Adobe,1901.89,1865.68,Active,2023-10-28,2025-11-15,ERP
100467,PROD-100467,Down-sized 24hour challenge,Cloud,AI,Microsoft,2439.72,1199.34,Active,2022-04-14,2026-02-15,ERP
100468,PROD-100468,Fully-configurable asynchronous infrastructure,Software,Operating System,HP,1774.23,1388.69,Active,2021-12-11,2026-05-30,ERP
100469,PROD-100469,Right-sized tertiary complexity,Networking,Wireless,Citrix,2407.0,1766.71,Active,2024-10-03,2025-03-31,ERP
100470,PROD-100470,Programmable modular portal,Collaboration,Voice,Dell,1536.31,3245.49,Active,2022-05-16,2025-07-14,ERP
100471,PROD-100471,Switchable encompassing flexibility,Software,Operating System,Citrix,3257.45,2716.63,Active,2022-12-24,2024-11-16,ERP
100472,PROD-100472,Re-contextualized heuristic help-desk,Cloud,Storage,HP,2781.96,1340.68,Active,2022-02-27,2026-01-19,ERP
100473,PROD-100473,Adaptive attitude-oriented emulation,Storage,Archive,Cisco,3998.89,2528.3,Active,2024-11-11,2025-07-23,ERP
100474,PROD-100474,Synergized empowering archive,Cloud,Networking,Lenovo,194.5,2466.08,Active,2022-07-22,2026-04-21,ERP
100475,PROD-100475,Innovative multi-tasking frame,Networking,Wireless,Lenovo,1974.74,2826.32,Active,2021-11-09,2026-05-02,ERP
100476,PROD-100476,Polarized national framework,Networking,Firewall,Dell,2907.87,3203.02,Active,2023-10-29,2025-06-30,ERP
100477,PROD-100477,User-centric heuristic paradigm,Cloud,AI,Citrix,1025.52,477.97,Active,2024-04-08,2025-04-14,ERP
100478,PROD-100478,Object-based homogeneous customer loyalty,Collaboration,Voice,Lenovo,3075.98,2358.34,Active,2023-06-23,2025-11-15,ERP
100479,PROD-100479,Synergized scalable synergy,Services,Training,Adobe,3105.95,3259.61,Active,2022-03-10,2024-10-11,ERP
100480,PROD-100480,Face-to-face 3rdgeneration migration,Security,Identity,HP,1600.27,973.33,Active,2021-11-22,2024-09-01,ERP
100481,PROD-100481,Extended leadingedge hub,Software,Database,Citrix,3482.51,2055.53,Active,2025-05-06,2025-05-29,ERP
100482,PROD-100482,Multi-tiered non-volatile synergy,Storage,NAS,Lenovo,2144.04,1959.51,Active,2024-04-17,2024-12-17,ERP
100483,PROD-100483,Automated 24/7 matrices,Cloud,Storage,Adobe,1479.73,768.72,Active,2025-04-15,2024-10-08,ERP
100484,PROD-100484,Profound multi-tasking firmware,Collaboration,Email,Citrix,4761.62,1951.32,Active,2021-09-14,2024-10-28,ERP
100485,PROD-100485,Triple-buffered encompassing collaboration,Networking,Wireless,Adobe,2075.22,1979.61,Active,2026-03-20,2026-03-01,ERP
100486,PROD-100486,Adaptive optimizing success,Collaboration,Productivity,HP,459.22,147.67,Active,2022-05-15,2026-06-29,ERP
100487,PROD-100487,Grass-roots optimal knowledge user,Networking,Firewall,Microsoft,1410.52,2161.99,Active,2023-04-05,2025-02-24,ERP
100488,PROD-100488,Devolved encompassing monitoring,Cloud,Networking,Adobe,2771.14,475.01,Active,2021-08-29,2025-08-08,ERP
100489,PROD-100489,Intuitive methodical ability,Software,Analytics,Citrix,2733.11,3033.23,Active,2025-05-08,2026-07-25,ERP
100490,PROD-100490,Synergized incremental website,Collaboration,Meetings,Lenovo,556.96,3324.53,Active,2023-07-02,2024-09-25,ERP
100491,PROD-100491,Intuitive mission-critical capability,Networking,Firewall,Microsoft,2276.18,1410.59,Active,2025-07-04,2025-11-12,ERP
100492,PROD-100492,Total stable software,Software,Office,Dell,3889.38,966.86,Active,2023-04-14,2026-02-19,ERP
100493,PROD-100493,Digitized fresh-thinking interface,Services,Implementation,HP,3099.95,3144.78,Active,2026-05-29,2025-12-23,ERP
100494,PROD-100494,Realigned impactful Graphic Interface,Networking,Router,Citrix,2684.79,2397.51,Active,2023-08-17,2026-02-03,ERP
100495,PROD-100495,Adaptive directional portal,Cloud,AI,VMware,1482.2,1087.69,Active,2022-01-05,2025-09-20,ERP
100496,PROD-100496,Proactive solution-oriented structure,Software,Database,Lenovo,4597.91,3970.13,Active,2024-03-07,2024-11-21,ERP
100497,PROD-100497,Ergonomic mobile Local Area Network,Cloud,Storage,Cisco,773.91,1305.33,Active,2021-10-15,2025-05-18,ERP
100498,PROD-100498,Robust client-server task-force,Networking,Wireless,Adobe,753.75,2538.8,Active,2025-01-22,2026-07-01,ERP
100499,PROD-100499,Organized intangible interface,Storage,Archive,Adobe,423.81,3183.53,Active,2025-09-30,2025-01-11,ERP
100500,PROD-100500,Fully-configurable human-resource extranet,Software,Office,VMware,3488.78,3512.34,Active,2022-10-26,2026-02-21,ERP
100501,PROD-100501,Self-enabling 6thgeneration hierarchy,Collaboration,Productivity,Citrix,2930.68,3478.91,Active,2022-04-12,2026-02-11,ERP
100502,PROD-100502,Realigned object-oriented Graphic Interface,Software,Office,Citrix,4258.03,3187.82,Active,2024-04-29,2024-09-13,ERP
100503,PROD-100503,Virtual local paradigm,Storage,NAS,Lenovo,4133.0,1991.49,Active,2022-06-04,2025-04-15,ERP
100504,PROD-100504,Enhanced directional circuit,Services,Training,Citrix,2759.19,544.11,Active,2026-02-19,2025-09-09,ERP
100505,PROD-100505,Profound local encoding,Collaboration,Voice,Microsoft,277.42,2514.06,Active,2023-04-21,2025-11-20,ERP
100506,PROD-100506,Compatible needs-based process improvement,Collaboration,Email,Dell,4650.69,652.98,Active,2025-04-04,2025-10-21,ERP
100507,PROD-100507,Decentralized foreground project,Collaboration,Email,Lenovo,1051.48,2762.15,Active,2026-06-21,2025-08-25,ERP
100508,PROD-100508,Vision-oriented stable toolset,Cloud,AI,HP,4378.4,3509.47,Active,2023-04-28,2026-07-12,ERP
100509,PROD-100509,Universal multi-tasking definition,Software,Analytics,VMware,457.98,2666.42,Active,2023-02-18,2025-12-28,ERP
100510,PROD-100510,Open-source next generation conglomeration,Cloud,Compute,Lenovo,3146.74,2910.8,Active,2022-09-06,2025-09-21,ERP
100511,PROD-100511,Visionary zero administration focus group,Networking,Wireless,Dell,3533.31,29.32,Active,2023-07-22,2025-12-02,ERP
100512,PROD-100512,Automated intangible hub,Collaboration,Email,HP,2988.71,2089.79,Active,2025-09-27,2026-06-09,ERP
100513,PROD-100513,Ergonomic fresh-thinking open architecture,Collaboration,Email,Microsoft,3493.21,3273.01,Active,2021-08-03,2026-03-18,ERP
100514,PROD-100514,Virtual uniform Graphical User Interface,Storage,NAS,Adobe,400.6,1547.7,Active,2024-12-07,2024-10-06,ERP
100515,PROD-100515,Organic clear-thinking parallelism,Software,Operating System,Citrix,1869.43,1214.54,Active,2025-02-11,2025-12-16,ERP
100516,PROD-100516,Operative motivating parallelism,Storage,NAS,HP,388.64,2264.08,Active,2025-07-28,2024-08-04,ERP
100517,PROD-100517,Public-key attitude-oriented collaboration,Cloud,Networking,Citrix,3626.04,2521.62,Active,2023-05-01,2026-01-21,ERP
100518,PROD-100518,Decentralized 3rdgeneration pricing structure,Cloud,Networking,Adobe,4306.81,369.58,Active,2026-04-09,2024-08-28,ERP
100519,PROD-100519,Persevering static intranet,Software,Database,Dell,2968.39,1551.53,Active,2026-07-23,2026-05-01,ERP
100520,PROD-100520,Team-oriented encompassing protocol,Storage,Backup,HP,1276.54,2587.37,Active,2022-06-18,2026-07-23,ERP
100521,PROD-100521,Devolved needs-based synergy,Networking,Firewall,Microsoft,4247.07,2642.16,Active,2023-07-07,2025-08-12,ERP
100522,PROD-100522,Profit-focused 5thgeneration Internet solution,Security,Endpoint,Cisco,3751.83,1199.78,Active,2024-02-12,2025-12-06,ERP
100523,PROD-100523,Automated bottom-line complexity,Hardware,Desktop,Adobe,1960.13,983.3,Active,2025-03-25,2025-02-09,ERP
100524,PROD-100524,Visionary 3rdgeneration artificial intelligence,Software,Operating System,Citrix,4672.93,549.63,Active,2026-07-05,2025-03-13,ERP
100525,PROD-100525,Proactive object-oriented matrix,Storage,Backup,HP,3825.49,3818.95,Active,2026-01-02,2025-05-24,ERP
100526,PROD-100526,User-centric bi-directional analyzer,Software,Operating System,Dell,118.28,882.58,Active,2025-10-05,2024-11-24,ERP
100527,PROD-100527,Virtual directional info-mediaries,Hardware,Monitor,VMware,3161.42,2016.67,Active,2026-05-05,2025-10-02,ERP
100528,PROD-100528,Streamlined clear-thinking structure,Storage,Archive,Lenovo,458.02,2157.85,Active,2026-06-02,2026-02-20,ERP
100529,PROD-100529,Enterprise-wide static capability,Cloud,AI,Dell,1584.04,2057.44,Active,2023-01-17,2025-07-26,ERP
100530,PROD-100530,Exclusive dedicated knowledgebase,Networking,Switch,Citrix,1984.12,2546.32,Active,2024-08-13,2024-09-18,ERP
100531,PROD-100531,Vision-oriented attitude-oriented architecture,Software,Analytics,Lenovo,3663.29,3389.71,Active,2024-03-19,2025-04-30,ERP
100532,PROD-100532,Cross-group client-driven neural-net,Hardware,Desktop,Dell,4626.91,486.05,Active,2026-01-21,2026-06-19,ERP
100533,PROD-100533,Team-oriented high-level installation,Hardware,Server,HP,641.24,2838.9,Active,2023-01-04,2025-12-18,ERP
100534,PROD-100534,Triple-buffered systematic conglomeration,Hardware,Desktop,Adobe,4767.43,2103.95,Active,2025-11-01,2025-10-27,ERP
100535,PROD-100535,Reverse-engineered intermediate approach,Security,Endpoint,Citrix,678.31,3129.97,Active,2024-12-22,2026-03-01,ERP
100536,PROD-100536,Ameliorated heuristic conglomeration,Security,Identity,Microsoft,1708.3,1731.57,Active,2024-09-10,2025-10-11,ERP
100537,PROD-100537,Fully-configurable dedicated data-warehouse,Software,Analytics,Dell,2505.93,2055.36,Active,2022-05-07,2025-10-23,ERP
100538,PROD-100538,Managed tertiary info-mediaries,Hardware,Monitor,HP,1870.05,1039.09,Active,2025-11-25,2026-05-02,ERP
100539,PROD-100539,Monitored national concept,Software,Operating System,Cisco,3716.86,35.21,Active,2025-03-17,2025-03-23,ERP
100540,PROD-100540,Multi-layered logistical Internet solution,Hardware,Desktop,Microsoft,2385.23,1547.34,Active,2026-05-06,2025-12-03,ERP
100541,PROD-100541,Visionary demand-driven paradigm,Cloud,Storage,Microsoft,2786.68,3657.94,Active,2026-05-15,2025-01-30,ERP
100542,PROD-100542,Polarized context-sensitive orchestration,Storage,NAS,Citrix,1278.9,3665.52,Active,2023-07-04,2026-07-02,ERP
100543,PROD-100543,Function-based cohesive solution,Services,Training,Dell,2879.1,499.62,Active,2025-04-30,2025-08-15,ERP
100544,PROD-100544,Synchronized coherent encryption,Hardware,Desktop,Cisco,4031.47,3926.12,Active,2022-06-29,2025-10-12,ERP
100545,PROD-100545,Self-enabling tertiary implementation,Storage,SAN,Adobe,4336.86,3099.77,Active,2024-12-07,2025-04-10,ERP
100546,PROD-100546,Integrated holistic productivity,Security,Threat Protection,Dell,2787.8,56.68,Active,2025-09-07,2025-06-06,ERP
100547,PROD-100547,Visionary maximized service-desk,Networking,Firewall,VMware,3710.9,989.27,Active,2023-02-24,2025-10-20,ERP
100548,PROD-100548,Distributed system-worthy protocol,Services,Implementation,Cisco,3675.69,2197.57,Active,2023-04-14,2024-12-13,ERP
100549,PROD-100549,Decentralized optimal instruction set,Networking,Switch,Microsoft,4665.37,120.04,Active,2022-06-06,2026-04-09,ERP
100550,PROD-100550,Automated attitude-oriented project,Services,Consulting,Citrix,57.24,2637.78,Active,2023-08-03,2026-05-09,ERP
100551,PROD-100551,Virtual client-driven artificial intelligence,Security,Identity,Cisco,2672.58,971.72,Active,2023-08-27,2025-06-10,ERP
100552,PROD-100552,Managed bottom-line policy,Collaboration,Email,HP,3572.68,394.78,Active,2023-03-21,2025-08-23,ERP
100553,PROD-100553,Vision-oriented discrete alliance,Networking,Wireless,Citrix,2319.37,2997.9,Active,2025-05-06,2024-11-11,ERP
100554,PROD-100554,Universal exuding structure,Software,Database,Lenovo,420.41,2282.09,Active,2023-10-01,2025-01-27,ERP
100555,PROD-100555,Self-enabling coherent product,Storage,NAS,Cisco,1493.8,3407.38,Active,2025-05-29,2025-12-21,ERP
100556,PROD-100556,Re-engineered uniform function,Storage,Backup,Citrix,2291.15,953.6,Active,2026-06-06,2026-05-12,ERP
100557,PROD-100557,Expanded value-added groupware,Networking,Switch,Dell,819.28,678.39,Active,2022-10-19,2025-01-06,ERP
100558,PROD-100558,Persevering motivating infrastructure,Collaboration,Voice,Lenovo,647.65,1449.19,Active,2023-05-16,2025-10-03,ERP
100559,PROD-100559,Optional explicit flexibility,Networking,Wireless,VMware,2343.57,3413.62,Active,2026-04-27,2025-01-04,ERP
100560,PROD-100560,Grass-roots static solution,Software,Database,VMware,4140.61,2795.09,Active,2023-12-23,2025-06-08,ERP
100561,PROD-100561,Open-architected intermediate extranet,Hardware,Desktop,Citrix,784.2,2851.85,Active,2022-01-14,2025-02-27,ERP
100562,PROD-100562,Self-enabling holistic alliance,Services,Implementation,Microsoft,3402.06,1059.16,Active,2023-12-27,2024-09-19,ERP
100563,PROD-100563,Reduced bi-directional productivity,Cloud,Compute,Lenovo,4280.28,2234.92,Active,2026-07-02,2025-03-03,ERP
100564,PROD-100564,Re-contextualized demand-driven solution,Networking,Router,Adobe,554.44,3180.39,Active,2024-12-30,2026-05-27,ERP
100565,PROD-100565,Secured bandwidth-monitored utilization,Software,Operating System,Microsoft,4160.34,3930.7,Active,2024-03-28,2025-05-17,ERP
100566,PROD-100566,Profound user-facing Local Area Network,Cloud,Storage,Lenovo,1892.59,2530.43,Active,2026-03-15,2025-05-06,ERP
100567,PROD-100567,Cross-platform tangible model,Software,Analytics,Dell,157.91,281.28,Active,2026-04-04,2026-04-01,ERP
100568,PROD-100568,Right-sized grid-enabled pricing structure,Collaboration,Meetings,Dell,4530.14,3321.69,Active,2024-10-17,2024-10-16,ERP
100569,PROD-100569,Extended mission-critical capability,Services,Consulting,Microsoft,4714.29,226.28,Active,2022-01-20,2026-07-16,ERP
100570,PROD-100570,Ameliorated zero administration secured line,Storage,Archive,Adobe,195.94,2740.77,Active,2026-02-08,2025-02-10,ERP
100571,PROD-100571,De-engineered directional workforce,Cloud,AI,Cisco,4546.11,1118.05,Active,2026-02-27,2026-06-26,ERP
100572,PROD-100572,Customizable discrete extranet,Collaboration,Meetings,Microsoft,3089.83,2477.48,Active,2021-12-16,2025-08-24,ERP
100573,PROD-100573,Exclusive asynchronous intranet,Security,Encryption,Lenovo,4419.75,1929.15,Active,2022-12-16,2026-06-27,ERP
100574,PROD-100574,Cross-group tertiary matrices,Software,Analytics,Lenovo,729.32,817.84,Active,2022-03-16,2026-04-28,ERP
100575,PROD-100575,Switchable didactic intranet,Networking,Router,Lenovo,3920.48,1452.47,Active,2023-08-05,2025-11-15,ERP
100576,PROD-100576,Object-based dedicated open architecture,Collaboration,Voice,Citrix,1972.49,739.77,Active,2023-01-01,2025-11-23,ERP
100577,PROD-100577,Customer-focused motivating success,Services,Support,Microsoft,4484.04,3119.69,Active,2025-03-11,2025-06-17,ERP
100578,PROD-100578,Integrated discrete migration,Hardware,Monitor,Citrix,3845.87,3998.43,Active,2024-10-24,2024-11-17,ERP
100579,PROD-100579,Universal analyzing solution,Cloud,Compute,Cisco,3301.48,1084.44,Active,2022-01-27,2025-07-30,ERP
100580,PROD-100580,Implemented clear-thinking leverage,Hardware,Desktop,Lenovo,1806.28,3360.91,Active,2026-05-21,2024-08-13,ERP
100581,PROD-100581,Cross-platform methodical neural-net,Cloud,Storage,Cisco,2982.97,3229.69,Active,2022-09-18,2026-04-27,ERP
100582,PROD-100582,Programmable zero administration policy,Services,Consulting,Citrix,4740.42,2265.34,Active,2024-10-18,2026-03-20,ERP
100583,PROD-100583,Diverse homogeneous instruction set,Networking,Wireless,VMware,919.01,175.91,Active,2022-07-23,2025-09-04,ERP
100584,PROD-100584,Networked didactic approach,Hardware,Desktop,Cisco,148.64,1925.01,Active,2025-02-08,2024-11-14,ERP
100585,PROD-100585,Up-sized tangible ability,Services,Support,HP,1736.76,730.4,Active,2023-01-22,2026-07-21,ERP
100586,PROD-100586,Diverse web-enabled initiative,Services,Consulting,Microsoft,781.17,2826.17,Active,2023-01-15,2025-01-05,ERP
100587,PROD-100587,Reactive leadingedge hierarchy,Cloud,Compute,Citrix,4804.77,1510.02,Active,2026-02-07,2026-04-03,ERP
100588,PROD-100588,Seamless background task-force,Storage,SAN,Citrix,1543.74,567.4,Active,2024-11-08,2025-08-29,ERP
100589,PROD-100589,Customer-focused bottom-line pricing structure,Cloud,Networking,Adobe,3263.44,717.46,Active,2025-07-27,2025-05-16,ERP
100590,PROD-100590,Object-based next generation synergy,Services,Support,HP,1923.0,2942.63,Active,2023-01-14,2025-07-09,ERP
100591,PROD-100591,Ameliorated disintermediate customer loyalty,Security,Endpoint,HP,3657.71,3796.43,Active,2023-06-16,2026-06-23,ERP
100592,PROD-100592,Assimilated tertiary system engine,Storage,SAN,HP,3031.82,3686.13,Active,2025-10-30,2025-03-25,ERP
100593,PROD-100593,Secured web-enabled ability,Networking,Router,Adobe,746.18,2987.74,Active,2023-11-17,2026-07-02,ERP
100594,PROD-100594,Innovative context-sensitive challenge,Networking,Firewall,Citrix,881.04,3544.15,Active,2026-06-26,2025-06-10,ERP
100595,PROD-100595,Optimized uniform throughput,Software,Analytics,Adobe,106.41,858.5,Active,2024-06-03,2026-01-14,ERP
100596,PROD-100596,Cross-group bottom-line hierarchy,Software,Analytics,VMware,3945.75,2888.64,Active,2023-11-12,2024-10-29,ERP
100597,PROD-100597,Customer-focused clear-thinking customer loyalty,Hardware,Monitor,Adobe,3676.29,3877.18,Active,2024-01-05,2024-10-10,ERP
100598,PROD-100598,Profit-focused logistical success,Storage,Archive,Lenovo,1788.59,1517.01,Active,2024-12-11,2025-03-21,ERP
100599,PROD-100599,Multi-layered modular installation,Collaboration,Meetings,HP,2283.87,3201.8,Active,2025-01-01,2026-07-13,ERP
100600,PROD-100600,Team-oriented systemic installation,Hardware,Server,Microsoft,1627.65,3807.86,Active,2023-02-10,2025-03-28,ERP
100601,PROD-100601,Compatible logistical groupware,Software,Analytics,HP,4445.26,664.6,Active,2023-11-29,2024-12-29,ERP
100602,PROD-100602,Profit-focused coherent moderator,Software,Operating System,Citrix,2990.45,2464.24,Active,2021-11-19,2025-07-25,ERP
100603,PROD-100603,De-engineered static core,Collaboration,Email,Lenovo,4715.09,680.86,Active,2025-02-28,2026-06-01,ERP
100604,PROD-100604,Synchronized 24/7 capacity,Storage,NAS,Microsoft,551.23,842.06,Active,2022-06-05,2025-03-29,ERP
100605,PROD-100605,Ameliorated grid-enabled hardware,Networking,Wireless,VMware,3319.96,1207.17,Active,2026-05-12,2025-05-14,ERP
100606,PROD-100606,Configurable high-level parallelism,Software,Operating System,Lenovo,2880.26,3363.42,Active,2025-08-03,2025-06-22,ERP
100607,PROD-100607,Business-focused zero-defect policy,Cloud,Compute,Citrix,68.89,373.32,Active,2025-05-29,2026-06-24,ERP
100608,PROD-100608,User-centric directional ability,Collaboration,Meetings,Dell,177.39,704.06,Active,2025-03-24,2024-08-03,ERP
100609,PROD-100609,Vision-oriented object-oriented extranet,Security,Identity,Adobe,4226.66,1250.7,Active,2025-07-19,2025-02-02,ERP
100610,PROD-100610,Implemented maximized leverage,Storage,Archive,Adobe,4479.64,1078.39,Active,2026-04-29,2025-03-22,ERP
100611,PROD-100611,Secured zero-defect challenge,Storage,NAS,Citrix,4433.19,1493.37,Active,2025-09-22,2025-04-19,ERP
100612,PROD-100612,Progressive 3rdgeneration open architecture,Collaboration,Email,VMware,2226.72,1072.02,Active,2024-05-25,2025-10-06,ERP
100613,PROD-100613,Right-sized optimizing encoding,Security,Identity,HP,3773.56,2678.19,Active,2024-02-06,2024-11-02,ERP
100614,PROD-100614,Enhanced bifurcated leverage,Software,Analytics,Lenovo,4854.99,2369.16,Active,2026-04-09,2025-03-26,ERP
100615,PROD-100615,Enterprise-wide zero tolerance customer loyalty,Hardware,Monitor,Lenovo,4829.86,2756.1,Active,2026-06-22,2024-08-22,ERP
100616,PROD-100616,Adaptive local capacity,Collaboration,Meetings,Adobe,1529.32,1594.35,Active,2023-01-13,2025-05-23,ERP
100617,PROD-100617,Open-architected systematic implementation,Hardware,Desktop,Dell,4748.81,1809.93,Active,2025-02-13,2025-11-28,ERP
100618,PROD-100618,Networked demand-driven database,Cloud,Storage,Cisco,674.62,1707.92,Active,2022-04-08,2025-07-28,ERP
100619,PROD-100619,Optimized asynchronous portal,Storage,NAS,HP,4178.84,1050.1,Active,2023-09-27,2024-10-08,ERP
100620,PROD-100620,Mandatory client-server neural-net,Software,Operating System,Lenovo,2804.0,2219.42,Active,2025-05-28,2026-05-27,ERP
100621,PROD-100621,Polarized discrete info-mediaries,Security,Encryption,Microsoft,3943.43,2501.66,Active,2024-08-19,2026-05-27,ERP
100622,PROD-100622,Stand-alone value-added alliance,Storage,SAN,Lenovo,790.73,2277.21,Active,2026-05-17,2025-03-19,ERP
100623,PROD-100623,Polarized didactic service-desk,Software,Operating System,Dell,3939.44,3473.21,Active,2021-11-12,2025-01-27,ERP
100624,PROD-100624,Integrated secondary forecast,Services,Implementation,VMware,1946.07,1955.2,Active,2022-02-17,2026-07-06,ERP
100625,PROD-100625,Reverse-engineered contextually-based functionalities,Collaboration,Email,HP,1413.3,596.81,Active,2022-06-02,2025-06-11,ERP
100626,PROD-100626,Networked clear-thinking application,Storage,SAN,Lenovo,4453.39,1342.69,Active,2023-03-28,2024-11-21,ERP
100627,PROD-100627,De-engineered even-keeled definition,Networking,Router,Adobe,4608.13,3590.7,Active,2025-11-22,2024-08-26,ERP
100628,PROD-100628,Team-oriented client-server extranet,Hardware,Server,VMware,1589.2,3375.32,Active,2024-09-14,2025-01-17,ERP
100629,PROD-100629,Secured leadingedge workforce,Software,Database,HP,1537.38,2981.3,Active,2026-07-02,2025-05-24,ERP
100630,PROD-100630,Inverse user-facing open system,Services,Training,Lenovo,3044.65,379.92,Active,2025-05-17,2024-08-15,ERP
100631,PROD-100631,Synergistic modular conglomeration,Collaboration,Meetings,Lenovo,3717.68,3043.99,Active,2025-09-26,2025-07-19,ERP
100632,PROD-100632,Reverse-engineered human-resource functionalities,Services,Consulting,HP,374.8,2845.54,Active,2023-03-05,2024-09-26,ERP
100633,PROD-100633,Down-sized didactic encoding,Storage,NAS,Microsoft,910.0,3503.84,Active,2025-01-16,2024-10-23,ERP
100634,PROD-100634,Configurable mission-critical flexibility,Networking,Router,Cisco,213.7,225.97,Active,2022-12-14,2025-06-04,ERP
100635,PROD-100635,Persevering encompassing firmware,Services,Support,VMware,1873.34,1870.27,Active,2024-07-05,2025-10-10,ERP
100636,PROD-100636,Robust interactive groupware,Storage,SAN,Microsoft,1247.59,1967.93,Active,2024-01-25,2024-12-07,ERP
100637,PROD-100637,Multi-tiered object-oriented superstructure,Collaboration,Meetings,Adobe,2955.06,1415.3,Active,2024-07-03,2026-03-09,ERP
100638,PROD-100638,Open-source encompassing productivity,Cloud,AI,Dell,1461.09,1561.6,Active,2021-12-11,2025-11-15,ERP
100639,PROD-100639,Ameliorated mobile neural-net,Cloud,Storage,Cisco,3254.53,2718.84,Active,2022-07-08,2025-01-27,ERP
100640,PROD-100640,Cross-group needs-based circuit,Security,Encryption,Microsoft,4329.92,3869.37,Active,2022-11-19,2024-09-19,ERP
100641,PROD-100641,Decentralized 24/7 framework,Hardware,Monitor,HP,3254.49,2414.54,Active,2024-11-24,2026-03-10,ERP
100642,PROD-100642,Digitized methodical standardization,Hardware,Desktop,VMware,3061.3,3773.44,Active,2024-04-08,2025-01-21,ERP
100643,PROD-100643,Customizable directional moderator,Security,Encryption,Lenovo,4265.35,1849.52,Active,2021-08-03,2025-05-04,ERP
100644,PROD-100644,Reduced intangible implementation,Networking,Wireless,VMware,3402.12,3301.64,Active,2022-04-23,2025-09-14,ERP
100645,PROD-100645,De-engineered secondary challenge,Storage,SAN,Microsoft,2581.99,2657.86,Active,2024-03-02,2024-11-05,ERP
100646,PROD-100646,Fully-configurable scalable circuit,Services,Training,VMware,3437.85,1939.91,Active,2023-02-07,2026-03-24,ERP
100647,PROD-100647,Profound homogeneous hardware,Services,Training,Citrix,4314.38,1063.06,Active,2024-04-14,2026-05-27,ERP
100648,PROD-100648,Fully-configurable optimal moderator,Security,Endpoint,HP,2610.6,980.2,Active,2022-12-27,2025-09-04,ERP
100649,PROD-100649,Inverse background info-mediaries,Hardware,Monitor,Citrix,3419.74,2892.1,Active,2026-03-05,2026-05-27,ERP
100650,PROD-100650,Cross-group zero administration policy,Collaboration,Voice,VMware,4539.21,1633.28,Active,2024-08-21,2026-01-28,ERP
100651,PROD-100651,Future-proofed high-level function,Hardware,Desktop,Citrix,3646.42,908.89,Active,2025-11-02,2025-12-28,ERP
100652,PROD-100652,Advanced methodical structure,Collaboration,Voice,VMware,4234.83,3366.54,Active,2025-11-06,2026-06-14,ERP
100653,PROD-100653,Re-contextualized hybrid toolset,Cloud,AI,Dell,2380.37,2970.15,Active,2025-06-26,2025-04-20,ERP
100654,PROD-100654,Robust even-keeled hub,Cloud,AI,Dell,1150.15,912.73,Active,2024-08-27,2025-10-09,ERP
100655,PROD-100655,Sharable reciprocal software,Security,Encryption,Citrix,1889.83,2352.64,Active,2024-03-19,2025-12-11,ERP
100656,PROD-100656,Right-sized maximized parallelism,Collaboration,Email,Adobe,315.7,2546.73,Active,2022-09-09,2025-11-03,ERP
100657,PROD-100657,Versatile scalable firmware,Software,Office,Cisco,2527.36,3473.3,Active,2022-02-08,2025-12-22,ERP
100658,PROD-100658,Extended system-worthy attitude,Storage,Backup,Lenovo,317.61,3420.6,Active,2022-06-09,2025-09-08,ERP
100659,PROD-100659,Multi-tiered modular monitoring,Cloud,Storage,Citrix,2075.5,2288.38,Active,2021-09-25,2025-01-10,ERP
100660,PROD-100660,Adaptive responsive challenge,Collaboration,Meetings,Citrix,4318.85,741.92,Active,2023-07-03,2024-08-22,ERP
100661,PROD-100661,Business-focused bi-directional approach,Software,Office,Citrix,3173.61,727.88,Active,2023-12-26,2026-03-20,ERP
100662,PROD-100662,Centralized non-volatile knowledgebase,Hardware,Laptop,Adobe,1403.96,3050.74,Active,2025-07-31,2024-12-27,ERP
100663,PROD-100663,Compatible disintermediate adapter,Cloud,Storage,Adobe,3936.79,3124.52,Active,2025-08-18,2026-06-12,ERP
100664,PROD-100664,Multi-channeled asynchronous website,Cloud,Networking,Lenovo,2046.8,3862.18,Active,2025-10-18,2025-06-04,ERP
100665,PROD-100665,Implemented 6thgeneration attitude,Storage,SAN,Microsoft,2692.22,2929.37,Active,2022-04-12,2024-09-11,ERP
100666,PROD-100666,Organized impactful open architecture,Hardware,Server,Cisco,138.68,41.39,Active,2026-06-15,2026-01-17,ERP
100667,PROD-100667,Versatile cohesive neural-net,Networking,Switch,Citrix,1594.86,433.27,Active,2023-08-12,2025-04-02,ERP
100668,PROD-100668,Implemented local methodology,Security,Endpoint,Dell,4128.03,1210.35,Active,2024-05-26,2025-08-22,ERP
100669,PROD-100669,Re-engineered responsive approach,Security,Encryption,Citrix,2196.64,2754.95,Active,2024-04-18,2025-03-21,ERP
100670,PROD-100670,Optimized eco-centric Local Area Network,Cloud,AI,Adobe,1828.29,773.99,Active,2026-05-21,2025-08-27,ERP
100671,PROD-100671,Visionary contextually-based budgetary management,Storage,SAN,Cisco,1160.39,3939.9,Active,2023-03-24,2025-04-13,ERP
100672,PROD-100672,Enterprise-wide secondary frame,Networking,Router,HP,659.65,2851.66,Active,2023-08-16,2025-02-14,ERP
100673,PROD-100673,Devolved demand-driven Graphic Interface,Hardware,Monitor,VMware,3867.69,2501.96,Active,2024-08-31,2026-04-23,ERP
100674,PROD-100674,Configurable high-level success,Hardware,Laptop,Microsoft,288.76,485.26,Active,2023-07-23,2025-05-09,ERP
100675,PROD-100675,Business-focused client-driven methodology,Collaboration,Productivity,Dell,2759.05,1910.73,Active,2022-08-26,2025-10-15,ERP
100676,PROD-100676,Synergistic 24/7 initiative,Cloud,Storage,Microsoft,1540.53,2655.12,Active,2024-09-26,2025-03-24,ERP
100677,PROD-100677,Multi-layered coherent ability,Security,Endpoint,Lenovo,4161.73,442.03,Active,2024-05-31,2026-01-01,ERP
100678,PROD-100678,Right-sized mobile moratorium,Software,Analytics,Dell,3934.56,2003.51,Active,2023-03-23,2024-08-18,ERP
100679,PROD-100679,Customizable intermediate circuit,Networking,Firewall,Cisco,1821.71,1653.78,Active,2023-12-10,2025-07-24,ERP
100680,PROD-100680,Total zero administration Internet solution,Cloud,Compute,Adobe,4556.27,2760.61,Active,2026-07-01,2025-09-03,ERP
100681,PROD-100681,Implemented impactful workforce,Collaboration,Voice,Cisco,63.55,2694.74,Active,2024-01-17,2025-01-08,ERP
100682,PROD-100682,Networked mobile parallelism,Software,Office,HP,4749.76,3123.62,Active,2022-07-08,2025-04-23,ERP
100683,PROD-100683,Public-key asynchronous attitude,Software,Operating System,VMware,3239.47,1840.59,Active,2026-04-18,2025-04-01,ERP
100684,PROD-100684,Stand-alone bottom-line intranet,Security,Threat Protection,Adobe,297.9,3257.38,Active,2023-05-02,2024-11-05,ERP
100685,PROD-100685,Face-to-face exuding emulation,Hardware,Server,Citrix,4017.9,1268.01,Active,2021-10-19,2025-02-02,ERP
100686,PROD-100686,Multi-channeled dedicated process improvement,Software,Operating System,Microsoft,97.88,575.12,Active,2024-11-29,2025-07-02,ERP
100687,PROD-100687,Persevering intangible capacity,Cloud,AI,Citrix,4477.91,3821.48,Active,2026-03-27,2024-11-14,ERP
100688,PROD-100688,Versatile client-driven workforce,Security,Identity,Citrix,4084.07,751.91,Active,2024-05-23,2025-08-02,ERP
100689,PROD-100689,User-friendly intangible attitude,Storage,Archive,Adobe,1395.57,1558.22,Active,2023-12-07,2024-09-22,ERP
100690,PROD-100690,Enterprise-wide motivating Graphic Interface,Collaboration,Productivity,HP,609.63,2792.28,Active,2022-10-20,2024-10-10,ERP
100691,PROD-100691,Cloned 5thgeneration adapter,Hardware,Desktop,Dell,2109.34,2373.23,Active,2022-12-09,2025-10-24,ERP
100692,PROD-100692,Profound user-facing strategy,Collaboration,Meetings,Lenovo,3906.86,2455.15,Active,2026-03-03,2025-10-28,ERP
100693,PROD-100693,Assimilated eco-centric functionalities,Cloud,Networking,Adobe,609.04,1659.85,Active,2024-02-22,2026-04-15,ERP
100694,PROD-100694,Exclusive 4thgeneration portal,Hardware,Laptop,VMware,3292.12,74.13,Active,2024-03-24,2025-02-03,ERP
100695,PROD-100695,Public-key foreground product,Networking,Firewall,Dell,2192.6,2913.44,Active,2025-06-16,2024-10-17,ERP
100696,PROD-100696,Sharable interactive flexibility,Collaboration,Voice,Lenovo,785.84,3310.09,Active,2024-11-19,2026-06-19,ERP
100697,PROD-100697,Assimilated neutral hardware,Hardware,Laptop,HP,2552.56,1890.42,Active,2022-03-18,2026-07-07,ERP
100698,PROD-100698,Multi-tiered object-oriented frame,Collaboration,Meetings,Dell,3769.58,1299.52,Active,2021-12-17,2025-12-24,ERP
100699,PROD-100699,Open-source 6thgeneration secured line,Services,Training,Microsoft,2559.3,2213.22,Active,2024-02-12,2024-11-12,ERP
100700,PROD-100700,Progressive mobile conglomeration,Storage,Archive,Cisco,440.21,1790.65,Active,2025-02-16,2025-09-14,ERP
100701,PROD-100701,Monitored didactic ability,Collaboration,Email,Adobe,2262.99,496.86,Active,2025-12-20,2026-02-18,ERP
100702,PROD-100702,Robust zero-defect success,Collaboration,Email,Dell,2047.03,167.43,Active,2022-07-04,2026-04-08,ERP
100703,PROD-100703,Monitored heuristic hub,Hardware,Laptop,VMware,4456.05,2260.27,Active,2022-10-22,2024-09-04,ERP
100704,PROD-100704,Advanced solution-oriented complexity,Collaboration,Voice,Citrix,4135.29,3270.94,Active,2024-02-22,2025-08-07,ERP
100705,PROD-100705,Diverse empowering functionalities,Collaboration,Voice,Adobe,3597.46,1469.1,Active,2021-12-25,2025-03-08,ERP
100706,PROD-100706,Quality-focused global portal,Collaboration,Email,Dell,3808.63,906.44,Active,2025-07-22,2025-02-19,ERP
100707,PROD-100707,Optional fault-tolerant migration,Services,Training,VMware,2761.07,1511.21,Active,2023-12-04,2025-05-31,ERP
100708,PROD-100708,User-centric multi-tasking implementation,Software,Operating System,HP,2487.49,3291.81,Active,2025-12-03,2026-04-06,ERP
100709,PROD-100709,Function-based attitude-oriented Graphical User Interface,Storage,SAN,VMware,3073.72,770.49,Active,2025-11-29,2024-10-08,ERP
100710,PROD-100710,Function-based client-server Local Area Network,Storage,NAS,Adobe,4131.54,782.55,Active,2023-08-07,2024-12-31,ERP
100711,PROD-100711,Horizontal object-oriented firmware,Services,Consulting,Lenovo,280.18,2542.13,Active,2024-08-17,2024-12-13,ERP
100712,PROD-100712,Fully-configurable 4thgeneration success,Software,Office,Adobe,3309.36,3825.86,Active,2023-05-17,2026-06-22,ERP
100713,PROD-100713,Fundamental motivating structure,Cloud,Networking,Microsoft,2675.3,218.07,Active,2022-05-12,2025-05-21,ERP
100714,PROD-100714,Optimized high-level instruction set,Storage,Archive,HP,3474.5,715.26,Active,2024-03-12,2026-05-19,ERP
100715,PROD-100715,Re-engineered local conglomeration,Cloud,Compute,Lenovo,3304.73,2434.49,Active,2021-12-01,2025-11-03,ERP
100716,PROD-100716,Focused uniform system engine,Services,Implementation,Lenovo,4898.53,3665.74,Active,2023-03-30,2025-01-17,ERP
100717,PROD-100717,Proactive high-level attitude,Networking,Firewall,Lenovo,4819.79,3882.7,Active,2025-01-29,2025-11-18,ERP
100718,PROD-100718,Phased incremental forecast,Collaboration,Meetings,HP,2093.09,2807.56,Active,2021-09-27,2025-10-05,ERP
100719,PROD-100719,Monitored empowering orchestration,Security,Threat Protection,Cisco,1044.4,2506.07,Active,2022-08-07,2026-02-27,ERP
100720,PROD-100720,Programmable context-sensitive installation,Security,Threat Protection,HP,4907.61,2609.09,Active,2024-01-16,2025-07-27,ERP
100721,PROD-100721,Quality-focused multi-tasking capability,Cloud,AI,Dell,3815.84,2260.06,Active,2023-11-02,2026-01-30,ERP
100722,PROD-100722,Devolved 3rdgeneration solution,Storage,Backup,Lenovo,4051.11,2102.85,Active,2023-03-15,2025-10-05,ERP
100723,PROD-100723,Focused 4thgeneration parallelism,Hardware,Monitor,HP,312.67,250.0,Active,2026-04-18,2025-02-04,ERP
100724,PROD-100724,Intuitive zero-defect help-desk,Security,Endpoint,VMware,3432.78,607.05,Active,2025-12-18,2026-07-30,ERP
100725,PROD-100725,Total zero tolerance array,Hardware,Server,Cisco,3780.29,153.42,Active,2024-04-09,2026-04-13,ERP
100726,PROD-100726,Mandatory clear-thinking emulation,Collaboration,Email,Cisco,3724.94,2256.05,Active,2024-09-14,2025-11-20,ERP
100727,PROD-100727,Pre-emptive stable time-frame,Networking,Firewall,Microsoft,4636.1,1565.53,Active,2021-10-09,2026-03-31,ERP
100728,PROD-100728,Re-engineered dynamic groupware,Services,Consulting,Microsoft,3731.17,832.27,Active,2024-03-04,2025-10-06,ERP
100729,PROD-100729,Right-sized contextually-based artificial intelligence,Collaboration,Meetings,Citrix,3787.78,2197.8,Active,2025-09-13,2025-09-11,ERP
100730,PROD-100730,Vision-oriented zero-defect website,Networking,Switch,VMware,2271.63,3934.23,Active,2022-12-28,2025-11-17,ERP
100731,PROD-100731,Polarized eco-centric framework,Software,Database,HP,3688.64,499.43,Active,2021-10-04,2025-02-05,ERP
100732,PROD-100732,Ameliorated background task-force,Hardware,Monitor,VMware,2805.16,542.01,Active,2022-01-28,2024-08-31,ERP
100733,PROD-100733,Inverse content-based standardization,Security,Identity,Citrix,2358.34,3751.54,Active,2024-10-14,2026-06-12,ERP
100734,PROD-100734,Face-to-face maximized Local Area Network,Hardware,Desktop,Citrix,3004.56,3100.3,Active,2025-07-27,2024-10-20,ERP
100735,PROD-100735,Distributed 24hour challenge,Security,Encryption,Citrix,410.76,2838.03,Active,2021-12-01,2026-02-22,ERP
100736,PROD-100736,Vision-oriented multi-state function,Networking,Switch,Dell,3941.98,658.5,Active,2022-02-24,2025-01-01,ERP
100737,PROD-100737,Open-architected needs-based conglomeration,Storage,SAN,Citrix,1144.93,873.08,Active,2025-07-29,2025-05-02,ERP
100738,PROD-100738,Self-enabling local analyzer,Services,Training,Citrix,1503.19,3802.48,Active,2022-05-03,2026-02-12,ERP
100739,PROD-100739,Networked holistic knowledgebase,Collaboration,Email,Dell,3361.25,1796.53,Active,2022-07-17,2024-08-09,ERP
100740,PROD-100740,Robust zero-defect secured line,Networking,Router,Citrix,1937.79,3189.92,Active,2026-07-06,2026-03-29,ERP
100741,PROD-100741,De-engineered demand-driven secured line,Software,Office,VMware,2724.17,1149.25,Active,2025-02-03,2024-11-07,ERP
100742,PROD-100742,Robust methodical circuit,Services,Implementation,Adobe,267.07,3595.67,Active,2022-07-19,2024-12-13,ERP
100743,PROD-100743,Polarized executive collaboration,Networking,Firewall,Dell,4743.65,690.39,Active,2026-04-23,2025-04-07,ERP
100744,PROD-100744,Inverse empowering policy,Hardware,Laptop,Cisco,3368.16,3099.99,Active,2021-12-08,2025-11-25,ERP
100745,PROD-100745,Monitored bi-directional attitude,Storage,SAN,Cisco,2711.88,2818.4,Active,2026-06-10,2024-09-28,ERP
100746,PROD-100746,Implemented national forecast,Storage,SAN,HP,167.58,2874.55,Active,2022-12-04,2024-08-16,ERP
100747,PROD-100747,Multi-tiered mobile pricing structure,Hardware,Laptop,Dell,318.63,3182.0,Active,2025-03-15,2025-05-01,ERP
100748,PROD-100748,Progressive analyzing workforce,Software,Database,VMware,2067.78,1818.22,Active,2026-04-22,2024-11-12,ERP
100749,PROD-100749,Seamless disintermediate collaboration,Storage,Archive,Citrix,133.61,2701.36,Active,2022-07-26,2026-04-16,ERP
100750,PROD-100750,Triple-buffered hybrid portal,Hardware,Laptop,Microsoft,3519.37,313.54,Active,2026-01-06,2025-09-14,ERP
100751,PROD-100751,Phased grid-enabled superstructure,Software,Analytics,VMware,3052.5,1144.03,Active,2025-03-12,2025-02-01,ERP
100752,PROD-100752,Future-proofed contextually-based throughput,Collaboration,Productivity,Lenovo,4119.51,147.51,Active,2025-06-13,2025-08-14,ERP
100753,PROD-100753,Mandatory dynamic task-force,Cloud,Storage,HP,3746.43,3192.16,Active,2025-04-23,2025-10-11,ERP
100754,PROD-100754,Pre-emptive empowering infrastructure,Security,Endpoint,VMware,3402.58,3658.82,Active,2024-07-15,2026-05-06,ERP
100755,PROD-100755,Front-line optimal approach,Services,Consulting,HP,660.01,44.99,Active,2025-11-04,2026-06-29,ERP
100756,PROD-100756,Implemented multi-tasking array,Storage,SAN,VMware,1089.76,2972.19,Active,2025-04-24,2024-11-19,ERP
100757,PROD-100757,Triple-buffered 24/7 strategy,Services,Support,Lenovo,4532.86,3409.55,Active,2022-04-20,2025-05-12,ERP
100758,PROD-100758,Distributed composite budgetary management,Cloud,Storage,HP,1142.9,3343.12,Active,2023-09-19,2025-06-29,ERP
100759,PROD-100759,Progressive bifurcated attitude,Networking,Router,HP,3371.34,2279.99,Active,2022-03-17,2025-04-28,ERP
100760,PROD-100760,Future-proofed interactive complexity,Hardware,Monitor,Dell,1488.73,292.77,Active,2026-01-09,2025-06-21,ERP
100761,PROD-100761,Expanded multi-tasking structure,Software,Database,Adobe,4760.12,1444.62,Active,2021-08-07,2024-10-11,ERP
100762,PROD-100762,Team-oriented human-resource architecture,Networking,Router,VMware,3116.6,3602.97,Active,2025-10-18,2025-09-19,ERP
100763,PROD-100763,Diverse attitude-oriented application,Services,Implementation,Adobe,1675.31,2646.2,Active,2025-09-03,2026-05-12,ERP
100764,PROD-100764,Reverse-engineered 3rdgeneration capacity,Cloud,AI,Citrix,4795.36,695.34,Active,2022-05-18,2024-11-08,ERP
100765,PROD-100765,Distributed upward-trending groupware,Services,Support,Cisco,3575.39,2572.33,Active,2024-12-22,2025-12-22,ERP
100766,PROD-100766,Public-key systemic solution,Security,Threat Protection,HP,3413.92,1342.96,Active,2023-06-02,2025-12-02,ERP
100767,PROD-100767,Cloned coherent customer loyalty,Collaboration,Productivity,Adobe,1825.77,1239.25,Active,2024-03-31,2025-03-16,ERP
100768,PROD-100768,Organized user-facing knowledge user,Software,Database,Dell,4216.88,3438.39,Active,2023-03-10,2024-10-12,ERP
100769,PROD-100769,Configurable user-facing system engine,Cloud,Storage,VMware,3681.05,2515.81,Active,2025-06-28,2026-02-19,ERP
100770,PROD-100770,Intuitive optimal customer loyalty,Software,Operating System,Microsoft,4072.58,2326.13,Active,2025-02-17,2024-12-13,ERP
100771,PROD-100771,Robust coherent instruction set,Networking,Router,VMware,2740.17,3994.94,Active,2022-07-13,2025-02-15,ERP
100772,PROD-100772,Quality-focused uniform parallelism,Collaboration,Meetings,Citrix,1992.87,3568.46,Active,2022-08-19,2026-01-14,ERP
100773,PROD-100773,Proactive logistical knowledgebase,Security,Endpoint,Adobe,2530.56,384.95,Active,2025-04-24,2026-07-26,ERP
100774,PROD-100774,Distributed 4thgeneration alliance,Services,Consulting,Cisco,4247.51,3231.0,Active,2024-11-17,2026-06-15,ERP
100775,PROD-100775,Configurable scalable capacity,Cloud,Storage,Adobe,838.15,2276.27,Active,2024-11-27,2025-04-10,ERP
100776,PROD-100776,Optional tertiary process improvement,Cloud,Networking,Citrix,250.08,3051.85,Active,2024-10-03,2026-07-05,ERP
100777,PROD-100777,Persevering national orchestration,Networking,Router,VMware,1878.7,195.16,Active,2023-09-15,2025-10-02,ERP
100778,PROD-100778,Intuitive optimal portal,Networking,Firewall,Lenovo,2374.89,1832.21,Active,2025-11-24,2025-08-19,ERP
100779,PROD-100779,Business-focused systemic definition,Hardware,Laptop,Citrix,560.96,3874.55,Active,2022-01-26,2025-04-22,ERP
100780,PROD-100780,Inverse 24hour product,Security,Threat Protection,HP,1914.46,1529.61,Active,2022-01-22,2026-04-29,ERP
100781,PROD-100781,Inverse cohesive database,Software,Analytics,Lenovo,4864.74,911.02,Active,2025-10-20,2025-06-29,ERP
100782,PROD-100782,Re-contextualized composite definition,Storage,Backup,Citrix,2459.96,1941.39,Active,2023-02-25,2026-04-02,ERP
100783,PROD-100783,User-friendly directional architecture,Hardware,Desktop,Adobe,869.75,331.43,Active,2024-07-17,2025-01-12,ERP
100784,PROD-100784,Inverse high-level adapter,Security,Endpoint,HP,975.18,1464.84,Active,2022-02-05,2024-08-03,ERP
100785,PROD-100785,Multi-lateral interactive time-frame,Software,Database,Lenovo,4065.3,2888.02,Active,2023-04-21,2025-04-27,ERP
100786,PROD-100786,Front-line full-range flexibility,Collaboration,Productivity,Adobe,1092.98,665.95,Active,2025-09-05,2026-03-28,ERP
100787,PROD-100787,Robust exuding function,Storage,SAN,Cisco,263.56,2304.61,Active,2026-08-01,2026-07-20,ERP
100788,PROD-100788,Optimized cohesive orchestration,Cloud,Storage,Microsoft,4459.45,608.79,Active,2022-03-30,2026-06-15,ERP
100789,PROD-100789,Cross-group transitional hierarchy,Cloud,AI,HP,2607.37,1636.69,Active,2024-12-08,2025-07-02,ERP
100790,PROD-100790,De-engineered multi-state middleware,Hardware,Server,Dell,1122.14,2435.94,Active,2023-04-15,2025-04-22,ERP
100791,PROD-100791,Balanced clear-thinking hardware,Collaboration,Productivity,HP,1135.85,1657.8,Active,2022-04-16,2025-09-19,ERP
100792,PROD-100792,Re-engineered disintermediate access,Cloud,Storage,VMware,880.22,2750.22,Active,2022-01-12,2024-08-12,ERP
100793,PROD-100793,Progressive bi-directional architecture,Collaboration,Email,Cisco,1922.15,550.55,Active,2025-01-13,2024-12-24,ERP
100794,PROD-100794,Function-based human-resource portal,Hardware,Desktop,Lenovo,4141.25,2431.91,Active,2022-10-28,2025-10-19,ERP
100795,PROD-100795,Organic mission-critical time-frame,Cloud,Networking,Microsoft,4394.88,2137.43,Active,2024-12-13,2025-10-18,ERP
100796,PROD-100796,Open-architected optimal pricing structure,Software,Operating System,Adobe,3313.99,3610.39,Active,2025-05-22,2025-12-22,ERP
100797,PROD-100797,Inverse disintermediate system engine,Hardware,Monitor,Lenovo,1883.37,197.67,Active,2021-10-08,2026-07-09,ERP
100798,PROD-100798,Centralized composite middleware,Storage,NAS,Adobe,3958.3,1540.42,Active,2025-10-23,2024-11-02,ERP
100799,PROD-100799,Enterprise-wide upward-trending software,Software,Office,HP,1309.86,3069.29,Active,2023-02-16,2025-12-09,ERP
100800,PROD-100800,Cloned human-resource moratorium,Software,Analytics,Lenovo,1326.13,46.74,Active,2022-04-08,2025-07-22,ERP
100801,PROD-100801,Cross-group mobile function,Hardware,Laptop,Microsoft,1906.4,841.54,Active,2024-01-09,2026-06-05,ERP
100802,PROD-100802,Multi-lateral static circuit,Services,Implementation,Citrix,577.59,1718.63,Active,2022-10-08,2025-09-16,ERP
100803,PROD-100803,Upgradable needs-based framework,Security,Threat Protection,Lenovo,2845.12,2457.23,Active,2023-02-10,2025-02-02,ERP
100804,PROD-100804,Open-architected regional time-frame,Storage,NAS,Lenovo,2782.92,2241.31,Active,2024-09-20,2024-08-17,ERP
100805,PROD-100805,Re-contextualized intermediate framework,Cloud,AI,Adobe,1306.2,1243.95,Active,2024-06-24,2025-11-12,ERP
100806,PROD-100806,Synergized intermediate task-force,Services,Implementation,HP,4282.24,2645.65,Active,2021-08-08,2025-02-04,ERP
100807,PROD-100807,Programmable reciprocal time-frame,Networking,Wireless,HP,546.38,2045.67,Active,2023-04-02,2026-02-24,ERP
100808,PROD-100808,Future-proofed real-time contingency,Services,Consulting,HP,1976.06,2552.61,Active,2026-01-29,2025-09-14,ERP
100809,PROD-100809,Cross-group responsive Local Area Network,Software,Database,Adobe,4633.02,1755.63,Active,2023-02-03,2026-05-16,ERP
100810,PROD-100810,Cross-platform impactful utilization,Software,Analytics,Cisco,1885.63,2445.89,Active,2024-08-04,2025-09-22,ERP
100811,PROD-100811,Quality-focused content-based challenge,Storage,Archive,VMware,3572.45,2399.95,Active,2021-10-04,2024-09-12,ERP
100812,PROD-100812,Profit-focused encompassing benchmark,Cloud,Networking,Adobe,103.02,3406.01,Active,2024-12-06,2024-09-28,ERP
100813,PROD-100813,Virtual dynamic artificial intelligence,Security,Endpoint,Microsoft,3930.6,2054.43,Active,2025-11-23,2025-12-30,ERP
100814,PROD-100814,Enterprise-wide cohesive hardware,Networking,Switch,Microsoft,1830.71,2628.7,Active,2026-03-18,2024-09-21,ERP
100815,PROD-100815,Right-sized foreground model,Cloud,Compute,VMware,3909.38,1428.68,Active,2021-08-13,2025-03-01,ERP
100816,PROD-100816,Re-engineered encompassing synergy,Storage,Archive,Cisco,2612.83,2954.28,Active,2023-07-05,2026-07-09,ERP
100817,PROD-100817,Reduced holistic function,Software,Operating System,VMware,3644.39,2247.48,Active,2023-04-29,2025-02-09,ERP
100818,PROD-100818,Function-based directional analyzer,Services,Training,VMware,1170.16,3853.15,Active,2023-10-28,2025-09-05,ERP
100819,PROD-100819,Profound responsive artificial intelligence,Collaboration,Productivity,Microsoft,1342.48,1643.36,Active,2022-08-30,2025-08-05,ERP
100820,PROD-100820,Devolved systematic concept,Software,Operating System,VMware,1732.83,490.11,Active,2022-02-23,2025-09-14,ERP
100821,PROD-100821,Customer-focused grid-enabled project,Security,Threat Protection,Adobe,4831.97,2263.6,Active,2024-07-02,2025-07-05,ERP
100822,PROD-100822,Implemented content-based orchestration,Networking,Firewall,Adobe,3423.89,3588.68,Active,2024-09-03,2025-07-17,ERP
100823,PROD-100823,Horizontal 24hour superstructure,Hardware,Monitor,Dell,1326.21,1546.13,Active,2025-04-02,2026-03-26,ERP
100824,PROD-100824,Reduced incremental open architecture,Networking,Switch,Citrix,2091.51,1428.56,Active,2024-02-27,2025-03-24,ERP
100825,PROD-100825,User-centric 4thgeneration matrices,Hardware,Server,Cisco,1472.08,1610.75,Active,2024-10-11,2024-10-05,ERP
100826,PROD-100826,Devolved encompassing collaboration,Services,Consulting,HP,2408.95,1430.31,Active,2023-01-02,2024-12-28,ERP
100827,PROD-100827,Open-source intangible migration,Security,Endpoint,Cisco,2520.05,818.67,Active,2021-08-26,2025-04-28,ERP
100828,PROD-100828,Triple-buffered directional approach,Networking,Firewall,Cisco,1184.58,3343.89,Active,2024-12-08,2026-04-30,ERP
100829,PROD-100829,Stand-alone zero tolerance analyzer,Services,Support,Dell,643.4,336.99,Active,2022-07-28,2024-12-20,ERP
100830,PROD-100830,Front-line system-worthy encoding,Collaboration,Email,Microsoft,4247.65,1500.51,Active,2023-12-29,2025-09-09,ERP
100831,PROD-100831,Distributed coherent projection,Services,Implementation,VMware,2479.49,3937.97,Active,2026-04-26,2026-04-01,ERP
100832,PROD-100832,Adaptive foreground forecast,Security,Encryption,Cisco,3763.34,534.78,Active,2021-09-02,2026-08-01,ERP
100833,PROD-100833,Monitored dynamic task-force,Storage,Archive,Microsoft,2537.25,1590.02,Active,2021-12-11,2025-09-14,ERP
100834,PROD-100834,Open-architected reciprocal analyzer,Cloud,Networking,Dell,3506.31,1853.78,Active,2025-11-12,2026-04-24,ERP
100835,PROD-100835,Right-sized global toolset,Hardware,Laptop,Cisco,1928.17,425.47,Active,2024-03-30,2026-05-08,ERP
100836,PROD-100836,Future-proofed systematic knowledgebase,Services,Training,HP,2765.39,967.63,Active,2022-04-17,2025-07-28,ERP
100837,PROD-100837,User-centric zero tolerance service-desk,Collaboration,Voice,Citrix,960.37,1710.17,Active,2021-11-17,2026-06-16,ERP
100838,PROD-100838,Up-sized context-sensitive info-mediaries,Storage,Backup,Citrix,4278.91,1136.53,Active,2024-04-09,2026-02-28,ERP
100839,PROD-100839,Ameliorated dedicated workforce,Cloud,Storage,Cisco,4080.24,2890.24,Active,2022-01-13,2026-08-01,ERP
100840,PROD-100840,Re-engineered mobile data-warehouse,Networking,Wireless,Lenovo,1020.51,3205.15,Active,2026-06-16,2025-09-14,ERP
100841,PROD-100841,Re-engineered eco-centric data-warehouse,Cloud,Networking,Microsoft,924.21,2010.9,Active,2025-08-02,2026-07-16,ERP
100842,PROD-100842,Self-enabling systemic frame,Services,Implementation,VMware,1292.32,3437.55,Active,2026-02-15,2025-02-01,ERP
100843,PROD-100843,Synchronized logistical complexity,Hardware,Monitor,Dell,3468.19,263.64,Active,2022-11-16,2024-09-24,ERP
100844,PROD-100844,Reverse-engineered cohesive groupware,Security,Encryption,Dell,2276.78,1355.26,Active,2022-01-18,2025-04-30,ERP
100845,PROD-100845,Managed object-oriented middleware,Services,Training,VMware,1753.49,1661.75,Active,2025-05-06,2025-12-07,ERP
100846,PROD-100846,Customer-focused optimal leverage,Services,Support,HP,4897.9,1156.32,Active,2023-01-11,2026-07-20,ERP
100847,PROD-100847,Reduced user-facing access,Services,Implementation,Adobe,4453.68,1539.76,Active,2023-01-09,2024-10-13,ERP
100848,PROD-100848,Polarized directional infrastructure,Security,Encryption,HP,4347.88,2571.31,Active,2022-03-20,2026-04-15,ERP
100849,PROD-100849,Future-proofed foreground definition,Services,Implementation,Lenovo,4252.06,308.59,Active,2022-05-30,2026-04-11,ERP
100850,PROD-100850,Public-key zero administration artificial intelligence,Cloud,AI,Cisco,1601.74,2620.73,Active,2023-05-14,2024-10-09,ERP
100851,PROD-100851,Pre-emptive high-level protocol,Security,Encryption,VMware,4444.07,3129.37,Active,2023-05-04,2025-05-08,ERP
100852,PROD-100852,Multi-channeled multi-state customer loyalty,Services,Implementation,Lenovo,878.22,3420.49,Active,2026-06-26,2025-09-07,ERP
100853,PROD-100853,Customizable human-resource data-warehouse,Cloud,Storage,VMware,4705.16,2810.27,Active,2024-08-15,2024-08-28,ERP
100854,PROD-100854,Universal asynchronous analyzer,Software,Database,HP,2015.38,404.83,Active,2024-04-24,2024-12-26,ERP
100855,PROD-100855,Cross-platform cohesive extranet,Collaboration,Email,Microsoft,3866.12,2107.83,Active,2022-02-10,2026-03-27,ERP
100856,PROD-100856,Virtual human-resource knowledge user,Software,Operating System,VMware,3109.61,360.14,Active,2024-04-15,2025-11-17,ERP
100857,PROD-100857,Switchable stable frame,Storage,Backup,Cisco,1274.61,1154.6,Active,2025-05-12,2026-06-17,ERP
100858,PROD-100858,Cross-group 6thgeneration implementation,Cloud,Storage,HP,191.43,2662.61,Active,2022-09-17,2025-01-21,ERP
100859,PROD-100859,Horizontal 3rdgeneration emulation,Services,Implementation,Adobe,4876.16,2173.82,Active,2022-03-28,2025-07-30,ERP
100860,PROD-100860,Secured multimedia model,Security,Encryption,HP,4849.23,2798.05,Active,2025-04-15,2025-08-19,ERP
100861,PROD-100861,Managed client-driven productivity,Cloud,Networking,Lenovo,2641.13,2567.12,Active,2025-03-02,2026-02-12,ERP
100862,PROD-100862,Grass-roots next generation instruction set,Security,Threat Protection,Adobe,2721.36,3223.71,Active,2025-04-22,2025-10-02,ERP
100863,PROD-100863,Open-source static flexibility,Collaboration,Voice,Citrix,2090.41,643.98,Active,2021-10-22,2025-03-09,ERP
100864,PROD-100864,Proactive fresh-thinking workforce,Hardware,Laptop,HP,1752.23,1890.06,Active,2024-12-18,2024-08-20,ERP
100865,PROD-100865,Open-source responsive access,Hardware,Monitor,Adobe,1533.07,3069.33,Active,2023-01-12,2024-09-16,ERP
100866,PROD-100866,Organized regional website,Security,Endpoint,Microsoft,2763.65,774.57,Active,2023-06-14,2024-10-18,ERP
100867,PROD-100867,Distributed fresh-thinking orchestration,Storage,Archive,Cisco,858.18,2955.04,Active,2026-04-16,2025-01-28,ERP
100868,PROD-100868,Seamless interactive challenge,Storage,Archive,Cisco,1351.75,1703.4,Active,2021-09-19,2025-08-31,ERP
100869,PROD-100869,User-friendly leadingedge knowledgebase,Networking,Firewall,VMware,3259.86,2139.48,Active,2025-04-20,2025-12-02,ERP
100870,PROD-100870,Devolved client-server throughput,Security,Encryption,Cisco,4274.74,750.07,Active,2025-09-29,2025-09-08,ERP
100871,PROD-100871,Decentralized human-resource functionalities,Security,Identity,Adobe,3107.76,1106.73,Active,2026-07-06,2025-08-14,ERP
100872,PROD-100872,Automated high-level circuit,Collaboration,Meetings,Citrix,146.01,222.29,Active,2023-08-12,2024-10-24,ERP
100873,PROD-100873,Customer-focused 24hour paradigm,Hardware,Desktop,Dell,1446.47,522.03,Active,2024-09-17,2025-06-29,ERP
100874,PROD-100874,Robust human-resource initiative,Collaboration,Email,Cisco,496.48,83.53,Active,2022-06-13,2025-12-31,ERP
100875,PROD-100875,Progressive optimal parallelism,Networking,Firewall,Lenovo,1592.3,3202.86,Active,2022-02-06,2024-10-01,ERP
100876,PROD-100876,Enterprise-wide leadingedge paradigm,Services,Implementation,Microsoft,1684.73,3378.1,Active,2024-02-04,2025-07-22,ERP
100877,PROD-100877,Public-key next generation solution,Cloud,Compute,VMware,3889.48,308.75,Active,2026-05-28,2026-03-24,ERP
100878,PROD-100878,Self-enabling national analyzer,Collaboration,Meetings,Cisco,4483.71,1019.07,Active,2025-09-17,2026-05-01,ERP
100879,PROD-100879,Public-key mobile challenge,Storage,SAN,Dell,4874.26,2865.86,Active,2024-05-19,2025-02-04,ERP
100880,PROD-100880,Pre-emptive logistical help-desk,Storage,Archive,Cisco,3701.21,158.2,Active,2026-06-30,2026-02-04,ERP
100881,PROD-100881,Operative mobile model,Collaboration,Email,Cisco,2390.49,2733.73,Active,2024-02-06,2026-05-21,ERP
100882,PROD-100882,Upgradable attitude-oriented middleware,Security,Threat Protection,HP,3164.36,192.69,Active,2024-08-08,2025-03-19,ERP
100883,PROD-100883,Fully-configurable solution-oriented superstructure,Software,Analytics,Adobe,3210.67,814.93,Active,2026-05-14,2026-05-13,ERP
100884,PROD-100884,Function-based explicit knowledgebase,Hardware,Desktop,Dell,1218.03,1750.79,Active,2024-09-17,2025-10-08,ERP
100885,PROD-100885,Customizable interactive open system,Hardware,Desktop,VMware,2944.25,1598.34,Active,2025-11-07,2024-08-11,ERP
100886,PROD-100886,Mandatory logistical paradigm,Networking,Router,Microsoft,2926.33,2770.74,Active,2022-04-16,2025-12-22,ERP
100887,PROD-100887,Sharable discrete knowledgebase,Cloud,AI,Dell,1281.18,2012.18,Active,2022-10-20,2025-05-29,ERP
100888,PROD-100888,Enhanced cohesive parallelism,Services,Consulting,Microsoft,1809.81,636.83,Active,2024-10-31,2025-11-04,ERP
100889,PROD-100889,Switchable system-worthy hardware,Software,Database,Adobe,1201.74,3927.16,Active,2023-10-03,2025-01-26,ERP
100890,PROD-100890,Progressive value-added parallelism,Services,Implementation,Cisco,155.7,1526.63,Active,2024-02-25,2026-06-03,ERP
100891,PROD-100891,Managed client-driven strategy,Cloud,AI,Microsoft,2452.25,1764.06,Active,2022-06-20,2025-11-23,ERP
100892,PROD-100892,Innovative well-modulated time-frame,Security,Encryption,Cisco,2855.17,2185.89,Active,2024-09-22,2025-10-29,ERP
100893,PROD-100893,Multi-lateral real-time software,Services,Implementation,VMware,4344.93,2404.75,Active,2022-11-04,2026-08-01,ERP
100894,PROD-100894,Assimilated empowering secured line,Cloud,Compute,HP,2274.45,3282.19,Active,2024-01-04,2026-07-14,ERP
100895,PROD-100895,Programmable scalable artificial intelligence,Services,Implementation,Microsoft,3890.79,2036.18,Active,2024-11-15,2025-03-01,ERP
100896,PROD-100896,Up-sized global conglomeration,Cloud,Compute,Citrix,3891.28,974.18,Active,2022-10-05,2025-11-23,ERP
100897,PROD-100897,Switchable zero tolerance moderator,Software,Office,Cisco,2644.15,2002.76,Active,2022-04-24,2024-10-12,ERP
100898,PROD-100898,Up-sized neutral alliance,Cloud,AI,Citrix,2078.53,1305.05,Active,2025-10-22,2025-06-26,ERP
100899,PROD-100899,Innovative composite system engine,Software,Operating System,Microsoft,4184.21,540.85,Active,2026-02-16,2025-05-15,ERP
100900,PROD-100900,Networked encompassing capacity,Hardware,Desktop,Dell,2452.58,417.55,Active,2021-08-14,2026-03-12,ERP
100901,PROD-100901,Pre-emptive logistical extranet,Storage,Archive,VMware,292.97,902.37,Active,2026-04-21,2024-10-27,ERP
100902,PROD-100902,Digitized logistical synergy,Software,Operating System,Cisco,3295.96,3715.4,Active,2025-10-21,2026-05-30,ERP
100903,PROD-100903,Streamlined bottom-line knowledgebase,Software,Office,Microsoft,1836.58,2980.32,Active,2022-10-13,2026-04-14,ERP
100904,PROD-100904,Persevering non-volatile firmware,Storage,Backup,Microsoft,4127.03,1081.62,Active,2023-09-27,2025-03-05,ERP
100905,PROD-100905,Function-based 24hour customer loyalty,Hardware,Laptop,VMware,435.78,883.2,Active,2023-12-31,2025-10-20,ERP
100906,PROD-100906,Devolved systemic matrix,Software,Operating System,Cisco,2681.72,778.11,Active,2023-07-31,2026-04-15,ERP
100907,PROD-100907,Profound asymmetric software,Networking,Switch,Lenovo,3743.24,3070.98,Active,2023-04-19,2025-11-16,ERP
100908,PROD-100908,Open-source intermediate methodology,Services,Implementation,Lenovo,4419.98,688.07,Active,2025-01-22,2024-08-14,ERP
100909,PROD-100909,Re-engineered tertiary policy,Cloud,Networking,Citrix,3304.78,2147.25,Active,2022-10-14,2026-01-13,ERP
100910,PROD-100910,Upgradable transitional paradigm,Collaboration,Voice,Citrix,2772.9,3987.48,Active,2025-04-26,2025-08-31,ERP
100911,PROD-100911,Secured asynchronous data-warehouse,Services,Implementation,Lenovo,4139.47,1310.72,Active,2023-05-08,2025-10-16,ERP
100912,PROD-100912,Profound logistical groupware,Networking,Switch,Lenovo,3840.26,3706.43,Active,2025-08-24,2024-08-15,ERP
100913,PROD-100913,Cloned modular knowledgebase,Security,Threat Protection,Adobe,2265.12,1603.43,Active,2023-12-03,2025-12-30,ERP
100914,PROD-100914,Organized zero tolerance model,Hardware,Server,Microsoft,2612.17,3973.81,Active,2025-11-30,2024-08-07,ERP
100915,PROD-100915,Enterprise-wide scalable monitoring,Security,Identity,VMware,4922.75,878.92,Active,2025-06-29,2026-02-23,ERP
100916,PROD-100916,Seamless zero-defect software,Services,Consulting,VMware,4599.6,2057.3,Active,2021-08-27,2026-04-27,ERP
100917,PROD-100917,Synergistic next generation moderator,Cloud,Compute,Microsoft,2328.83,645.53,Active,2025-08-11,2025-09-15,ERP
100918,PROD-100918,Enhanced clear-thinking ability,Security,Threat Protection,Cisco,1203.32,3249.02,Active,2024-06-21,2025-12-04,ERP
100919,PROD-100919,Enterprise-wide bifurcated customer loyalty,Software,Office,Cisco,3684.62,2901.23,Active,2025-08-24,2026-07-02,ERP
100920,PROD-100920,Visionary bottom-line open architecture,Collaboration,Meetings,Adobe,4137.24,2766.14,Active,2024-02-03,2024-08-11,ERP
100921,PROD-100921,Public-key local hierarchy,Software,Analytics,Microsoft,3667.41,2315.73,Active,2025-06-06,2024-08-04,ERP
100922,PROD-100922,Managed multimedia interface,Software,Operating System,Citrix,1772.25,3273.14,Active,2021-10-13,2026-07-18,ERP
100923,PROD-100923,Centralized fault-tolerant database,Storage,SAN,Cisco,3751.01,3401.68,Active,2023-07-29,2025-04-22,ERP
100924,PROD-100924,Devolved contextually-based methodology,Hardware,Monitor,Microsoft,1558.68,188.7,Active,2022-06-18,2025-10-01,ERP
100925,PROD-100925,Multi-layered multimedia workforce,Cloud,AI,Cisco,808.33,2702.7,Active,2023-05-14,2025-06-19,ERP
100926,PROD-100926,Progressive eco-centric productivity,Storage,Archive,Dell,1149.32,1176.89,Active,2025-04-09,2026-02-28,ERP
100927,PROD-100927,Down-sized discrete secured line,Storage,NAS,HP,1714.03,1916.52,Active,2025-04-02,2026-03-18,ERP
100928,PROD-100928,Centralized methodical migration,Hardware,Monitor,VMware,471.14,2019.75,Active,2023-02-21,2025-07-21,ERP
100929,PROD-100929,Focused bottom-line circuit,Cloud,Storage,Adobe,2818.52,1964.25,Active,2026-04-26,2024-12-25,ERP
100930,PROD-100930,Multi-layered dedicated throughput,Networking,Switch,Cisco,404.64,3112.67,Active,2026-02-06,2024-10-02,ERP
100931,PROD-100931,Visionary hybrid portal,Services,Consulting,Dell,3375.15,1708.57,Active,2023-03-05,2026-05-20,ERP
100932,PROD-100932,Diverse 4thgeneration knowledgebase,Services,Support,Citrix,1755.4,2630.25,Active,2023-03-28,2025-06-23,ERP
100933,PROD-100933,Organized responsive hierarchy,Security,Endpoint,Citrix,3100.29,3960.88,Active,2022-05-29,2025-11-22,ERP
100934,PROD-100934,Re-contextualized intangible database,Collaboration,Meetings,Adobe,272.14,3277.23,Active,2022-10-03,2024-12-21,ERP
100935,PROD-100935,Business-focused incremental synergy,Networking,Firewall,HP,3800.78,3414.74,Active,2025-03-05,2024-09-25,ERP
100936,PROD-100936,Customer-focused 4thgeneration intranet,Software,Operating System,Cisco,4747.26,3708.75,Active,2026-02-02,2025-07-07,ERP
100937,PROD-100937,Digitized empowering encoding,Security,Identity,Citrix,3484.29,467.33,Active,2023-08-07,2025-10-24,ERP
100938,PROD-100938,Cross-platform scalable budgetary management,Collaboration,Productivity,Microsoft,1692.79,2966.55,Active,2024-02-08,2025-02-11,ERP
100939,PROD-100939,User-centric incremental monitoring,Networking,Switch,VMware,2766.56,2501.59,Active,2022-09-02,2026-01-16,ERP
100940,PROD-100940,Object-based stable encoding,Cloud,Compute,Lenovo,2935.87,2662.53,Active,2025-08-07,2026-07-14,ERP
100941,PROD-100941,Open-source multi-tasking firmware,Hardware,Server,HP,347.54,822.77,Active,2023-10-31,2025-03-11,ERP
100942,PROD-100942,Seamless transitional analyzer,Security,Identity,Adobe,3291.05,58.13,Active,2021-12-31,2025-08-02,ERP
100943,PROD-100943,Configurable empowering concept,Storage,Backup,Citrix,4328.2,100.84,Active,2023-07-13,2026-02-17,ERP
100944,PROD-100944,Future-proofed needs-based project,Storage,NAS,Lenovo,2567.27,2846.01,Active,2026-06-03,2024-12-15,ERP
100945,PROD-100945,Digitized secondary orchestration,Services,Implementation,Dell,972.77,2015.09,Active,2022-07-10,2025-09-04,ERP
100946,PROD-100946,Ergonomic uniform concept,Collaboration,Email,Microsoft,1274.59,2129.43,Active,2025-11-12,2026-04-01,ERP
100947,PROD-100947,Centralized even-keeled groupware,Services,Implementation,Lenovo,3734.73,98.03,Active,2025-01-25,2026-05-18,ERP
100948,PROD-100948,Fully-configurable zero administration software,Services,Training,VMware,1219.21,3913.52,Active,2025-09-17,2024-08-11,ERP
100949,PROD-100949,Reverse-engineered zero tolerance knowledgebase,Security,Identity,VMware,4399.45,3564.35,Active,2025-08-19,2025-07-12,ERP
100950,PROD-100950,Object-based well-modulated Graphic Interface,Hardware,Server,Cisco,800.96,3591.27,Active,2021-10-23,2024-12-10,ERP
100951,PROD-100951,Stand-alone well-modulated infrastructure,Cloud,Compute,Lenovo,2627.55,2720.03,Active,2023-12-03,2026-03-04,ERP
100952,PROD-100952,Distributed actuating open architecture,Networking,Wireless,Cisco,2885.85,1720.2,Active,2021-12-12,2025-08-20,ERP
100953,PROD-100953,Grass-roots bandwidth-monitored process improvement,Security,Threat Protection,Adobe,2734.06,846.86,Active,2025-08-17,2025-03-08,ERP
100954,PROD-100954,Centralized reciprocal attitude,Cloud,Storage,HP,1579.54,2827.92,Active,2026-01-20,2025-04-01,ERP
100955,PROD-100955,Devolved intermediate methodology,Cloud,Networking,HP,3298.35,2270.26,Active,2023-03-27,2025-05-23,ERP
100956,PROD-100956,Team-oriented asynchronous forecast,Cloud,AI,Dell,2808.83,3795.69,Active,2024-06-18,2025-04-30,ERP
100957,PROD-100957,Extended full-range methodology,Software,Database,Citrix,4205.64,603.45,Active,2024-04-29,2024-08-25,ERP
100958,PROD-100958,Managed responsive array,Hardware,Server,Lenovo,4807.92,1230.81,Active,2025-09-21,2026-01-19,ERP
100959,PROD-100959,Focused zero-defect alliance,Security,Endpoint,Cisco,578.52,759.37,Active,2025-03-05,2026-06-11,ERP
100960,PROD-100960,Profound attitude-oriented knowledge user,Security,Endpoint,Cisco,1193.02,128.69,Active,2024-01-01,2024-12-02,ERP
100961,PROD-100961,Sharable uniform system engine,Software,Office,HP,2536.51,2428.73,Active,2022-02-14,2026-05-19,ERP
100962,PROD-100962,Up-sized heuristic matrix,Services,Support,Lenovo,2482.66,571.61,Active,2025-01-20,2025-05-08,ERP
100963,PROD-100963,Inverse client-driven protocol,Networking,Switch,Microsoft,2072.52,3876.04,Active,2024-01-30,2025-09-25,ERP
100964,PROD-100964,Decentralized tangible benchmark,Security,Encryption,Cisco,3724.71,3953.27,Active,2022-04-09,2026-07-26,ERP
100965,PROD-100965,Re-contextualized impactful archive,Networking,Router,HP,4639.16,3942.87,Active,2021-08-03,2026-04-07,ERP
100966,PROD-100966,Reactive impactful pricing structure,Collaboration,Voice,Adobe,4443.56,1724.53,Active,2024-12-30,2024-10-30,ERP
100967,PROD-100967,Managed demand-driven Internet solution,Hardware,Monitor,Citrix,2001.05,3758.08,Active,2023-08-18,2025-10-25,ERP
100968,PROD-100968,Implemented intermediate hardware,Hardware,Laptop,Adobe,2311.66,3514.12,Active,2023-04-13,2024-12-30,ERP
100969,PROD-100969,Ergonomic empowering ability,Networking,Wireless,Microsoft,2810.62,2076.6,Active,2024-12-17,2025-09-11,ERP
100970,PROD-100970,Synergized real-time initiative,Hardware,Desktop,VMware,2225.79,3540.48,Active,2021-08-22,2026-04-27,ERP
100971,PROD-100971,Re-engineered 3rdgeneration capacity,Security,Encryption,HP,2141.19,2462.21,Active,2021-09-24,2025-11-22,ERP
100972,PROD-100972,Inverse 5thgeneration moderator,Hardware,Desktop,Adobe,4157.97,1820.5,Active,2023-03-27,2025-09-14,ERP
100973,PROD-100973,Universal systemic application,Software,Database,HP,1995.68,1310.76,Active,2024-12-15,2024-10-06,ERP
100974,PROD-100974,Future-proofed 5thgeneration solution,Hardware,Desktop,Adobe,2972.06,2857.72,Active,2022-07-02,2025-11-20,ERP
100975,PROD-100975,Business-focused global artificial intelligence,Networking,Wireless,Dell,1287.91,2774.58,Active,2022-12-29,2025-09-14,ERP
100976,PROD-100976,Re-contextualized 5thgeneration initiative,Cloud,Compute,Dell,615.12,1811.36,Active,2022-12-23,2025-02-24,ERP
100977,PROD-100977,Operative needs-based analyzer,Services,Consulting,Lenovo,3648.03,3901.39,Active,2026-02-01,2026-04-06,ERP
100978,PROD-100978,Persistent 24hour hierarchy,Cloud,Networking,Lenovo,267.34,704.27,Active,2026-01-18,2026-06-20,ERP
100979,PROD-100979,Synchronized systematic process improvement,Services,Support,HP,4350.65,736.0,Active,2023-08-27,2025-02-20,ERP
100980,PROD-100980,Optional clear-thinking contingency,Hardware,Monitor,VMware,1582.12,3080.31,Active,2024-06-22,2026-04-03,ERP
100981,PROD-100981,Function-based optimizing capacity,Collaboration,Voice,HP,631.89,547.99,Active,2025-06-29,2026-02-15,ERP
100982,PROD-100982,Open-source content-based protocol,Networking,Router,VMware,110.43,2003.07,Active,2022-12-28,2025-02-23,ERP
100983,PROD-100983,Seamless analyzing parallelism,Collaboration,Email,Adobe,1227.5,2365.73,Active,2023-10-20,2026-04-11,ERP
100984,PROD-100984,Re-engineered executive extranet,Collaboration,Productivity,Lenovo,2237.28,2414.84,Active,2021-11-14,2025-05-18,ERP
100985,PROD-100985,Devolved analyzing moratorium,Hardware,Desktop,VMware,3117.84,2241.26,Active,2026-05-03,2025-10-24,ERP
100986,PROD-100986,Organized demand-driven budgetary management,Networking,Router,HP,783.87,2621.78,Active,2022-12-24,2026-05-23,ERP
100987,PROD-100987,Reactive dedicated contingency,Hardware,Desktop,Microsoft,3351.63,3356.11,Active,2022-03-17,2025-10-29,ERP
100988,PROD-100988,Upgradable intermediate core,Security,Threat Protection,Dell,292.71,1682.4,Active,2025-06-25,2025-11-17,ERP
100989,PROD-100989,Synchronized neutral core,Cloud,Storage,VMware,3074.89,2773.77,Active,2025-05-21,2026-02-21,ERP
100990,PROD-100990,Right-sized 4thgeneration knowledge user,Cloud,Networking,Citrix,4660.83,395.18,Active,2022-04-12,2025-06-05,ERP
100991,PROD-100991,Configurable homogeneous access,Security,Threat Protection,Citrix,4492.77,3285.55,Active,2021-09-05,2025-03-21,ERP
100992,PROD-100992,Upgradable static matrix,Storage,SAN,VMware,2380.54,510.04,Active,2026-01-23,2025-09-20,ERP
100993,PROD-100993,Robust bifurcated software,Security,Threat Protection,Lenovo,2647.0,2790.92,Active,2024-04-30,2024-09-20,ERP
100994,PROD-100994,Integrated optimizing support,Hardware,Laptop,Dell,2444.13,2762.4,Active,2026-05-21,2025-10-13,ERP
100995,PROD-100995,Balanced 24/7 adapter,Security,Encryption,Citrix,1335.32,2311.19,Active,2025-03-10,2025-05-12,ERP
100996,PROD-100996,Right-sized local service-desk,Services,Support,Adobe,2622.54,2536.63,Active,2026-05-08,2026-04-19,ERP
100997,PROD-100997,Operative dedicated encoding,Collaboration,Meetings,Cisco,3557.51,3917.55,Active,2023-07-22,2024-10-04,ERP
100998,PROD-100998,Proactive radical open system,Hardware,Laptop,Microsoft,2351.18,3192.01,Active,2022-08-15,2025-07-10,ERP
100999,PROD-100999,Robust regional emulation,Networking,Wireless,Lenovo,275.19,1414.86,Active,2023-05-05,2024-08-31,ERP
101000,PROD-101000,Customer-focused zero administration neural-net,Networking,Router,Cisco,3465.58,1036.31,Active,2022-01-30,2026-03-03,ERP
101001,PROD-101001,Cross-group local Graphic Interface,Software,Analytics,VMware,2558.11,1312.6,Active,2022-09-27,2024-08-03,ERP
101002,PROD-101002,Object-based 24/7 extranet,Hardware,Laptop,Citrix,1739.74,2904.48,Active,2022-05-05,2026-06-04,ERP
101003,PROD-101003,Cross-platform contextually-based open system,Hardware,Desktop,Cisco,1686.05,1368.3,Active,2023-10-16,2025-08-14,ERP
101004,PROD-101004,Multi-layered global toolset,Collaboration,Productivity,Microsoft,3245.98,1938.94,Active,2026-05-22,2024-11-15,ERP
101005,PROD-101005,User-centric systematic approach,Collaboration,Voice,Adobe,3930.75,1670.46,Active,2023-03-20,2025-06-13,ERP
101006,PROD-101006,Customer-focused 24/7 adapter,Hardware,Server,Citrix,2798.13,99.41,Active,2022-12-29,2025-07-12,ERP
101007,PROD-101007,Universal discrete artificial intelligence,Services,Training,Dell,4849.59,1139.83,Active,2021-11-08,2026-05-21,ERP
101008,PROD-101008,Face-to-face zero tolerance workforce,Hardware,Server,Lenovo,3151.23,3373.56,Active,2026-07-01,2025-07-13,ERP
101009,PROD-101009,Intuitive holistic protocol,Storage,NAS,Dell,4329.74,3012.37,Active,2022-05-01,2025-08-16,ERP
101010,PROD-101010,Extended fresh-thinking standardization,Services,Consulting,VMware,2098.65,2000.79,Active,2022-08-28,2024-12-04,ERP
101011,PROD-101011,Universal next generation matrices,Networking,Firewall,Adobe,4155.81,1227.95,Active,2023-09-22,2026-01-04,ERP
101012,PROD-101012,Robust fresh-thinking groupware,Security,Endpoint,Dell,1902.37,173.65,Active,2022-11-10,2024-11-11,ERP
101013,PROD-101013,Business-focused tangible customer loyalty,Networking,Router,Adobe,2554.67,3201.13,Active,2023-12-30,2025-12-27,ERP
101014,PROD-101014,Phased disintermediate system engine,Cloud,Storage,Citrix,4622.0,2936.45,Active,2022-09-24,2026-06-17,ERP
101015,PROD-101015,Extended fresh-thinking archive,Security,Threat Protection,HP,3858.93,415.55,Active,2022-08-18,2026-05-27,ERP
101016,PROD-101016,Diverse actuating groupware,Cloud,Storage,Microsoft,2323.87,2861.87,Active,2026-04-26,2025-12-21,ERP
101017,PROD-101017,Cross-group incremental ability,Software,Operating System,VMware,4665.07,2756.03,Active,2025-09-26,2024-10-16,ERP
101018,PROD-101018,Horizontal discrete projection,Software,Analytics,Adobe,4451.47,434.83,Active,2022-03-25,2026-06-03,ERP
101019,PROD-101019,Function-based motivating extranet,Security,Identity,VMware,3212.31,859.14,Active,2026-05-28,2025-11-01,ERP
101020,PROD-101020,De-engineered human-resource hub,Networking,Switch,VMware,1419.42,1293.62,Active,2026-04-25,2026-01-06,ERP
101021,PROD-101021,Visionary discrete function,Collaboration,Email,VMware,789.14,1112.71,Active,2025-03-09,2025-12-12,ERP
101022,PROD-101022,Inverse bandwidth-monitored system engine,Hardware,Laptop,Cisco,2735.52,2208.73,Active,2023-12-14,2026-01-10,ERP
101023,PROD-101023,Ergonomic foreground website,Security,Endpoint,VMware,2891.71,705.82,Active,2022-02-03,2025-09-15,ERP
101024,PROD-101024,Progressive regional monitoring,Security,Threat Protection,Adobe,301.09,140.25,Active,2023-09-03,2025-12-12,ERP
101025,PROD-101025,Realigned actuating standardization,Hardware,Laptop,Lenovo,316.31,1720.2,Active,2025-11-18,2025-01-24,ERP
101026,PROD-101026,Devolved composite policy,Cloud,Networking,Citrix,1596.58,3274.33,Active,2022-05-27,2026-03-17,ERP
101027,PROD-101027,Customer-focused hybrid portal,Software,Office,HP,509.94,3214.34,Active,2024-07-21,2026-07-18,ERP
101028,PROD-101028,Organic demand-driven customer loyalty,Collaboration,Email,Adobe,1586.44,2586.56,Active,2026-02-07,2026-06-08,ERP
101029,PROD-101029,Robust fresh-thinking hierarchy,Collaboration,Productivity,Cisco,4739.87,596.29,Active,2026-01-14,2026-06-10,ERP
101030,PROD-101030,Synergized eco-centric throughput,Security,Threat Protection,Lenovo,957.6,3671.13,Active,2024-09-11,2026-04-08,ERP
101031,PROD-101031,Realigned disintermediate system engine,Services,Training,Adobe,2463.16,284.83,Active,2021-10-27,2025-10-18,ERP
101032,PROD-101032,Intuitive solution-oriented budgetary management,Software,Analytics,Adobe,2333.15,703.94,Active,2024-07-16,2025-09-20,ERP
101033,PROD-101033,Down-sized next generation open architecture,Services,Support,Dell,2058.15,2864.24,Active,2021-08-09,2026-03-09,ERP
101034,PROD-101034,Organized user-facing protocol,Software,Analytics,Dell,3972.53,2142.66,Active,2026-07-11,2026-04-18,ERP
101035,PROD-101035,Switchable national database,Storage,Archive,Cisco,3123.33,2203.1,Active,2024-10-14,2024-09-08,ERP
101036,PROD-101036,Managed national capability,Collaboration,Productivity,Dell,1736.54,3260.31,Active,2021-08-23,2026-01-27,ERP
101037,PROD-101037,Innovative 3rdgeneration intranet,Storage,Archive,Citrix,2745.41,963.71,Active,2025-04-29,2025-07-29,ERP
101038,PROD-101038,Mandatory user-facing productivity,Software,Office,Dell,2981.21,1865.06,Active,2025-06-09,2026-02-28,ERP
101039,PROD-101039,User-friendly clear-thinking analyzer,Software,Office,HP,1574.78,1638.03,Active,2022-04-28,2026-06-08,ERP
101040,PROD-101040,Profound grid-enabled matrices,Software,Office,Citrix,2496.76,2649.15,Active,2022-10-28,2026-06-18,ERP
101041,PROD-101041,Operative client-driven matrix,Software,Database,HP,4441.94,3615.44,Active,2022-10-06,2025-08-28,ERP
101042,PROD-101042,Optional leadingedge function,Hardware,Desktop,HP,2292.22,1183.73,Active,2022-08-23,2025-12-16,ERP
101043,PROD-101043,Centralized object-oriented migration,Collaboration,Meetings,Cisco,3423.51,1283.48,Active,2023-08-29,2026-05-05,ERP
101044,PROD-101044,Realigned full-range Graphic Interface,Security,Encryption,Citrix,4951.93,2341.34,Active,2022-02-15,2026-04-27,ERP
101045,PROD-101045,Front-line secondary monitoring,Storage,NAS,VMware,358.93,3606.78,Active,2024-11-10,2025-04-25,ERP
101046,PROD-101046,Business-focused zero-defect software,Hardware,Laptop,Citrix,593.01,1146.78,Active,2024-01-28,2025-06-07,ERP
101047,PROD-101047,Enterprise-wide object-oriented customer loyalty,Hardware,Desktop,Lenovo,3526.0,1592.22,Active,2021-12-06,2024-08-13,ERP
101048,PROD-101048,Future-proofed asymmetric framework,Services,Implementation,Lenovo,1938.75,2191.85,Active,2026-03-27,2026-03-16,ERP
101049,PROD-101049,Integrated executive application,Cloud,Networking,HP,981.72,1553.77,Active,2023-10-22,2025-12-01,ERP
101050,PROD-101050,Triple-buffered tertiary contingency,Services,Implementation,HP,1477.93,3494.12,Active,2023-11-17,2024-11-08,ERP
101051,PROD-101051,Profound global success,Cloud,Storage,Microsoft,405.14,87.44,Active,2025-06-08,2025-07-29,ERP
101052,PROD-101052,Decentralized heuristic function,Collaboration,Productivity,HP,469.08,2577.92,Active,2025-10-15,2025-09-27,ERP
101053,PROD-101053,Digitized national pricing structure,Storage,Archive,Lenovo,3135.08,1831.22,Active,2022-05-27,2025-07-15,ERP
101054,PROD-101054,Total client-server conglomeration,Storage,Archive,Lenovo,1808.77,763.52,Active,2025-11-21,2024-11-25,ERP
101055,PROD-101055,Ergonomic interactive circuit,Hardware,Monitor,Cisco,3575.04,1095.27,Active,2024-07-22,2025-01-24,ERP
101056,PROD-101056,Down-sized 4thgeneration flexibility,Services,Consulting,Microsoft,2862.34,2826.91,Active,2024-07-12,2026-01-27,ERP
101057,PROD-101057,Multi-layered actuating challenge,Software,Office,Dell,753.33,2931.89,Active,2026-05-18,2024-11-02,ERP
101058,PROD-101058,Secured next generation infrastructure,Security,Encryption,Dell,2640.62,2450.03,Active,2021-11-04,2024-10-10,ERP
101059,PROD-101059,Down-sized national matrices,Networking,Wireless,Dell,3436.17,2168.31,Active,2023-10-30,2026-05-07,ERP
101060,PROD-101060,Phased attitude-oriented help-desk,Security,Identity,Citrix,2698.41,67.86,Active,2024-05-20,2026-03-22,ERP
101061,PROD-101061,Streamlined dedicated infrastructure,Collaboration,Productivity,Citrix,2134.03,3843.31,Active,2024-12-09,2025-03-21,ERP
101062,PROD-101062,Quality-focused zero-defect algorithm,Security,Threat Protection,HP,224.86,3693.39,Active,2026-04-09,2026-07-04,ERP
101063,PROD-101063,Visionary didactic forecast,Security,Threat Protection,Microsoft,3165.04,2323.11,Active,2023-11-11,2026-07-10,ERP
101064,PROD-101064,Compatible intermediate throughput,Hardware,Server,Microsoft,1469.74,352.98,Active,2024-06-27,2026-06-19,ERP
101065,PROD-101065,Configurable systemic pricing structure,Software,Analytics,VMware,706.07,1141.86,Active,2024-09-02,2026-07-19,ERP
101066,PROD-101066,Seamless contextually-based alliance,Security,Identity,Dell,3038.92,3642.77,Active,2024-11-03,2024-11-07,ERP
101067,PROD-101067,Fully-configurable bottom-line secured line,Cloud,Networking,Citrix,4048.81,1063.48,Active,2021-10-27,2025-04-09,ERP
101068,PROD-101068,Streamlined exuding utilization,Networking,Wireless,HP,4006.89,3451.51,Active,2025-08-03,2024-11-16,ERP
101069,PROD-101069,Managed even-keeled extranet,Services,Consulting,HP,2997.94,3291.35,Active,2022-05-05,2024-12-29,ERP
101070,PROD-101070,Enhanced dedicated function,Collaboration,Productivity,Lenovo,1227.84,1774.74,Active,2025-01-27,2025-09-26,ERP
101071,PROD-101071,Mandatory multi-state website,Cloud,Storage,Citrix,318.91,1075.97,Active,2022-01-14,2025-09-15,ERP
101072,PROD-101072,Open-architected contextually-based implementation,Software,Operating System,HP,2346.87,1918.02,Active,2025-04-24,2024-10-03,ERP
101073,PROD-101073,Future-proofed coherent support,Collaboration,Meetings,Lenovo,3433.37,1575.53,Active,2024-01-16,2026-07-09,ERP
101074,PROD-101074,Automated directional middleware,Security,Endpoint,Lenovo,108.72,3710.71,Active,2025-03-13,2026-06-19,ERP
101075,PROD-101075,Persistent intermediate methodology,Collaboration,Productivity,Citrix,4810.73,2739.43,Active,2025-04-27,2025-04-11,ERP
101076,PROD-101076,Robust mission-critical paradigm,Hardware,Laptop,Citrix,4783.11,1741.35,Active,2022-12-24,2026-04-23,ERP
101077,PROD-101077,Polarized web-enabled emulation,Security,Threat Protection,VMware,1372.08,415.65,Active,2022-02-22,2026-06-14,ERP
101078,PROD-101078,Virtual fresh-thinking forecast,Storage,Archive,Cisco,3684.85,2365.18,Active,2025-09-20,2025-09-18,ERP
101079,PROD-101079,Cross-platform systematic alliance,Networking,Firewall,HP,1600.69,67.05,Active,2023-03-09,2025-02-15,ERP
101080,PROD-101080,Ergonomic bottom-line encryption,Hardware,Laptop,Microsoft,2085.68,2112.93,Active,2023-03-25,2026-06-25,ERP
101081,PROD-101081,Polarized zero administration success,Collaboration,Voice,Cisco,3639.99,1026.29,Active,2025-11-05,2025-08-18,ERP
101082,PROD-101082,Monitored solution-oriented matrices,Hardware,Laptop,Dell,331.57,2386.7,Active,2024-06-15,2024-09-15,ERP
101083,PROD-101083,Multi-channeled hybrid capability,Networking,Router,Dell,477.61,2428.63,Active,2023-02-22,2026-06-25,ERP
101084,PROD-101084,Organic methodical Graphical User Interface,Storage,NAS,Dell,3493.49,1032.01,Active,2024-01-30,2025-06-12,ERP
101085,PROD-101085,Integrated asymmetric challenge,Collaboration,Email,Adobe,4617.34,1123.62,Active,2024-01-15,2025-04-03,ERP
101086,PROD-101086,Front-line asymmetric secured line,Storage,Backup,VMware,851.73,319.14,Active,2023-06-27,2026-03-18,ERP
101087,PROD-101087,User-centric interactive moderator,Hardware,Monitor,Lenovo,1696.64,263.73,Active,2021-09-05,2026-01-21,ERP
101088,PROD-101088,Vision-oriented web-enabled analyzer,Security,Endpoint,Adobe,393.52,3918.2,Active,2024-09-26,2025-12-14,ERP
101089,PROD-101089,Customer-focused solution-oriented database,Networking,Wireless,HP,3245.14,456.01,Active,2024-03-24,2024-12-30,ERP
101090,PROD-101090,Configurable motivating software,Storage,NAS,Dell,4567.42,2868.72,Active,2022-08-19,2025-03-03,ERP
101091,PROD-101091,Enhanced modular emulation,Software,Operating System,Dell,398.54,2916.99,Active,2023-02-09,2025-10-27,ERP
101092,PROD-101092,Ameliorated directional architecture,Collaboration,Email,Adobe,786.83,2570.33,Active,2024-07-04,2025-06-03,ERP
101093,PROD-101093,Profit-focused tangible protocol,Hardware,Monitor,VMware,800.46,1336.08,Active,2026-04-13,2025-05-21,ERP
101094,PROD-101094,Inverse directional implementation,Storage,SAN,Adobe,2416.79,1630.55,Active,2024-01-21,2025-12-01,ERP
101095,PROD-101095,Monitored value-added ability,Software,Database,Microsoft,1952.9,2764.81,Active,2026-03-09,2025-07-25,ERP
101096,PROD-101096,Advanced stable pricing structure,Collaboration,Email,Citrix,1700.53,1228.74,Active,2024-03-08,2025-09-25,ERP
101097,PROD-101097,Synergized zero-defect knowledge user,Hardware,Laptop,Citrix,2696.4,3844.68,Active,2024-06-09,2026-07-16,ERP
101098,PROD-101098,Synergized zero tolerance system engine,Software,Office,VMware,3256.57,727.06,Active,2024-02-09,2024-09-04,ERP
101099,PROD-101099,Team-oriented tertiary frame,Hardware,Monitor,Cisco,1529.41,1575.67,Active,2025-02-11,2026-06-22,ERP
101100,PROD-101100,Networked coherent productivity,Software,Analytics,Adobe,470.07,2540.35,Active,2021-10-16,2026-07-27,ERP
101101,PROD-101101,Configurable holistic concept,Networking,Switch,Microsoft,1005.81,2885.96,Active,2026-05-24,2026-07-05,ERP
101102,PROD-101102,Digitized multi-state capability,Networking,Wireless,Lenovo,361.81,2173.69,Active,2025-12-06,2024-10-23,ERP
101103,PROD-101103,Progressive exuding intranet,Security,Encryption,Adobe,4834.54,90.26,Active,2022-04-02,2025-01-17,ERP
101104,PROD-101104,Assimilated local customer loyalty,Services,Consulting,Citrix,3949.5,195.19,Active,2023-11-29,2025-06-07,ERP
101105,PROD-101105,Open-architected analyzing monitoring,Software,Database,Adobe,4703.44,3484.05,Active,2024-03-01,2025-04-18,ERP
101106,PROD-101106,Intuitive multi-tasking ability,Cloud,Storage,Dell,232.54,587.82,Active,2026-06-23,2024-10-03,ERP
101107,PROD-101107,Adaptive attitude-oriented infrastructure,Hardware,Monitor,Microsoft,1251.28,2603.93,Active,2026-04-09,2025-08-08,ERP
101108,PROD-101108,Monitored user-facing hierarchy,Hardware,Desktop,Microsoft,4528.08,3287.44,Active,2022-08-26,2024-10-10,ERP
101109,PROD-101109,Open-architected grid-enabled analyzer,Software,Office,HP,4184.99,279.23,Active,2026-01-08,2025-07-11,ERP
101110,PROD-101110,Profound real-time alliance,Software,Operating System,Adobe,2995.14,2472.12,Active,2026-05-10,2026-02-22,ERP
101111,PROD-101111,Multi-lateral systemic info-mediaries,Software,Database,Lenovo,1719.85,3347.69,Active,2025-01-25,2026-06-22,ERP
101112,PROD-101112,Organic regional Local Area Network,Storage,Backup,Dell,4880.47,2314.47,Active,2024-12-06,2025-12-22,ERP
101113,PROD-101113,Multi-channeled leadingedge methodology,Cloud,AI,Cisco,3832.93,2382.51,Active,2023-05-02,2025-02-14,ERP
101114,PROD-101114,Reduced transitional access,Services,Consulting,Dell,1405.77,3036.26,Active,2026-03-21,2025-01-01,ERP
101115,PROD-101115,Polarized national emulation,Cloud,AI,HP,2221.37,3704.56,Active,2026-04-09,2026-03-16,ERP
101116,PROD-101116,Digitized zero tolerance ability,Hardware,Desktop,Dell,3965.71,2537.97,Active,2025-05-11,2026-01-31,ERP
101117,PROD-101117,Synergistic actuating synergy,Storage,NAS,Microsoft,4404.15,345.87,Active,2024-01-13,2026-04-09,ERP
101118,PROD-101118,Self-enabling asymmetric solution,Hardware,Desktop,Dell,3548.37,2385.08,Active,2022-06-18,2026-05-18,ERP
101119,PROD-101119,Fundamental motivating open system,Security,Encryption,Adobe,3477.17,844.49,Active,2022-04-11,2024-10-29,ERP
101120,PROD-101120,Customizable multi-tasking throughput,Security,Encryption,Lenovo,1234.31,718.83,Active,2022-07-27,2025-11-21,ERP
101121,PROD-101121,Multi-layered object-oriented concept,Hardware,Desktop,Adobe,3079.65,374.88,Active,2022-05-27,2024-08-26,ERP
101122,PROD-101122,Inverse systematic benchmark,Security,Threat Protection,Lenovo,72.62,961.67,Active,2021-08-18,2024-12-08,ERP
101123,PROD-101123,Devolved motivating approach,Software,Operating System,Citrix,4320.52,3947.46,Active,2025-03-28,2024-12-12,ERP
101124,PROD-101124,Advanced attitude-oriented help-desk,Networking,Wireless,Cisco,1418.31,795.03,Active,2021-10-15,2025-01-08,ERP
101125,PROD-101125,Distributed intermediate structure,Cloud,Networking,Adobe,922.8,2688.82,Active,2026-05-13,2026-03-25,ERP
101126,PROD-101126,Upgradable asymmetric hierarchy,Hardware,Laptop,Citrix,1461.07,1752.82,Active,2023-07-21,2026-03-30,ERP
101127,PROD-101127,Profound clear-thinking core,Services,Implementation,Microsoft,566.88,233.51,Active,2024-08-24,2024-08-19,ERP
101128,PROD-101128,Profound hybrid hierarchy,Cloud,Storage,Microsoft,2451.05,486.36,Active,2023-07-15,2026-03-15,ERP
101129,PROD-101129,Right-sized 4thgeneration customer loyalty,Networking,Wireless,Citrix,2124.38,2994.67,Active,2021-09-23,2024-10-09,ERP
101130,PROD-101130,Assimilated static parallelism,Services,Support,Dell,1664.35,414.8,Active,2025-12-16,2025-09-14,ERP
101131,PROD-101131,Universal executive workforce,Storage,NAS,Lenovo,4462.26,317.28,Active,2025-04-19,2026-06-02,ERP
101132,PROD-101132,Reduced methodical productivity,Collaboration,Email,Lenovo,767.46,3713.35,Active,2023-09-06,2024-08-26,ERP
101133,PROD-101133,Balanced multi-state open system,Collaboration,Meetings,Lenovo,1898.75,1844.52,Active,2024-08-17,2025-09-18,ERP
101134,PROD-101134,Streamlined executive circuit,Networking,Firewall,VMware,1050.94,530.67,Active,2022-07-02,2025-07-30,ERP
101135,PROD-101135,Focused foreground archive,Hardware,Server,HP,599.99,1875.5,Active,2026-07-15,2025-05-23,ERP
101136,PROD-101136,Digitized user-facing challenge,Storage,NAS,Citrix,1138.28,1198.27,Active,2021-08-06,2024-09-23,ERP
101137,PROD-101137,Progressive multi-tasking firmware,Cloud,Storage,Cisco,478.05,3431.47,Active,2025-03-19,2025-10-26,ERP
101138,PROD-101138,Automated uniform time-frame,Collaboration,Meetings,Adobe,4193.1,1134.7,Active,2022-06-27,2025-05-13,ERP
101139,PROD-101139,Reduced zero tolerance Graphical User Interface,Storage,NAS,Cisco,1670.11,2328.38,Active,2025-01-20,2024-12-01,ERP
101140,PROD-101140,Cloned transitional Local Area Network,Cloud,Compute,Lenovo,4901.91,184.23,Active,2022-02-25,2025-04-11,ERP
101141,PROD-101141,Profound transitional collaboration,Collaboration,Email,Lenovo,2679.05,1930.1,Active,2026-03-04,2024-11-01,ERP
101142,PROD-101142,Multi-layered disintermediate intranet,Software,Office,Adobe,1240.53,2244.99,Active,2025-07-19,2026-02-10,ERP
101143,PROD-101143,Extended dynamic superstructure,Hardware,Monitor,Cisco,706.92,1200.77,Active,2021-09-08,2026-04-26,ERP
101144,PROD-101144,Synchronized transitional policy,Software,Operating System,Adobe,3361.73,668.17,Active,2022-01-23,2025-12-27,ERP
101145,PROD-101145,Ameliorated content-based flexibility,Collaboration,Email,Adobe,2345.62,576.03,Active,2023-05-24,2025-02-12,ERP
101146,PROD-101146,Horizontal 6thgeneration success,Storage,NAS,Citrix,3152.71,2823.01,Active,2024-12-25,2025-02-05,ERP
101147,PROD-101147,Multi-tiered even-keeled approach,Hardware,Laptop,Lenovo,4472.5,1348.3,Active,2025-03-31,2025-10-11,ERP
101148,PROD-101148,Decentralized non-volatile utilization,Hardware,Server,Lenovo,3776.8,2799.77,Active,2022-03-18,2025-03-16,ERP
101149,PROD-101149,Fully-configurable real-time moratorium,Networking,Router,Citrix,3692.02,242.88,Active,2024-06-18,2024-10-07,ERP
101150,PROD-101150,Business-focused stable support,Services,Consulting,Dell,1945.63,1874.78,Active,2023-09-21,2026-06-12,ERP
101151,PROD-101151,Extended solution-oriented middleware,Hardware,Server,Citrix,917.57,2246.19,Active,2025-04-07,2024-09-02,ERP
101152,PROD-101152,Re-contextualized intangible model,Software,Database,HP,4907.2,973.57,Active,2021-10-05,2026-01-10,ERP
101153,PROD-101153,Devolved fresh-thinking emulation,Software,Office,Cisco,3778.21,3049.52,Active,2026-01-21,2025-06-15,ERP
101154,PROD-101154,Exclusive hybrid software,Services,Training,VMware,2542.65,1706.14,Active,2022-11-13,2025-07-20,ERP
101155,PROD-101155,Integrated static utilization,Hardware,Laptop,Citrix,1758.87,1957.75,Active,2024-12-31,2026-06-18,ERP
101156,PROD-101156,Ergonomic zero-defect superstructure,Software,Office,VMware,2287.29,1488.38,Active,2022-06-21,2025-06-19,ERP
101157,PROD-101157,Public-key didactic workforce,Software,Database,Adobe,482.18,1577.96,Active,2025-10-28,2025-12-10,ERP
101158,PROD-101158,Managed transitional synergy,Cloud,AI,Dell,591.36,1121.87,Active,2022-12-24,2026-05-19,ERP
101159,PROD-101159,Compatible clear-thinking analyzer,Cloud,Networking,HP,4381.22,2094.73,Active,2023-07-14,2025-01-11,ERP
101160,PROD-101160,Future-proofed incremental access,Hardware,Server,Lenovo,4849.39,2177.2,Active,2023-03-03,2025-05-22,ERP
101161,PROD-101161,Horizontal optimal utilization,Cloud,Networking,Citrix,2129.64,2957.39,Active,2023-10-05,2025-12-11,ERP
101162,PROD-101162,Object-based interactive time-frame,Hardware,Server,Cisco,361.6,3490.38,Active,2024-07-01,2025-04-18,ERP
101163,PROD-101163,Function-based 24/7 framework,Networking,Firewall,Lenovo,2914.59,2631.65,Active,2025-05-25,2026-04-26,ERP
101164,PROD-101164,Synchronized non-volatile attitude,Services,Implementation,Adobe,2317.14,2279.83,Active,2026-06-18,2026-02-10,ERP
101165,PROD-101165,Persistent eco-centric hierarchy,Security,Endpoint,VMware,1172.57,1503.31,Active,2022-05-08,2026-03-27,ERP
101166,PROD-101166,Distributed scalable success,Security,Identity,HP,1797.95,1837.31,Active,2021-12-15,2024-09-01,ERP
101167,PROD-101167,Balanced needs-based help-desk,Cloud,Storage,VMware,952.29,722.05,Active,2021-08-31,2025-05-19,ERP
101168,PROD-101168,Streamlined discrete focus group,Cloud,Storage,Cisco,628.74,3975.25,Active,2025-02-18,2025-06-02,ERP
101169,PROD-101169,Seamless incremental core,Cloud,Networking,VMware,1879.88,840.49,Active,2021-09-24,2025-11-28,ERP
101170,PROD-101170,Profit-focused dedicated benchmark,Hardware,Server,Citrix,782.32,1807.51,Active,2022-02-20,2024-09-29,ERP
101171,PROD-101171,Object-based mission-critical system engine,Cloud,AI,Dell,4606.15,1633.14,Active,2024-09-04,2025-04-14,ERP
101172,PROD-101172,Function-based optimal portal,Collaboration,Meetings,Adobe,4642.67,645.31,Active,2021-12-24,2026-04-09,ERP
101173,PROD-101173,Persevering interactive matrix,Services,Training,Adobe,4485.09,3879.18,Active,2025-07-17,2025-12-16,ERP
101174,PROD-101174,Automated hybrid collaboration,Cloud,Networking,Citrix,3461.28,2933.27,Active,2026-05-28,2025-11-10,ERP
101175,PROD-101175,Reduced exuding functionalities,Hardware,Desktop,Dell,1575.01,1621.48,Active,2024-08-22,2025-03-19,ERP
101176,PROD-101176,Vision-oriented disintermediate encoding,Networking,Wireless,Citrix,507.78,243.76,Active,2025-12-18,2025-09-28,ERP
101177,PROD-101177,Progressive coherent paradigm,Networking,Switch,VMware,1018.79,357.27,Active,2023-05-17,2026-07-20,ERP
101178,PROD-101178,Multi-tiered zero tolerance open architecture,Collaboration,Email,Lenovo,1012.53,1288.09,Active,2023-07-20,2026-02-02,ERP
101179,PROD-101179,Future-proofed 4thgeneration capacity,Hardware,Server,Lenovo,782.33,3418.87,Active,2024-09-24,2024-11-29,ERP
101180,PROD-101180,Right-sized incremental methodology,Services,Implementation,Citrix,110.34,1396.06,Active,2026-06-25,2024-11-17,ERP
101181,PROD-101181,Quality-focused clear-thinking infrastructure,Security,Encryption,Dell,1117.69,3554.02,Active,2021-09-12,2025-04-18,ERP
101182,PROD-101182,Versatile tangible matrices,Storage,Archive,VMware,860.76,2918.8,Active,2025-10-07,2026-07-07,ERP
101183,PROD-101183,Multi-layered user-facing open architecture,Storage,Archive,HP,4185.78,2401.79,Active,2026-01-06,2026-04-17,ERP
101184,PROD-101184,Cross-platform intermediate portal,Cloud,Storage,VMware,2399.33,3473.42,Active,2022-03-11,2025-12-31,ERP
101185,PROD-101185,Reverse-engineered encompassing Graphical User Interface,Services,Consulting,Lenovo,487.82,1652.61,Active,2022-06-29,2025-08-24,ERP
101186,PROD-101186,Multi-lateral bi-directional contingency,Security,Encryption,HP,2801.28,2848.23,Active,2024-05-13,2024-12-01,ERP
101187,PROD-101187,Grass-roots 3rdgeneration throughput,Cloud,Storage,HP,4169.8,1175.62,Active,2021-08-11,2025-02-28,ERP
101188,PROD-101188,Optional analyzing flexibility,Collaboration,Email,VMware,4181.2,1233.06,Active,2026-05-28,2024-09-20,ERP
101189,PROD-101189,Object-based demand-driven software,Collaboration,Meetings,Microsoft,3966.54,637.25,Active,2021-11-11,2026-02-18,ERP
101190,PROD-101190,Organic responsive adapter,Security,Encryption,Dell,3286.37,3573.43,Active,2021-10-01,2026-05-21,ERP
101191,PROD-101191,Enterprise-wide national intranet,Storage,NAS,Adobe,4538.63,2588.02,Active,2026-04-22,2026-05-30,ERP
101192,PROD-101192,Switchable reciprocal structure,Hardware,Laptop,VMware,2490.6,3883.24,Active,2025-09-26,2024-11-23,ERP
101193,PROD-101193,Focused composite Local Area Network,Services,Implementation,Lenovo,4348.31,2521.28,Active,2023-03-07,2025-10-28,ERP
101194,PROD-101194,Down-sized system-worthy neural-net,Collaboration,Email,Citrix,2587.0,2311.67,Active,2022-07-29,2025-06-01,ERP
101195,PROD-101195,Expanded uniform application,Security,Endpoint,Microsoft,773.38,1857.65,Active,2024-06-16,2025-03-22,ERP
101196,PROD-101196,Advanced bandwidth-monitored capability,Cloud,AI,HP,311.8,1460.62,Active,2023-04-18,2025-06-27,ERP
101197,PROD-101197,Sharable systematic Graphical User Interface,Services,Consulting,VMware,1493.74,2564.81,Active,2021-10-19,2025-12-29,ERP
101198,PROD-101198,Optimized bottom-line knowledge user,Software,Database,HP,3835.21,2405.08,Active,2022-11-04,2026-03-27,ERP
101199,PROD-101199,Programmable disintermediate concept,Cloud,AI,Citrix,4142.77,2747.74,Active,2023-12-09,2026-01-27,ERP
101200,PROD-101200,Extended upward-trending productivity,Security,Threat Protection,Citrix,524.38,2330.69,Active,2024-01-20,2025-05-15,ERP
101201,PROD-101201,Secured dedicated task-force,Cloud,Compute,HP,2614.95,1507.73,Active,2022-02-27,2026-06-23,ERP
101202,PROD-101202,Optimized disintermediate firmware,Collaboration,Productivity,Citrix,4608.49,673.04,Active,2025-05-19,2025-11-08,ERP
101203,PROD-101203,Multi-tiered contextually-based moratorium,Networking,Switch,Cisco,4166.29,3185.55,Active,2025-06-24,2025-02-25,ERP
101204,PROD-101204,Virtual clear-thinking installation,Software,Office,Adobe,4584.35,488.35,Active,2025-10-18,2024-09-25,ERP
101205,PROD-101205,Assimilated didactic framework,Cloud,Compute,Adobe,1773.64,2771.93,Active,2021-12-17,2026-01-02,ERP
101206,PROD-101206,Robust disintermediate functionalities,Cloud,Networking,Citrix,902.43,1236.12,Active,2023-03-28,2026-01-29,ERP
101207,PROD-101207,Focused bottom-line process improvement,Software,Database,HP,4291.24,590.88,Active,2023-11-19,2025-10-01,ERP
101208,PROD-101208,Visionary systematic Internet solution,Networking,Firewall,HP,1088.71,3924.91,Active,2023-01-26,2025-01-12,ERP
101209,PROD-101209,Front-line holistic strategy,Storage,SAN,Dell,143.09,1949.91,Active,2026-03-21,2026-07-07,ERP
101210,PROD-101210,Self-enabling motivating approach,Storage,SAN,Cisco,583.7,3177.39,Active,2024-02-29,2025-03-27,ERP
101211,PROD-101211,Function-based coherent policy,Hardware,Monitor,Dell,4547.22,197.04,Active,2024-01-28,2024-12-07,ERP
101212,PROD-101212,Innovative client-driven open architecture,Security,Identity,Dell,3922.74,3682.39,Active,2022-05-21,2025-05-18,ERP
101213,PROD-101213,Innovative attitude-oriented intranet,Networking,Switch,HP,3369.47,141.3,Active,2025-06-28,2025-07-31,ERP
101214,PROD-101214,Configurable even-keeled structure,Cloud,AI,Citrix,1793.41,3424.17,Active,2024-08-27,2025-03-30,ERP
101215,PROD-101215,Compatible 6thgeneration challenge,Networking,Router,Dell,4106.95,3058.9,Active,2023-01-31,2024-09-25,ERP
101216,PROD-101216,Upgradable neutral task-force,Networking,Switch,VMware,900.28,3022.22,Active,2025-05-25,2024-11-01,ERP
101217,PROD-101217,Quality-focused 6thgeneration software,Hardware,Laptop,Cisco,4606.36,3408.9,Active,2026-03-08,2025-06-08,ERP
101218,PROD-101218,Phased system-worthy model,Collaboration,Voice,HP,2226.35,3832.05,Active,2024-08-23,2026-01-09,ERP
101219,PROD-101219,Profit-focused upward-trending Graphical User Interface,Cloud,AI,Lenovo,2149.25,2069.15,Active,2025-01-04,2025-07-11,ERP
101220,PROD-101220,Down-sized exuding focus group,Storage,SAN,Citrix,661.9,463.51,Active,2023-05-01,2026-02-28,ERP
101221,PROD-101221,Monitored homogeneous portal,Cloud,Networking,Citrix,3538.42,2239.6,Active,2021-10-15,2025-06-22,ERP
101222,PROD-101222,Business-focused demand-driven Internet solution,Hardware,Laptop,Citrix,2493.88,1554.5,Active,2023-08-28,2024-10-13,ERP
101223,PROD-101223,Multi-layered didactic secured line,Collaboration,Voice,Adobe,1168.07,1643.95,Active,2022-04-05,2024-09-27,ERP
101224,PROD-101224,Pre-emptive content-based application,Storage,NAS,Dell,4479.04,3214.68,Active,2026-04-22,2025-11-15,ERP
101225,PROD-101225,Streamlined uniform focus group,Services,Support,Microsoft,4993.68,1979.3,Active,2023-07-24,2026-02-10,ERP
101226,PROD-101226,Compatible stable intranet,Software,Office,Adobe,2637.18,2714.16,Active,2024-05-04,2025-04-09,ERP
101227,PROD-101227,Managed modular process improvement,Software,Database,Lenovo,2033.09,2372.46,Active,2022-04-17,2025-09-07,ERP
101228,PROD-101228,Reactive systematic function,Software,Database,Dell,1850.36,816.37,Active,2025-12-17,2026-03-27,ERP
101229,PROD-101229,Reduced user-facing service-desk,Networking,Wireless,Dell,1202.7,1713.2,Active,2024-02-17,2025-05-03,ERP
101230,PROD-101230,Synergistic dynamic open system,Collaboration,Voice,VMware,3793.7,3208.91,Active,2022-11-10,2025-06-03,ERP
101231,PROD-101231,Distributed real-time info-mediaries,Storage,Backup,Adobe,3350.05,3801.8,Active,2025-10-12,2025-08-23,ERP
101232,PROD-101232,Ergonomic 6thgeneration firmware,Collaboration,Voice,HP,3851.6,454.45,Active,2026-04-24,2026-06-11,ERP
101233,PROD-101233,Triple-buffered leadingedge emulation,Security,Encryption,Adobe,1192.57,3771.05,Active,2022-04-22,2025-06-19,ERP
101234,PROD-101234,Intuitive zero administration structure,Hardware,Laptop,Microsoft,4160.05,2005.09,Active,2023-06-06,2026-07-03,ERP
101235,PROD-101235,Synergistic dedicated methodology,Hardware,Desktop,Lenovo,3042.69,1324.65,Active,2021-11-30,2025-02-11,ERP
101236,PROD-101236,Networked national intranet,Security,Identity,Dell,3322.35,2091.8,Active,2023-03-25,2026-07-31,ERP
101237,PROD-101237,Operative 24/7 open system,Collaboration,Productivity,Cisco,1503.14,2004.15,Active,2023-04-16,2024-09-03,ERP
101238,PROD-101238,Fully-configurable needs-based synergy,Security,Threat Protection,Microsoft,4765.27,150.6,Active,2024-03-30,2024-12-09,ERP
101239,PROD-101239,Progressive asymmetric algorithm,Storage,SAN,Lenovo,2278.07,3415.18,Active,2026-03-04,2025-09-09,ERP
101240,PROD-101240,Streamlined explicit utilization,Collaboration,Productivity,Microsoft,212.66,2237.75,Active,2021-12-16,2025-04-08,ERP
101241,PROD-101241,Switchable bifurcated challenge,Security,Endpoint,Adobe,2181.87,1267.03,Active,2025-07-07,2026-02-06,ERP
101242,PROD-101242,Robust grid-enabled database,Storage,Archive,Dell,2865.83,1974.95,Active,2022-08-22,2026-03-21,ERP
101243,PROD-101243,Persistent static instruction set,Collaboration,Productivity,HP,2558.09,1580.75,Active,2022-06-12,2025-06-14,ERP
101244,PROD-101244,Distributed mobile architecture,Collaboration,Productivity,Citrix,3844.03,1155.64,Active,2022-06-06,2026-04-06,ERP
101245,PROD-101245,Total didactic data-warehouse,Hardware,Laptop,Microsoft,684.58,1481.48,Active,2025-01-25,2025-11-24,ERP
101246,PROD-101246,Automated motivating system engine,Hardware,Server,Lenovo,531.88,1396.94,Active,2025-03-10,2025-05-23,ERP
101247,PROD-101247,Upgradable web-enabled Internet solution,Services,Implementation,Citrix,329.42,995.81,Active,2023-04-21,2026-05-17,ERP
101248,PROD-101248,Cross-platform bottom-line Internet solution,Networking,Firewall,Dell,4556.43,285.36,Active,2021-10-24,2025-06-17,ERP
101249,PROD-101249,Streamlined background alliance,Security,Identity,Citrix,890.41,2165.21,Active,2026-01-20,2025-12-15,ERP
101250,PROD-101250,Front-line needs-based ability,Hardware,Monitor,Lenovo,2861.84,3608.1,Active,2023-04-24,2025-05-04,ERP
101251,PROD-101251,Horizontal homogeneous knowledgebase,Security,Identity,Adobe,2960.55,3943.42,Active,2024-01-03,2025-01-20,ERP
101252,PROD-101252,Virtual user-facing structure,Storage,Archive,Citrix,2884.07,3238.1,Active,2022-01-14,2025-10-12,ERP
101253,PROD-101253,Horizontal global collaboration,Software,Database,Citrix,2508.82,3250.54,Active,2022-12-26,2024-08-27,ERP
101254,PROD-101254,Reduced holistic hub,Services,Support,VMware,1848.5,1758.06,Active,2022-06-15,2025-02-25,ERP
101255,PROD-101255,Front-line solution-oriented website,Collaboration,Email,Cisco,1472.41,213.94,Active,2025-02-05,2025-07-12,ERP
101256,PROD-101256,Right-sized exuding budgetary management,Storage,NAS,Dell,3602.65,2323.32,Active,2026-07-09,2026-04-23,ERP
101257,PROD-101257,Synchronized multimedia analyzer,Services,Training,Dell,2853.82,2135.98,Active,2023-01-03,2025-09-29,ERP
101258,PROD-101258,Face-to-face bifurcated algorithm,Storage,NAS,Citrix,3988.48,2614.86,Active,2025-01-07,2024-12-26,ERP
101259,PROD-101259,Balanced actuating encoding,Security,Threat Protection,Lenovo,3334.11,1270.58,Active,2026-01-30,2026-03-10,ERP
101260,PROD-101260,Mandatory 3rdgeneration function,Storage,Archive,VMware,3143.57,1826.58,Active,2022-01-21,2025-06-12,ERP
101261,PROD-101261,Programmable impactful architecture,Cloud,Compute,HP,2905.37,871.49,Active,2026-07-28,2025-09-24,ERP
101262,PROD-101262,Stand-alone neutral function,Collaboration,Voice,Lenovo,4676.45,2913.29,Active,2023-12-19,2025-03-16,ERP
101263,PROD-101263,Expanded neutral synergy,Hardware,Desktop,Citrix,2339.31,980.49,Active,2025-04-09,2025-06-09,ERP
101264,PROD-101264,Enterprise-wide user-facing infrastructure,Security,Encryption,Lenovo,1627.33,3325.1,Active,2022-02-25,2025-08-06,ERP
101265,PROD-101265,Realigned exuding definition,Software,Database,Lenovo,1371.33,1166.0,Active,2022-08-16,2025-06-28,ERP
101266,PROD-101266,Customer-focused secondary policy,Cloud,AI,Cisco,2059.04,476.4,Active,2025-02-25,2026-03-03,ERP
101267,PROD-101267,Centralized object-oriented intranet,Networking,Router,Cisco,3995.37,1259.4,Active,2022-12-06,2026-01-03,ERP
101268,PROD-101268,Devolved zero administration process improvement,Collaboration,Productivity,Lenovo,3252.26,172.09,Active,2026-01-18,2025-10-02,ERP
101269,PROD-101269,Enhanced hybrid artificial intelligence,Cloud,AI,HP,194.25,3163.94,Active,2026-02-21,2025-11-26,ERP
101270,PROD-101270,Advanced logistical groupware,Security,Endpoint,Microsoft,4820.75,1956.22,Active,2022-09-15,2024-08-07,ERP
101271,PROD-101271,Multi-channeled leadingedge Graphical User Interface,Hardware,Laptop,Dell,1603.83,1209.47,Active,2024-03-29,2025-10-18,ERP
101272,PROD-101272,Reverse-engineered global info-mediaries,Software,Office,Citrix,3374.78,3545.73,Active,2023-07-12,2024-10-03,ERP
101273,PROD-101273,Digitized asynchronous adapter,Storage,NAS,Cisco,604.07,2944.56,Active,2023-07-15,2026-02-20,ERP
101274,PROD-101274,Adaptive encompassing task-force,Software,Analytics,Adobe,4428.6,971.36,Active,2026-01-28,2025-08-21,ERP
101275,PROD-101275,Adaptive tangible strategy,Software,Analytics,Citrix,4170.05,2955.51,Active,2021-10-15,2025-06-18,ERP
101276,PROD-101276,Quality-focused responsive extranet,Networking,Wireless,Cisco,764.18,721.24,Active,2023-05-14,2025-11-25,ERP
101277,PROD-101277,Innovative background product,Security,Encryption,Lenovo,1308.81,2368.19,Active,2022-05-31,2025-10-01,ERP
101278,PROD-101278,Monitored didactic infrastructure,Collaboration,Voice,Dell,1616.63,1709.53,Active,2023-01-02,2025-10-31,ERP
101279,PROD-101279,Total intangible software,Networking,Firewall,HP,1846.84,2869.79,Active,2021-10-28,2026-06-27,ERP
101280,PROD-101280,Assimilated incremental parallelism,Security,Identity,Microsoft,4215.29,2657.34,Active,2025-04-11,2025-12-19,ERP
101281,PROD-101281,De-engineered heuristic model,Hardware,Desktop,VMware,2786.0,1254.34,Active,2022-01-02,2025-10-19,ERP
101282,PROD-101282,Cross-group well-modulated functionalities,Services,Consulting,Cisco,4295.35,1569.17,Active,2024-06-16,2025-01-28,ERP
101283,PROD-101283,Devolved holistic structure,Storage,Backup,VMware,496.74,3295.26,Active,2025-07-28,2024-12-27,ERP
101284,PROD-101284,Customizable discrete matrices,Networking,Firewall,Cisco,4304.11,661.9,Active,2022-02-11,2025-10-15,ERP
101285,PROD-101285,Streamlined cohesive standardization,Collaboration,Voice,Lenovo,3957.12,1114.3,Active,2022-07-28,2025-10-05,ERP
101286,PROD-101286,Down-sized optimizing toolset,Software,Office,Adobe,3697.86,3707.83,Active,2026-04-15,2025-01-27,ERP
101287,PROD-101287,Balanced directional website,Services,Implementation,Dell,4130.78,2801.47,Active,2024-11-16,2024-09-21,ERP
101288,PROD-101288,Focused optimal encryption,Software,Analytics,Lenovo,3030.47,3258.38,Active,2022-06-28,2025-12-23,ERP
101289,PROD-101289,Virtual coherent collaboration,Services,Implementation,Microsoft,3821.78,2574.46,Active,2024-01-10,2025-04-02,ERP
101290,PROD-101290,Visionary analyzing frame,Cloud,Networking,HP,65.23,820.3,Active,2026-05-17,2025-04-23,ERP
101291,PROD-101291,Sharable tangible task-force,Security,Threat Protection,Dell,598.6,1017.17,Active,2024-09-30,2024-10-06,ERP
101292,PROD-101292,Seamless eco-centric complexity,Cloud,Networking,Citrix,2284.88,3497.19,Active,2024-01-15,2026-02-21,ERP
101293,PROD-101293,Monitored composite core,Cloud,AI,HP,3452.96,3311.41,Active,2026-02-05,2026-05-27,ERP
101294,PROD-101294,Monitored regional model,Security,Endpoint,Dell,2101.76,748.01,Active,2025-03-06,2025-04-06,ERP
101295,PROD-101295,Versatile zero-defect Graphical User Interface,Storage,NAS,Microsoft,4743.14,3694.37,Active,2024-09-13,2026-01-24,ERP
101296,PROD-101296,Realigned foreground task-force,Networking,Router,Adobe,1031.42,2812.51,Active,2026-04-17,2025-09-02,ERP
101297,PROD-101297,Versatile radical time-frame,Cloud,Compute,Lenovo,3109.12,2411.56,Active,2024-12-26,2024-09-25,ERP
101298,PROD-101298,Inverse even-keeled website,Cloud,Compute,Citrix,892.11,2279.79,Active,2021-12-05,2025-05-21,ERP
101299,PROD-101299,Extended executive artificial intelligence,Hardware,Monitor,Adobe,4144.92,1989.24,Active,2023-07-04,2025-05-26,ERP
101300,PROD-101300,Customizable bottom-line extranet,Networking,Switch,Cisco,4732.96,3258.31,Active,2022-06-08,2025-09-01,ERP
101301,PROD-101301,Proactive high-level hub,Security,Threat Protection,Adobe,1941.26,1739.45,Active,2024-08-15,2026-04-04,ERP
101302,PROD-101302,Total dedicated Graphic Interface,Networking,Switch,VMware,3647.2,777.72,Active,2024-07-13,2025-09-17,ERP
101303,PROD-101303,Diverse foreground matrices,Cloud,Networking,HP,192.43,3905.11,Active,2024-11-10,2025-05-14,ERP
101304,PROD-101304,Face-to-face context-sensitive orchestration,Networking,Wireless,Cisco,1879.71,2744.96,Active,2023-05-01,2025-04-08,ERP
101305,PROD-101305,Multi-tiered client-server parallelism,Collaboration,Email,Microsoft,2370.96,3488.99,Active,2025-06-21,2025-10-29,ERP
101306,PROD-101306,Function-based multimedia hub,Storage,NAS,Lenovo,3556.84,2951.01,Active,2024-02-02,2025-11-19,ERP
101307,PROD-101307,User-centric impactful hub,Security,Identity,Dell,2807.15,232.15,Active,2022-08-30,2025-11-05,ERP
101308,PROD-101308,Cloned eco-centric groupware,Networking,Wireless,Citrix,4983.86,3758.8,Active,2025-01-28,2026-01-16,ERP
101309,PROD-101309,Upgradable zero administration interface,Hardware,Laptop,VMware,2547.48,1539.23,Active,2022-04-27,2026-04-07,ERP
101310,PROD-101310,Polarized next generation protocol,Storage,Backup,HP,4841.89,2249.25,Active,2023-08-19,2025-07-20,ERP
101311,PROD-101311,Optimized content-based archive,Cloud,AI,HP,2543.55,3723.05,Active,2025-01-20,2026-05-07,ERP
101312,PROD-101312,Vision-oriented object-oriented leverage,Collaboration,Meetings,Dell,1620.72,2133.43,Active,2023-08-11,2026-06-01,ERP
101313,PROD-101313,Customer-focused systematic collaboration,Cloud,AI,Dell,1600.68,3914.6,Active,2025-09-26,2025-09-04,ERP
101314,PROD-101314,User-friendly regional strategy,Collaboration,Voice,Citrix,4634.87,1149.63,Active,2021-08-09,2025-04-23,ERP
101315,PROD-101315,Optimized bi-directional project,Security,Threat Protection,Citrix,2207.09,680.81,Active,2025-01-06,2025-04-01,ERP
101316,PROD-101316,Integrated asynchronous approach,Collaboration,Meetings,Adobe,313.45,615.77,Active,2023-08-12,2026-06-19,ERP
101317,PROD-101317,Enterprise-wide object-oriented portal,Networking,Switch,Microsoft,2377.73,675.13,Active,2022-03-13,2025-03-25,ERP
101318,PROD-101318,Enterprise-wide content-based software,Collaboration,Productivity,Dell,4976.25,3710.65,Active,2024-07-27,2025-09-24,ERP
101319,PROD-101319,Optional tangible initiative,Hardware,Monitor,Citrix,4944.65,2254.4,Active,2026-02-12,2025-06-07,ERP
101320,PROD-101320,Compatible executive access,Collaboration,Productivity,Dell,4236.9,3470.85,Active,2023-07-14,2026-01-07,ERP
101321,PROD-101321,Universal content-based superstructure,Software,Analytics,Dell,1058.48,1154.36,Active,2025-04-04,2024-09-07,ERP
101322,PROD-101322,Innovative non-volatile open architecture,Cloud,AI,Cisco,2938.56,3887.22,Active,2024-03-22,2025-09-28,ERP
101323,PROD-101323,Quality-focused demand-driven methodology,Cloud,Networking,Dell,1268.48,2004.99,Active,2023-05-07,2025-08-08,ERP
101324,PROD-101324,Assimilated bandwidth-monitored customer loyalty,Software,Analytics,Microsoft,1457.19,3925.8,Active,2023-08-16,2025-10-02,ERP
101325,PROD-101325,Team-oriented maximized challenge,Software,Office,Citrix,2972.18,3806.1,Active,2023-09-24,2024-10-20,ERP
101326,PROD-101326,Managed zero tolerance adapter,Services,Support,Microsoft,451.26,3327.03,Active,2023-01-25,2025-10-26,ERP
101327,PROD-101327,Ameliorated actuating adapter,Collaboration,Productivity,VMware,2991.31,48.08,Active,2024-06-09,2025-06-25,ERP
101328,PROD-101328,Automated static policy,Hardware,Monitor,Citrix,4739.72,3999.29,Active,2026-03-20,2025-07-20,ERP
101329,PROD-101329,Optional grid-enabled migration,Cloud,Storage,Microsoft,4017.71,1149.74,Active,2021-11-10,2026-02-13,ERP
101330,PROD-101330,Multi-channeled encompassing hardware,Hardware,Laptop,Lenovo,508.13,1039.28,Active,2022-06-11,2025-11-12,ERP
101331,PROD-101331,Enhanced mobile neural-net,Networking,Wireless,Dell,151.53,852.69,Active,2024-01-06,2024-09-18,ERP
101332,PROD-101332,Persevering reciprocal moderator,Storage,Archive,VMware,3253.48,3818.87,Active,2025-11-29,2025-01-07,ERP
101333,PROD-101333,Enterprise-wide dynamic emulation,Cloud,Compute,VMware,2479.68,1743.62,Active,2025-04-22,2026-03-01,ERP
101334,PROD-101334,Optimized systematic orchestration,Security,Endpoint,Citrix,3344.33,3332.41,Active,2024-05-15,2025-09-30,ERP
101335,PROD-101335,Devolved secondary time-frame,Networking,Wireless,Adobe,4432.79,1918.85,Active,2025-05-04,2026-04-07,ERP
101336,PROD-101336,Persistent discrete complexity,Storage,SAN,Lenovo,4064.42,2465.12,Active,2022-05-22,2025-07-20,ERP
101337,PROD-101337,Organized 5thgeneration throughput,Storage,Archive,Dell,250.17,1383.44,Active,2025-07-18,2024-11-20,ERP
101338,PROD-101338,Business-focused value-added initiative,Collaboration,Meetings,HP,4656.8,2120.93,Active,2022-07-12,2025-01-11,ERP
101339,PROD-101339,Assimilated contextually-based application,Software,Analytics,Adobe,2214.91,3631.15,Active,2024-08-14,2026-08-02,ERP
101340,PROD-101340,Integrated exuding benchmark,Collaboration,Voice,HP,4921.72,2745.15,Active,2024-07-11,2025-08-08,ERP
101341,PROD-101341,Face-to-face explicit circuit,Security,Endpoint,Lenovo,1512.63,214.72,Active,2025-04-21,2025-01-25,ERP
101342,PROD-101342,Vision-oriented 5thgeneration middleware,Software,Operating System,Dell,2577.73,1666.75,Active,2025-09-16,2024-10-27,ERP
101343,PROD-101343,Multi-lateral needs-based time-frame,Collaboration,Voice,Citrix,1311.56,350.03,Active,2025-01-04,2025-03-08,ERP
101344,PROD-101344,Persevering real-time orchestration,Hardware,Laptop,Adobe,938.78,749.28,Active,2022-10-14,2024-11-29,ERP
101345,PROD-101345,Automated client-server process improvement,Storage,SAN,Dell,2110.45,2824.9,Active,2025-12-19,2025-10-06,ERP
101346,PROD-101346,Cross-platform asynchronous process improvement,Services,Implementation,Adobe,3137.86,1078.67,Active,2025-09-13,2026-05-06,ERP
101347,PROD-101347,Persistent regional hardware,Cloud,Storage,HP,437.19,3929.19,Active,2024-09-11,2025-02-20,ERP
101348,PROD-101348,Implemented incremental capacity,Security,Identity,Lenovo,2695.16,48.24,Active,2024-06-07,2025-04-17,ERP
101349,PROD-101349,Exclusive discrete toolset,Software,Operating System,HP,3296.21,1854.15,Active,2022-08-17,2025-05-07,ERP
101350,PROD-101350,Programmable didactic extranet,Storage,Archive,VMware,3111.57,3896.34,Active,2023-06-14,2026-04-27,ERP
101351,PROD-101351,Customizable dynamic utilization,Services,Implementation,VMware,483.79,562.08,Active,2022-05-04,2026-02-15,ERP
101352,PROD-101352,User-centric 5thgeneration structure,Networking,Router,Microsoft,3495.36,773.18,Active,2023-05-14,2025-09-17,ERP
101353,PROD-101353,Digitized uniform leverage,Hardware,Desktop,Adobe,3260.68,2607.72,Active,2023-11-28,2024-09-10,ERP
101354,PROD-101354,User-friendly value-added hardware,Storage,NAS,Dell,1539.54,1867.12,Active,2024-06-08,2025-01-24,ERP
101355,PROD-101355,Fully-configurable 24/7 ability,Collaboration,Productivity,Microsoft,626.47,3612.1,Active,2023-08-15,2024-08-12,ERP
101356,PROD-101356,Customizable object-oriented superstructure,Collaboration,Productivity,Adobe,147.16,1811.83,Active,2023-03-08,2025-03-28,ERP
101357,PROD-101357,Total logistical database,Networking,Switch,VMware,2868.68,3339.51,Active,2025-06-15,2026-06-09,ERP
101358,PROD-101358,Synergistic web-enabled analyzer,Hardware,Server,Microsoft,558.18,3394.33,Active,2021-10-13,2024-11-09,ERP
101359,PROD-101359,Pre-emptive intermediate strategy,Storage,Archive,Adobe,3698.54,2393.46,Active,2022-08-28,2024-08-09,ERP
101360,PROD-101360,Public-key secondary hardware,Security,Identity,Adobe,2028.42,2065.59,Active,2022-06-04,2026-02-04,ERP
101361,PROD-101361,Innovative actuating capability,Collaboration,Meetings,Microsoft,2665.13,1702.47,Active,2023-12-15,2026-03-18,ERP
101362,PROD-101362,Profound full-range help-desk,Services,Consulting,VMware,4469.74,1683.12,Active,2025-09-13,2025-05-21,ERP
101363,PROD-101363,Monitored grid-enabled methodology,Collaboration,Email,Adobe,3132.35,2593.56,Active,2026-01-30,2024-09-16,ERP
101364,PROD-101364,Multi-tiered clear-thinking Graphic Interface,Collaboration,Productivity,Microsoft,848.6,2911.68,Active,2025-05-30,2024-10-03,ERP
101365,PROD-101365,Right-sized multi-tasking flexibility,Collaboration,Voice,Adobe,1198.91,898.32,Active,2024-01-30,2025-12-02,ERP
101366,PROD-101366,Customer-focused directional interface,Services,Implementation,HP,4421.71,2898.91,Active,2023-05-19,2025-02-03,ERP
101367,PROD-101367,Visionary scalable website,Storage,Archive,Citrix,3990.06,3204.03,Active,2024-06-11,2026-03-10,ERP
101368,PROD-101368,Customer-focused eco-centric Graphic Interface,Cloud,Storage,VMware,3468.95,367.61,Active,2025-10-28,2025-07-21,ERP
101369,PROD-101369,Reactive grid-enabled emulation,Collaboration,Meetings,HP,1037.45,2432.85,Active,2022-10-01,2026-02-03,ERP
101370,PROD-101370,Progressive human-resource Internet solution,Software,Office,Adobe,1553.08,857.5,Active,2024-12-23,2025-08-07,ERP
101371,PROD-101371,User-friendly eco-centric approach,Hardware,Laptop,Citrix,4410.49,1444.25,Active,2026-06-02,2026-02-03,ERP
101372,PROD-101372,Multi-layered secondary support,Cloud,Storage,Microsoft,4043.74,1367.5,Active,2023-02-28,2025-08-24,ERP
101373,PROD-101373,Total coherent strategy,Software,Database,Dell,2831.81,1958.3,Active,2023-10-17,2025-12-07,ERP
101374,PROD-101374,Organized attitude-oriented framework,Services,Training,Microsoft,3861.97,2239.16,Active,2022-05-12,2025-07-07,ERP
101375,PROD-101375,Advanced high-level project,Cloud,Compute,Microsoft,4636.83,1765.36,Active,2023-07-10,2025-08-26,ERP
101376,PROD-101376,Distributed reciprocal artificial intelligence,Collaboration,Email,Dell,3919.18,2448.38,Active,2022-08-08,2025-01-27,ERP
101377,PROD-101377,Multi-tiered 24/7 matrices,Software,Operating System,Dell,876.88,494.29,Active,2025-04-13,2025-03-04,ERP
101378,PROD-101378,Inverse zero administration superstructure,Networking,Firewall,HP,3655.33,2839.95,Active,2021-11-03,2026-06-29,ERP
101379,PROD-101379,Future-proofed 6thgeneration circuit,Collaboration,Email,HP,3253.11,1355.06,Active,2021-10-07,2025-08-13,ERP
101380,PROD-101380,Configurable local budgetary management,Cloud,Compute,Cisco,2223.59,1677.61,Active,2021-11-07,2026-06-16,ERP
101381,PROD-101381,Horizontal tangible strategy,Hardware,Desktop,Adobe,1739.53,2032.47,Active,2025-10-05,2024-11-22,ERP
101382,PROD-101382,Monitored non-volatile implementation,Software,Analytics,Citrix,3590.24,1674.66,Active,2025-09-26,2025-07-11,ERP
101383,PROD-101383,Upgradable bandwidth-monitored service-desk,Networking,Switch,Lenovo,3946.72,573.53,Active,2024-11-04,2025-02-23,ERP
101384,PROD-101384,Re-contextualized dynamic Graphic Interface,Storage,Archive,Lenovo,4495.42,3808.57,Active,2021-09-01,2024-09-01,ERP
101385,PROD-101385,Cross-group coherent product,Services,Consulting,Adobe,770.64,64.55,Active,2022-10-25,2025-07-15,ERP
101386,PROD-101386,Multi-channeled local implementation,Software,Operating System,Citrix,1608.28,3928.23,Active,2023-05-06,2025-12-17,ERP
101387,PROD-101387,Distributed transitional Graphical User Interface,Cloud,Networking,Microsoft,1996.67,172.45,Active,2026-02-27,2024-09-04,ERP
101388,PROD-101388,Centralized impactful interface,Cloud,Compute,VMware,2125.56,3545.99,Active,2024-07-02,2025-10-28,ERP
101389,PROD-101389,Ameliorated analyzing strategy,Security,Threat Protection,Citrix,89.12,1137.13,Active,2026-01-14,2026-04-22,ERP
101390,PROD-101390,Re-contextualized asynchronous hub,Cloud,Networking,Adobe,3237.2,3553.13,Active,2023-08-03,2026-04-30,ERP
101391,PROD-101391,Profound 4thgeneration access,Collaboration,Voice,Lenovo,3888.23,3526.87,Active,2024-11-29,2025-04-06,ERP
101392,PROD-101392,Business-focused fresh-thinking extranet,Software,Operating System,Citrix,1980.47,2882.55,Active,2022-07-13,2025-01-28,ERP
101393,PROD-101393,Right-sized motivating matrices,Cloud,AI,Cisco,509.46,2218.35,Active,2026-02-14,2025-05-22,ERP
101394,PROD-101394,Fully-configurable fault-tolerant help-desk,Services,Support,Microsoft,188.06,3191.48,Active,2025-09-27,2026-02-03,ERP
101395,PROD-101395,De-engineered executive adapter,Security,Endpoint,VMware,3646.22,3948.14,Active,2024-08-11,2025-03-05,ERP
101396,PROD-101396,Persevering foreground productivity,Software,Operating System,Citrix,1335.79,2042.31,Active,2023-02-24,2026-04-12,ERP
101397,PROD-101397,Multi-channeled real-time emulation,Software,Operating System,Dell,2271.25,2300.43,Active,2025-05-05,2024-12-16,ERP
101398,PROD-101398,Intuitive didactic Graphical User Interface,Hardware,Monitor,Citrix,4915.61,3226.42,Active,2025-08-26,2026-02-09,ERP
101399,PROD-101399,Programmable zero-defect hierarchy,Networking,Firewall,VMware,1458.45,3144.54,Active,2024-08-13,2026-05-26,ERP
101400,PROD-101400,Configurable client-server time-frame,Cloud,Networking,Cisco,570.87,2077.9,Active,2026-01-19,2025-05-10,ERP
101401,PROD-101401,Universal encompassing Graphic Interface,Networking,Firewall,Adobe,535.04,2853.77,Active,2021-10-26,2025-08-08,ERP
101402,PROD-101402,Adaptive bifurcated moratorium,Storage,SAN,Dell,357.86,3556.82,Active,2026-02-02,2026-06-02,ERP
101403,PROD-101403,Expanded encompassing collaboration,Collaboration,Meetings,Adobe,436.46,2715.37,Active,2023-08-07,2024-12-04,ERP
101404,PROD-101404,Up-sized global monitoring,Storage,Archive,VMware,2942.3,2554.93,Active,2024-10-13,2025-10-28,ERP
101405,PROD-101405,Re-engineered impactful application,Collaboration,Productivity,Lenovo,4127.87,598.78,Active,2025-01-15,2025-02-13,ERP
101406,PROD-101406,Expanded interactive complexity,Cloud,Networking,Adobe,690.46,2825.49,Active,2022-12-20,2024-11-30,ERP
101407,PROD-101407,Digitized upward-trending hierarchy,Software,Database,Adobe,2393.11,2992.32,Active,2021-10-21,2024-12-05,ERP
101408,PROD-101408,Integrated exuding toolset,Services,Consulting,Lenovo,596.16,1494.1,Active,2022-03-19,2025-11-24,ERP
101409,PROD-101409,Profound client-server attitude,Security,Identity,HP,632.82,1237.08,Active,2022-01-18,2024-08-05,ERP
101410,PROD-101410,Customer-focused optimizing access,Services,Training,VMware,2455.33,3170.03,Active,2023-10-18,2025-10-28,ERP
101411,PROD-101411,Face-to-face static throughput,Cloud,Networking,Microsoft,4687.26,1238.03,Active,2021-11-02,2024-10-21,ERP
101412,PROD-101412,Visionary intangible open system,Security,Endpoint,HP,4104.67,1967.95,Active,2024-04-25,2025-02-25,ERP
101413,PROD-101413,De-engineered zero administration projection,Software,Analytics,Dell,4358.61,1684.86,Active,2022-06-24,2026-05-15,ERP
101414,PROD-101414,Ergonomic regional groupware,Security,Encryption,Citrix,3917.68,1914.03,Active,2021-11-27,2025-10-05,ERP
101415,PROD-101415,Advanced analyzing functionalities,Cloud,Storage,Adobe,3820.31,2677.2,Active,2023-05-13,2025-10-28,ERP
101416,PROD-101416,Implemented bandwidth-monitored portal,Cloud,AI,Dell,4009.07,2666.4,Active,2022-09-08,2025-01-14,ERP
101417,PROD-101417,User-centric fresh-thinking website,Storage,Archive,Cisco,4506.21,1372.52,Active,2025-01-19,2024-10-19,ERP
101418,PROD-101418,Polarized eco-centric model,Hardware,Monitor,VMware,3247.29,3467.17,Active,2022-01-06,2025-10-02,ERP
101419,PROD-101419,Intuitive high-level functionalities,Hardware,Server,Dell,3237.38,363.48,Active,2023-07-12,2026-05-09,ERP
101420,PROD-101420,Total fresh-thinking success,Hardware,Desktop,Adobe,2538.06,99.19,Active,2025-01-17,2025-08-31,ERP
101421,PROD-101421,Cross-group real-time superstructure,Cloud,Compute,VMware,3944.45,1000.01,Active,2023-09-11,2026-03-02,ERP
101422,PROD-101422,Realigned responsive middleware,Collaboration,Email,Citrix,2038.9,203.81,Active,2024-04-21,2026-05-26,ERP
101423,PROD-101423,Customer-focused stable analyzer,Hardware,Server,Lenovo,943.51,120.63,Active,2024-11-28,2025-04-12,ERP
101424,PROD-101424,Monitored even-keeled pricing structure,Services,Implementation,VMware,500.57,3919.65,Active,2025-03-27,2025-03-11,ERP
101425,PROD-101425,Centralized object-oriented complexity,Cloud,AI,HP,954.21,3079.01,Active,2025-05-04,2025-05-16,ERP
101426,PROD-101426,Devolved systemic methodology,Cloud,AI,Lenovo,3409.11,259.18,Active,2025-09-28,2024-10-04,ERP
101427,PROD-101427,Customer-focused modular policy,Services,Support,Microsoft,3580.84,1209.65,Active,2022-05-05,2024-11-16,ERP
101428,PROD-101428,Integrated mission-critical synergy,Software,Analytics,HP,2093.47,1313.77,Active,2023-11-19,2025-09-07,ERP
101429,PROD-101429,Secured asymmetric functionalities,Storage,SAN,Microsoft,1052.67,3014.73,Active,2022-08-05,2025-12-15,ERP
101430,PROD-101430,Re-engineered fault-tolerant Local Area Network,Networking,Wireless,Lenovo,4749.32,1095.42,Active,2024-09-26,2025-01-08,ERP
101431,PROD-101431,Open-source composite archive,Services,Implementation,Lenovo,374.02,139.9,Active,2021-08-05,2024-09-20,ERP
101432,PROD-101432,Adaptive intermediate core,Networking,Router,VMware,2792.67,2355.04,Active,2024-10-26,2025-06-10,ERP
101433,PROD-101433,Switchable background encoding,Software,Database,HP,1557.83,1641.82,Active,2021-09-10,2025-03-05,ERP
101434,PROD-101434,Networked eco-centric hierarchy,Software,Database,HP,1897.86,3941.6,Active,2024-06-03,2026-05-04,ERP
101435,PROD-101435,Inverse context-sensitive synergy,Networking,Wireless,Adobe,256.87,3255.26,Active,2022-04-21,2025-09-15,ERP
101436,PROD-101436,Versatile asymmetric success,Security,Endpoint,Microsoft,347.87,3689.2,Active,2023-12-18,2026-05-06,ERP
101437,PROD-101437,Virtual content-based info-mediaries,Security,Threat Protection,Lenovo,4996.25,3373.69,Active,2025-07-21,2026-02-22,ERP
101438,PROD-101438,Extended impactful Graphical User Interface,Networking,Firewall,Microsoft,849.01,2148.0,Active,2024-04-25,2025-06-13,ERP
101439,PROD-101439,User-friendly motivating open system,Software,Analytics,Dell,2006.76,513.83,Active,2026-04-22,2024-09-11,ERP
101440,PROD-101440,Reduced incremental strategy,Cloud,AI,Lenovo,1093.71,2031.66,Active,2025-04-11,2024-08-03,ERP
101441,PROD-101441,Advanced static support,Services,Training,VMware,4899.22,2838.32,Active,2025-05-25,2024-09-08,ERP
101442,PROD-101442,Extended optimizing access,Security,Endpoint,Citrix,1741.07,1852.7,Active,2026-01-13,2024-10-11,ERP
101443,PROD-101443,Vision-oriented 5thgeneration array,Services,Consulting,HP,3249.89,33.14,Active,2022-05-09,2025-01-21,ERP
101444,PROD-101444,Synergistic even-keeled forecast,Collaboration,Email,Microsoft,3379.9,1667.32,Active,2021-08-17,2025-03-04,ERP
101445,PROD-101445,Horizontal zero administration model,Collaboration,Productivity,Dell,3947.16,2605.16,Active,2025-12-01,2025-05-29,ERP
101446,PROD-101446,Focused foreground system engine,Software,Operating System,Adobe,3377.62,1428.15,Active,2026-05-13,2026-01-21,ERP
101447,PROD-101447,Multi-channeled client-driven Graphic Interface,Storage,Backup,Lenovo,927.07,3077.66,Active,2024-08-26,2026-06-25,ERP
101448,PROD-101448,Polarized grid-enabled approach,Hardware,Laptop,Adobe,1883.88,792.14,Active,2022-08-24,2024-10-08,ERP
101449,PROD-101449,Function-based user-facing hardware,Hardware,Desktop,Microsoft,3804.18,2730.2,Active,2022-07-18,2025-01-07,ERP
101450,PROD-101450,Triple-buffered executive interface,Services,Support,Dell,4090.59,2510.32,Active,2021-09-27,2025-09-23,ERP
101451,PROD-101451,Inverse discrete functionalities,Networking,Switch,Adobe,4838.12,171.26,Active,2022-01-02,2024-12-27,ERP
101452,PROD-101452,Decentralized zero administration capability,Collaboration,Meetings,Microsoft,1020.63,3288.97,Active,2026-05-26,2024-11-19,ERP
101453,PROD-101453,Reactive client-server benchmark,Storage,SAN,VMware,2867.06,1988.7,Active,2022-09-08,2025-02-09,ERP
101454,PROD-101454,Self-enabling context-sensitive infrastructure,Networking,Switch,Dell,2961.41,2990.24,Active,2024-12-12,2026-03-15,ERP
101455,PROD-101455,Horizontal grid-enabled superstructure,Cloud,AI,Cisco,4410.97,2922.37,Active,2026-06-13,2025-05-17,ERP
101456,PROD-101456,Operative directional synergy,Security,Endpoint,Microsoft,4960.16,2779.62,Active,2022-08-19,2025-08-19,ERP
101457,PROD-101457,Streamlined stable hardware,Security,Encryption,Microsoft,4692.56,2572.84,Active,2021-12-07,2025-10-23,ERP
101458,PROD-101458,Vision-oriented 24hour synergy,Hardware,Server,Lenovo,4229.49,1642.33,Active,2023-08-18,2025-04-03,ERP
101459,PROD-101459,Diverse national neural-net,Software,Office,Adobe,1839.29,3042.11,Active,2024-07-09,2025-12-17,ERP
101460,PROD-101460,Customizable value-added system engine,Networking,Router,VMware,4596.04,2141.33,Active,2024-02-11,2025-09-04,ERP
101461,PROD-101461,Sharable dedicated forecast,Services,Consulting,Lenovo,1013.31,350.19,Active,2024-09-15,2025-07-29,ERP
101462,PROD-101462,Realigned tangible standardization,Hardware,Desktop,Lenovo,4790.99,3670.06,Active,2026-01-12,2025-06-03,ERP
101463,PROD-101463,Phased maximized support,Networking,Switch,Citrix,1588.49,2513.33,Active,2025-03-05,2025-10-29,ERP
101464,PROD-101464,Multi-lateral incremental system engine,Software,Operating System,Adobe,2188.15,120.49,Active,2025-01-27,2025-07-03,ERP
101465,PROD-101465,Decentralized non-volatile moderator,Services,Training,Cisco,583.81,972.48,Active,2024-05-02,2025-10-28,ERP
101466,PROD-101466,Persistent even-keeled workforce,Services,Consulting,Citrix,2622.39,966.06,Active,2025-08-09,2026-02-04,ERP
101467,PROD-101467,Diverse methodical migration,Software,Office,Dell,3145.48,2326.26,Active,2024-10-16,2025-07-19,ERP
101468,PROD-101468,Monitored content-based productivity,Software,Operating System,Microsoft,1918.11,3563.08,Active,2023-06-30,2024-10-08,ERP
101469,PROD-101469,Robust zero administration orchestration,Software,Database,Microsoft,4599.62,1781.63,Active,2022-10-27,2025-01-18,ERP
101470,PROD-101470,Cross-platform systemic encoding,Security,Encryption,Dell,554.05,246.77,Active,2023-01-31,2026-05-08,ERP
101471,PROD-101471,Front-line bi-directional attitude,Hardware,Server,Lenovo,2038.33,2478.78,Active,2024-04-04,2024-12-16,ERP
101472,PROD-101472,Function-based bandwidth-monitored standardization,Storage,NAS,Microsoft,2294.39,1870.23,Active,2023-06-23,2024-09-30,ERP
101473,PROD-101473,Multi-channeled multi-tasking installation,Storage,SAN,Citrix,3272.06,2711.21,Active,2022-04-29,2024-11-03,ERP
101474,PROD-101474,Multi-lateral impactful capability,Hardware,Monitor,Citrix,2959.68,454.33,Active,2025-03-31,2025-11-12,ERP
101475,PROD-101475,Optimized intangible Local Area Network,Hardware,Laptop,Cisco,4526.63,525.78,Active,2026-01-09,2024-08-08,ERP
101476,PROD-101476,Face-to-face fault-tolerant standardization,Security,Threat Protection,Lenovo,2432.93,2492.88,Active,2022-04-09,2026-05-28,ERP
101477,PROD-101477,Multi-channeled analyzing flexibility,Cloud,Storage,HP,3995.28,265.45,Active,2023-04-15,2026-04-21,ERP
101478,PROD-101478,Universal local website,Security,Encryption,Citrix,1590.38,3543.76,Active,2022-05-13,2024-12-06,ERP
101479,PROD-101479,Expanded dedicated knowledge user,Cloud,Storage,Adobe,1577.94,1388.03,Active,2024-09-13,2026-02-02,ERP
101480,PROD-101480,De-engineered disintermediate initiative,Services,Consulting,HP,333.72,2040.75,Active,2024-09-22,2024-09-03,ERP
101481,PROD-101481,Diverse solution-oriented software,Hardware,Monitor,Citrix,1017.27,821.48,Active,2024-03-20,2026-03-04,ERP
101482,PROD-101482,Balanced bandwidth-monitored moderator,Networking,Router,Citrix,987.31,1916.01,Active,2021-11-28,2025-12-02,ERP
101483,PROD-101483,Realigned heuristic capacity,Collaboration,Voice,Citrix,3099.71,1689.31,Active,2023-05-19,2025-07-12,ERP
101484,PROD-101484,Programmable background structure,Cloud,Compute,Adobe,4386.72,3644.41,Active,2022-02-01,2025-10-02,ERP
101485,PROD-101485,Upgradable content-based frame,Collaboration,Meetings,Microsoft,3211.9,2780.55,Active,2025-02-27,2025-05-19,ERP
101486,PROD-101486,Decentralized solution-oriented capability,Collaboration,Meetings,Cisco,2429.69,3079.18,Active,2023-10-13,2025-06-20,ERP
101487,PROD-101487,Synergized heuristic installation,Services,Implementation,Cisco,2031.55,3308.69,Active,2021-12-16,2025-05-30,ERP
101488,PROD-101488,Proactive transitional paradigm,Hardware,Server,Microsoft,414.97,144.32,Active,2025-09-17,2026-05-04,ERP
101489,PROD-101489,Open-source contextually-based circuit,Software,Database,VMware,2230.02,2534.55,Active,2026-06-12,2025-10-06,ERP
101490,PROD-101490,Exclusive methodical Local Area Network,Services,Consulting,Microsoft,1035.66,1154.3,Active,2026-02-05,2024-10-02,ERP
101491,PROD-101491,Total foreground customer loyalty,Networking,Firewall,HP,1732.1,2229.16,Active,2024-06-18,2025-03-06,ERP
101492,PROD-101492,Optional bi-directional capability,Cloud,Storage,Microsoft,921.58,1065.61,Active,2021-10-21,2026-05-24,ERP
101493,PROD-101493,Public-key upward-trending protocol,Software,Operating System,HP,1925.67,3154.97,Active,2021-08-31,2024-12-03,ERP
101494,PROD-101494,Ameliorated tertiary application,Software,Analytics,Cisco,1560.11,979.6,Active,2023-04-13,2026-08-01,ERP
101495,PROD-101495,Fully-configurable tangible flexibility,Services,Support,Lenovo,4398.02,284.88,Active,2021-08-31,2025-07-04,ERP
101496,PROD-101496,Advanced even-keeled functionalities,Cloud,Storage,Cisco,998.82,1528.33,Active,2022-01-19,2026-01-06,ERP
101497,PROD-101497,Re-contextualized background complexity,Services,Training,Lenovo,4886.06,997.08,Active,2026-04-04,2026-02-12,ERP
101498,PROD-101498,Horizontal interactive attitude,Hardware,Desktop,VMware,3958.46,1327.53,Active,2022-03-08,2025-01-31,ERP
101499,PROD-101499,Ergonomic upward-trending matrix,Hardware,Server,HP,4264.94,3874.33,Active,2023-05-22,2024-12-12,ERP
101500,PROD-101500,Managed tangible projection,Collaboration,Meetings,Dell,3934.09,3169.21,Active,2022-07-25,2026-04-30,ERP
101501,PROD-101501,Public-key exuding matrix,Software,Database,Lenovo,3768.97,2589.16,Active,2021-11-15,2026-07-23,ERP
101502,PROD-101502,Vision-oriented mobile frame,Services,Implementation,Adobe,936.04,2857.14,Active,2021-09-04,2026-06-08,ERP
101503,PROD-101503,Cross-group empowering data-warehouse,Collaboration,Productivity,Adobe,1378.26,1618.76,Active,2022-03-10,2024-09-30,ERP
101504,PROD-101504,Vision-oriented actuating circuit,Hardware,Desktop,Cisco,4479.68,1822.02,Active,2024-10-31,2025-08-23,ERP
101505,PROD-101505,Reactive real-time hub,Networking,Wireless,Cisco,1564.7,3557.62,Active,2025-06-25,2025-12-10,ERP
101506,PROD-101506,Synchronized encompassing groupware,Cloud,AI,VMware,2775.23,558.96,Active,2026-07-20,2025-04-16,ERP
101507,PROD-101507,Sharable upward-trending moratorium,Software,Analytics,Adobe,2618.16,939.96,Active,2023-02-04,2025-12-30,ERP
101508,PROD-101508,Secured static superstructure,Hardware,Monitor,Citrix,2159.21,1883.52,Active,2023-02-03,2026-02-10,ERP
101509,PROD-101509,Self-enabling holistic knowledge user,Storage,Backup,Adobe,1619.25,1544.92,Active,2025-12-23,2025-09-13,ERP
101510,PROD-101510,Digitized asynchronous productivity,Cloud,Networking,Cisco,1364.84,326.66,Active,2024-11-14,2025-01-11,ERP
101511,PROD-101511,Customer-focused uniform throughput,Software,Analytics,Dell,3940.07,3708.26,Active,2024-10-02,2025-02-02,ERP
101512,PROD-101512,Extended tertiary interface,Software,Operating System,Dell,1833.17,2195.45,Active,2022-01-31,2025-04-20,ERP
101513,PROD-101513,Virtual well-modulated model,Services,Support,Citrix,1287.62,2987.22,Active,2024-02-27,2025-06-04,ERP
101514,PROD-101514,Virtual attitude-oriented complexity,Security,Endpoint,HP,4992.11,3015.72,Active,2024-02-16,2025-08-17,ERP
101515,PROD-101515,Monitored clear-thinking contingency,Security,Identity,VMware,1445.13,1402.86,Active,2021-08-19,2025-06-25,ERP
101516,PROD-101516,Total uniform hub,Storage,Archive,Microsoft,2386.42,2062.77,Active,2024-09-20,2026-05-28,ERP
101517,PROD-101517,Synergized object-oriented access,Cloud,Networking,Cisco,1173.29,3002.82,Active,2026-06-09,2026-01-06,ERP
101518,PROD-101518,Synergized 5thgeneration Graphical User Interface,Collaboration,Meetings,Adobe,3626.43,1859.07,Active,2022-10-03,2026-05-07,ERP
101519,PROD-101519,Virtual 3rdgeneration matrix,Software,Analytics,Cisco,2172.53,3769.17,Active,2025-03-13,2026-02-03,ERP
101520,PROD-101520,Cloned tertiary implementation,Storage,NAS,Adobe,2277.36,2244.83,Active,2024-06-15,2025-09-24,ERP
101521,PROD-101521,Re-contextualized logistical portal,Services,Support,HP,1562.58,2957.78,Active,2023-04-18,2024-12-21,ERP
101522,PROD-101522,Progressive 3rdgeneration hardware,Collaboration,Voice,Citrix,1166.18,1717.23,Active,2024-09-07,2025-02-13,ERP
101523,PROD-101523,Synergistic grid-enabled budgetary management,Storage,Backup,Citrix,2955.43,2281.12,Active,2024-07-10,2024-10-05,ERP
101524,PROD-101524,Re-engineered even-keeled matrices,Hardware,Desktop,HP,4887.35,3977.17,Active,2024-03-07,2026-03-27,ERP
101525,PROD-101525,Reduced actuating customer loyalty,Storage,Archive,Cisco,4746.03,278.24,Active,2025-05-10,2025-02-10,ERP
101526,PROD-101526,Robust web-enabled process improvement,Storage,NAS,Adobe,587.76,2288.82,Active,2026-02-16,2024-12-10,ERP
101527,PROD-101527,Triple-buffered interactive protocol,Collaboration,Voice,Dell,898.55,2707.67,Active,2025-10-30,2026-07-13,ERP
101528,PROD-101528,User-friendly interactive time-frame,Cloud,Compute,Adobe,182.85,816.02,Active,2026-06-15,2026-02-28,ERP
101529,PROD-101529,Polarized context-sensitive matrices,Storage,Backup,Cisco,1203.55,2646.79,Active,2024-09-12,2025-11-24,ERP
101530,PROD-101530,Mandatory 4thgeneration secured line,Software,Office,Microsoft,1874.83,68.91,Active,2023-07-19,2024-10-20,ERP
101531,PROD-101531,Self-enabling disintermediate throughput,Services,Implementation,Lenovo,827.33,465.21,Active,2024-03-12,2026-01-29,ERP
101532,PROD-101532,Devolved optimizing implementation,Storage,Archive,Dell,1975.51,3616.76,Active,2022-05-16,2025-02-08,ERP
101533,PROD-101533,Front-line 24hour open architecture,Networking,Switch,Cisco,1583.3,3276.14,Active,2022-12-05,2026-03-26,ERP
101534,PROD-101534,Organic contextually-based matrix,Collaboration,Meetings,VMware,2958.09,2022.34,Active,2023-10-29,2025-01-08,ERP
101535,PROD-101535,Universal system-worthy Internet solution,Collaboration,Voice,Cisco,86.84,592.2,Active,2022-06-20,2025-11-21,ERP
101536,PROD-101536,Devolved contextually-based strategy,Software,Office,Cisco,2652.99,3643.45,Active,2022-09-21,2026-01-30,ERP
101537,PROD-101537,Business-focused 3rdgeneration time-frame,Collaboration,Productivity,Adobe,2901.86,2955.73,Active,2023-07-31,2024-10-22,ERP
101538,PROD-101538,Profound foreground open architecture,Security,Encryption,Citrix,3516.57,2853.8,Active,2023-10-13,2025-07-05,ERP
101539,PROD-101539,Multi-lateral disintermediate productivity,Security,Encryption,HP,2104.51,738.82,Active,2024-04-16,2025-09-09,ERP
101540,PROD-101540,Multi-tiered intangible methodology,Storage,Archive,Lenovo,4558.62,754.19,Active,2021-10-01,2025-06-20,ERP
101541,PROD-101541,Cross-group dedicated website,Software,Office,Microsoft,1236.49,3485.39,Active,2021-08-28,2024-09-06,ERP
101542,PROD-101542,Customer-focused 24hour hardware,Security,Threat Protection,Dell,3505.32,2896.58,Active,2023-01-31,2025-08-21,ERP
101543,PROD-101543,Automated intermediate access,Networking,Wireless,Lenovo,4962.33,2222.47,Active,2022-06-20,2025-07-16,ERP
101544,PROD-101544,Networked executive Graphical User Interface,Services,Consulting,Dell,2546.75,3123.55,Active,2023-08-21,2025-04-05,ERP
101545,PROD-101545,Polarized value-added matrices,Storage,Archive,HP,1301.19,2036.61,Active,2023-12-30,2026-06-04,ERP
101546,PROD-101546,Public-key object-oriented array,Collaboration,Email,Dell,3212.39,2710.6,Active,2026-07-16,2026-02-25,ERP
101547,PROD-101547,Synergistic content-based access,Collaboration,Productivity,Citrix,3742.49,3426.7,Active,2023-07-17,2025-06-22,ERP
101548,PROD-101548,Ergonomic even-keeled pricing structure,Storage,SAN,Microsoft,1290.5,2843.67,Active,2024-11-06,2025-09-20,ERP
101549,PROD-101549,Open-architected object-oriented capability,Cloud,AI,Adobe,2449.56,296.24,Active,2024-09-14,2026-06-25,ERP
101550,PROD-101550,Re-engineered bi-directional open system,Networking,Wireless,HP,2380.4,1134.59,Active,2024-04-03,2024-08-31,ERP
101551,PROD-101551,Stand-alone holistic neural-net,Cloud,Storage,Microsoft,3054.59,729.52,Active,2025-03-28,2026-05-25,ERP
101552,PROD-101552,Cross-group uniform circuit,Software,Office,HP,434.05,3060.27,Active,2025-02-09,2025-11-27,ERP
101553,PROD-101553,Persistent high-level forecast,Security,Endpoint,Adobe,1822.53,886.27,Active,2021-08-03,2024-11-18,ERP
101554,PROD-101554,Exclusive 3rdgeneration moratorium,Hardware,Desktop,Adobe,3498.87,3350.09,Active,2025-01-02,2026-06-21,ERP
101555,PROD-101555,Open-source leadingedge initiative,Software,Office,VMware,2247.73,2402.87,Active,2024-02-20,2026-02-03,ERP
101556,PROD-101556,Multi-channeled mobile methodology,Hardware,Monitor,Cisco,4647.66,1514.21,Active,2026-07-11,2024-11-05,ERP
101557,PROD-101557,Managed attitude-oriented moderator,Networking,Switch,Dell,129.39,136.08,Active,2025-07-22,2025-11-06,ERP
101558,PROD-101558,Front-line even-keeled policy,Hardware,Server,Cisco,3415.8,276.11,Active,2023-03-12,2025-01-25,ERP
101559,PROD-101559,Cross-platform multi-state database,Software,Database,HP,267.86,2062.19,Active,2024-05-20,2026-05-01,ERP
101560,PROD-101560,Persistent cohesive access,Services,Training,Cisco,3142.13,3738.95,Active,2025-05-30,2025-11-25,ERP
101561,PROD-101561,Fundamental tertiary open system,Storage,Archive,Dell,1200.42,445.89,Active,2024-04-29,2026-02-26,ERP
101562,PROD-101562,Self-enabling bandwidth-monitored knowledge user,Services,Support,Microsoft,2040.59,1282.05,Active,2022-05-28,2025-09-03,ERP
101563,PROD-101563,Balanced uniform standardization,Storage,NAS,Adobe,1139.48,2640.4,Active,2025-12-01,2026-07-05,ERP
101564,PROD-101564,Focused actuating archive,Security,Threat Protection,Microsoft,383.29,893.78,Active,2025-02-11,2024-08-13,ERP
101565,PROD-101565,Organized explicit superstructure,Security,Encryption,Dell,3577.03,3170.26,Active,2021-12-14,2025-08-06,ERP
101566,PROD-101566,Virtual methodical capability,Cloud,AI,Dell,3019.34,3926.13,Active,2024-04-06,2026-02-24,ERP
101567,PROD-101567,Polarized exuding circuit,Storage,NAS,Citrix,917.89,3052.82,Active,2025-02-07,2025-10-04,ERP
101568,PROD-101568,Innovative context-sensitive throughput,Services,Implementation,Dell,1708.77,2443.92,Active,2023-01-30,2026-03-21,ERP
101569,PROD-101569,Cross-group hybrid matrix,Collaboration,Productivity,Cisco,2541.93,2825.9,Active,2024-12-04,2025-01-14,ERP
101570,PROD-101570,Re-contextualized intangible workforce,Hardware,Desktop,Microsoft,3100.93,3589.7,Active,2022-04-23,2026-01-23,ERP
101571,PROD-101571,Implemented multimedia standardization,Security,Endpoint,Lenovo,3798.37,2488.57,Active,2024-06-30,2026-04-06,ERP
101572,PROD-101572,Enterprise-wide clear-thinking knowledge user,Hardware,Desktop,Citrix,2518.7,828.0,Active,2021-08-29,2024-10-17,ERP
101573,PROD-101573,Visionary radical toolset,Storage,NAS,Microsoft,1228.42,2908.1,Active,2026-05-15,2025-05-23,ERP
101574,PROD-101574,Seamless impactful support,Collaboration,Voice,HP,1426.73,2583.32,Active,2021-08-11,2026-06-04,ERP
101575,PROD-101575,Down-sized eco-centric superstructure,Hardware,Monitor,VMware,3765.23,935.31,Active,2025-04-20,2025-09-27,ERP
101576,PROD-101576,Programmable bandwidth-monitored help-desk,Services,Training,Cisco,1068.8,239.94,Active,2026-02-17,2025-04-19,ERP
101577,PROD-101577,Realigned foreground success,Networking,Switch,Lenovo,2631.29,754.59,Active,2024-11-04,2024-10-30,ERP
101578,PROD-101578,Re-contextualized zero administration algorithm,Hardware,Laptop,Adobe,396.43,790.05,Active,2024-01-09,2025-04-04,ERP
101579,PROD-101579,Multi-layered foreground hardware,Cloud,Storage,HP,504.21,2380.71,Active,2024-12-09,2026-03-02,ERP
101580,PROD-101580,Function-based value-added workforce,Networking,Switch,Dell,2159.89,1881.62,Active,2025-02-04,2026-01-21,ERP
101581,PROD-101581,Open-source real-time support,Cloud,Storage,Cisco,2148.88,2433.26,Active,2025-12-24,2025-10-24,ERP
101582,PROD-101582,Assimilated modular pricing structure,Security,Threat Protection,Adobe,4840.24,825.57,Active,2024-07-24,2026-01-21,ERP
101583,PROD-101583,Managed uniform definition,Collaboration,Email,Citrix,2021.31,691.87,Active,2025-04-05,2026-05-11,ERP
101584,PROD-101584,Assimilated heuristic protocol,Collaboration,Productivity,Lenovo,3813.61,3282.93,Active,2024-09-14,2026-06-06,ERP
101585,PROD-101585,Function-based incremental moderator,Collaboration,Email,Lenovo,2165.62,355.85,Active,2022-08-05,2024-10-25,ERP
101586,PROD-101586,Function-based empowering instruction set,Security,Endpoint,HP,1323.59,1868.01,Active,2025-08-25,2025-05-15,ERP
101587,PROD-101587,Focused empowering success,Collaboration,Voice,Lenovo,2832.6,1936.36,Active,2025-02-06,2025-04-03,ERP
101588,PROD-101588,Re-contextualized coherent definition,Services,Support,Adobe,1018.79,3666.62,Active,2025-11-18,2026-04-19,ERP
101589,PROD-101589,Integrated mission-critical solution,Hardware,Laptop,Citrix,2482.7,3704.62,Active,2025-01-17,2025-12-28,ERP
101590,PROD-101590,Phased methodical Graphic Interface,Storage,Backup,Lenovo,2473.28,2573.17,Active,2026-02-23,2025-12-22,ERP
101591,PROD-101591,Optimized explicit instruction set,Software,Office,Microsoft,4962.74,519.8,Active,2025-04-27,2025-06-15,ERP
101592,PROD-101592,Integrated systematic core,Cloud,Storage,Lenovo,4787.63,3090.8,Active,2022-09-11,2024-10-05,ERP
101593,PROD-101593,Polarized foreground frame,Services,Implementation,Citrix,3497.45,2612.35,Active,2024-04-18,2024-09-20,ERP
101594,PROD-101594,Reactive heuristic secured line,Storage,NAS,Cisco,2414.74,3687.84,Active,2023-03-08,2026-04-23,ERP
101595,PROD-101595,Versatile dedicated strategy,Services,Consulting,HP,1343.59,1835.5,Active,2024-07-27,2025-07-18,ERP
101596,PROD-101596,Right-sized bandwidth-monitored implementation,Cloud,AI,Cisco,3030.64,3808.32,Active,2021-11-10,2025-11-19,ERP
101597,PROD-101597,Profit-focused exuding functionalities,Cloud,Compute,Dell,3866.31,2586.48,Active,2022-04-18,2025-09-28,ERP
101598,PROD-101598,Robust clear-thinking hardware,Storage,Archive,Dell,2616.76,775.57,Active,2025-05-25,2025-08-25,ERP
101599,PROD-101599,Devolved leadingedge contingency,Storage,NAS,Lenovo,1301.71,1226.32,Active,2024-04-04,2024-08-04,ERP
101600,PROD-101600,Fully-configurable content-based portal,Storage,Backup,Lenovo,3774.69,3699.17,Active,2024-11-14,2025-12-22,ERP
101601,PROD-101601,Quality-focused modular process improvement,Software,Operating System,Citrix,4080.43,1094.36,Active,2023-04-27,2025-02-15,ERP
101602,PROD-101602,Extended context-sensitive database,Networking,Wireless,VMware,81.78,694.38,Active,2024-11-19,2025-03-15,ERP
101603,PROD-101603,Monitored motivating analyzer,Collaboration,Email,Dell,395.72,2792.86,Active,2026-03-03,2026-06-12,ERP
101604,PROD-101604,Synergized fault-tolerant service-desk,Storage,Backup,Lenovo,894.64,1514.24,Active,2024-12-23,2024-09-11,ERP
101605,PROD-101605,Grass-roots intangible hardware,Cloud,Storage,Adobe,950.82,3795.22,Active,2023-10-14,2026-07-21,ERP
101606,PROD-101606,Virtual analyzing intranet,Collaboration,Meetings,HP,1044.66,3005.92,Active,2024-09-20,2024-09-13,ERP
101607,PROD-101607,Organized analyzing groupware,Networking,Firewall,Lenovo,2231.62,3654.06,Active,2025-03-05,2025-07-27,ERP
101608,PROD-101608,Seamless dedicated array,Software,Database,Dell,1500.97,1526.47,Active,2024-12-05,2024-12-24,ERP
101609,PROD-101609,Mandatory upward-trending synergy,Security,Identity,Citrix,196.85,958.25,Active,2021-09-08,2025-06-20,ERP
101610,PROD-101610,Reverse-engineered 6thgeneration flexibility,Collaboration,Email,Microsoft,352.23,3013.4,Active,2022-06-07,2024-09-23,ERP
101611,PROD-101611,Configurable bandwidth-monitored flexibility,Hardware,Laptop,Dell,1094.79,3172.35,Active,2023-03-06,2025-12-23,ERP
101612,PROD-101612,Persistent methodical solution,Storage,Backup,Adobe,2392.5,1364.69,Active,2025-11-19,2024-09-11,ERP
101613,PROD-101613,Visionary demand-driven benchmark,Storage,Backup,Citrix,3425.21,1388.73,Active,2021-11-01,2024-09-27,ERP
101614,PROD-101614,De-engineered multi-tasking data-warehouse,Services,Support,Citrix,3342.14,1529.28,Active,2021-10-05,2024-11-20,ERP
101615,PROD-101615,Business-focused holistic info-mediaries,Hardware,Server,Citrix,4041.04,37.26,Active,2026-02-27,2025-12-16,ERP
101616,PROD-101616,Multi-lateral intangible structure,Storage,NAS,Microsoft,3029.45,3479.3,Active,2022-03-29,2026-07-20,ERP
101617,PROD-101617,Programmable modular software,Security,Endpoint,Citrix,2286.99,2752.58,Active,2025-06-29,2025-08-18,ERP
101618,PROD-101618,Right-sized scalable extranet,Collaboration,Productivity,Cisco,65.49,2561.34,Active,2024-12-19,2025-04-02,ERP
101619,PROD-101619,Adaptive heuristic software,Services,Consulting,Citrix,4373.5,3879.15,Active,2026-06-19,2026-05-16,ERP
101620,PROD-101620,Down-sized 4thgeneration matrix,Services,Implementation,Cisco,3053.48,1615.66,Active,2021-12-11,2024-12-08,ERP
101621,PROD-101621,Managed human-resource forecast,Software,Analytics,Lenovo,4698.47,3767.37,Active,2026-07-02,2025-10-16,ERP
101622,PROD-101622,Mandatory analyzing benchmark,Collaboration,Email,Lenovo,1504.62,800.43,Active,2025-12-07,2026-04-02,ERP
101623,PROD-101623,Integrated stable matrices,Cloud,Compute,HP,2514.73,371.18,Active,2024-05-02,2025-04-16,ERP
101624,PROD-101624,Mandatory exuding info-mediaries,Collaboration,Meetings,Adobe,4777.5,1941.62,Active,2025-03-01,2025-12-24,ERP
101625,PROD-101625,Open-architected multi-state customer loyalty,Networking,Switch,Cisco,893.64,3778.23,Active,2022-04-16,2025-04-10,ERP
101626,PROD-101626,Vision-oriented fault-tolerant model,Software,Operating System,Lenovo,4967.14,141.16,Active,2023-02-05,2026-06-21,ERP
101627,PROD-101627,Enterprise-wide secondary encoding,Services,Implementation,VMware,1140.86,1049.07,Active,2025-10-14,2024-09-29,ERP
101628,PROD-101628,Right-sized high-level interface,Collaboration,Email,HP,4617.54,2543.35,Active,2025-06-21,2024-08-10,ERP
101629,PROD-101629,Optimized zero administration circuit,Collaboration,Email,Citrix,4366.11,3728.83,Active,2022-12-12,2026-02-08,ERP
101630,PROD-101630,Function-based composite collaboration,Software,Analytics,Lenovo,4555.33,2978.3,Active,2025-02-03,2025-03-24,ERP
101631,PROD-101631,Fundamental intermediate flexibility,Storage,Archive,Cisco,1156.58,484.87,Active,2022-10-30,2025-06-27,ERP
101632,PROD-101632,Multi-tiered web-enabled standardization,Software,Operating System,Dell,1734.18,2379.0,Active,2025-03-17,2026-06-30,ERP
101633,PROD-101633,Virtual interactive workforce,Networking,Router,Citrix,680.72,1270.65,Active,2023-08-21,2024-08-30,ERP
101634,PROD-101634,Reactive coherent initiative,Storage,SAN,VMware,356.33,2154.02,Active,2023-03-25,2025-10-01,ERP
101635,PROD-101635,Front-line well-modulated collaboration,Storage,Archive,Citrix,3867.84,3195.13,Active,2021-10-09,2025-08-30,ERP
101636,PROD-101636,Vision-oriented fresh-thinking solution,Cloud,Storage,Dell,2006.8,2164.71,Active,2022-06-10,2025-07-17,ERP
101637,PROD-101637,Pre-emptive exuding standardization,Collaboration,Voice,HP,4089.93,1204.87,Active,2021-12-21,2026-01-12,ERP
101638,PROD-101638,Visionary context-sensitive approach,Networking,Wireless,Adobe,779.76,1151.49,Active,2024-10-06,2026-06-03,ERP
101639,PROD-101639,Automated local frame,Hardware,Server,VMware,2536.77,2762.18,Active,2021-08-25,2025-03-13,ERP
101640,PROD-101640,Cross-group directional encryption,Security,Encryption,Cisco,2500.38,2823.96,Active,2023-10-20,2024-09-24,ERP
101641,PROD-101641,Cross-platform dedicated open architecture,Storage,SAN,Citrix,805.88,2874.15,Active,2026-03-14,2025-08-12,ERP
101642,PROD-101642,Synergized encompassing Graphic Interface,Networking,Router,HP,4291.06,2916.4,Active,2023-01-03,2024-11-01,ERP
101643,PROD-101643,Robust background website,Security,Endpoint,Microsoft,2762.32,1366.21,Active,2022-10-06,2026-04-09,ERP
101644,PROD-101644,Robust dynamic projection,Collaboration,Voice,Lenovo,1985.76,2123.18,Active,2024-07-29,2025-03-05,ERP
101645,PROD-101645,Progressive tangible flexibility,Security,Threat Protection,Cisco,3520.49,2203.34,Active,2026-02-02,2026-02-16,ERP
101646,PROD-101646,Pre-emptive mission-critical database,Software,Database,Citrix,3773.72,2332.03,Active,2022-11-10,2026-07-18,ERP
101647,PROD-101647,Business-focused exuding software,Hardware,Server,Adobe,3290.44,2319.2,Active,2023-11-23,2026-04-10,ERP
101648,PROD-101648,Profit-focused web-enabled policy,Collaboration,Productivity,VMware,4491.23,858.82,Active,2022-08-15,2024-08-13,ERP
101649,PROD-101649,Cross-group cohesive portal,Networking,Router,Citrix,3643.49,2313.34,Active,2026-05-08,2025-08-16,ERP
101650,PROD-101650,Innovative 24hour firmware,Cloud,Networking,Lenovo,3413.25,693.69,Active,2022-12-12,2024-10-22,ERP
101651,PROD-101651,Multi-lateral reciprocal process improvement,Hardware,Laptop,Citrix,4872.09,739.04,Active,2022-01-06,2026-07-20,ERP
101652,PROD-101652,Operative scalable definition,Hardware,Laptop,Citrix,2987.29,3879.66,Active,2022-06-23,2025-06-22,ERP
101653,PROD-101653,Reactive maximized workforce,Storage,NAS,Microsoft,638.07,1601.66,Active,2024-12-14,2024-12-10,ERP
101654,PROD-101654,Realigned object-oriented help-desk,Security,Endpoint,Lenovo,3890.46,3964.88,Active,2022-09-02,2026-05-30,ERP
101655,PROD-101655,Profound empowering orchestration,Software,Office,Lenovo,1412.32,2621.45,Active,2021-11-16,2026-05-30,ERP
101656,PROD-101656,Multi-layered analyzing alliance,Services,Consulting,Dell,627.31,510.15,Active,2022-01-10,2025-01-17,ERP
101657,PROD-101657,Visionary attitude-oriented initiative,Networking,Router,Adobe,1404.94,2987.8,Active,2022-03-30,2026-01-28,ERP
101658,PROD-101658,Face-to-face contextually-based artificial intelligence,Cloud,Networking,Adobe,4999.77,2818.38,Active,2024-12-29,2025-02-01,ERP
101659,PROD-101659,Enhanced 5thgeneration utilization,Security,Endpoint,Dell,1659.88,2862.23,Active,2024-09-01,2024-12-29,ERP
101660,PROD-101660,Operative cohesive emulation,Cloud,Networking,Microsoft,1999.29,3274.41,Active,2026-07-08,2024-08-16,ERP
101661,PROD-101661,Cross-group optimizing support,Collaboration,Email,Dell,3779.87,849.67,Active,2021-11-26,2026-06-10,ERP
101662,PROD-101662,Realigned context-sensitive system engine,Software,Database,HP,76.35,1802.75,Active,2025-03-16,2024-12-05,ERP
101663,PROD-101663,Optional attitude-oriented secured line,Services,Consulting,Microsoft,687.64,844.76,Active,2025-04-21,2024-12-07,ERP
101664,PROD-101664,Persevering multi-state methodology,Cloud,Compute,VMware,4264.68,164.15,Active,2023-06-12,2026-01-31,ERP
101665,PROD-101665,Multi-layered executive paradigm,Software,Analytics,Citrix,4833.07,707.12,Active,2023-09-09,2025-04-16,ERP
101666,PROD-101666,Intuitive full-range structure,Hardware,Desktop,VMware,278.52,3784.53,Active,2022-06-18,2025-03-05,ERP
101667,PROD-101667,Persevering multi-tasking middleware,Security,Encryption,HP,2906.5,2788.03,Active,2025-12-12,2025-06-28,ERP
101668,PROD-101668,Monitored dynamic policy,Services,Support,Dell,3329.95,202.82,Active,2026-04-06,2026-03-10,ERP
101669,PROD-101669,Ergonomic exuding budgetary management,Hardware,Desktop,HP,1533.56,3334.7,Active,2024-04-17,2026-02-18,ERP
101670,PROD-101670,Distributed incremental concept,Cloud,Storage,Citrix,1423.11,2923.19,Active,2022-06-21,2026-06-29,ERP
101671,PROD-101671,Right-sized homogeneous projection,Storage,SAN,VMware,1340.34,2607.83,Active,2026-02-18,2024-09-13,ERP
101672,PROD-101672,Up-sized needs-based definition,Cloud,Networking,Adobe,462.11,1035.36,Active,2023-03-20,2026-07-22,ERP
101673,PROD-101673,Up-sized optimizing attitude,Storage,NAS,Cisco,399.26,2937.38,Active,2026-07-21,2025-03-14,ERP
101674,PROD-101674,Multi-tiered intermediate task-force,Networking,Firewall,HP,2127.45,635.13,Active,2023-02-25,2025-11-06,ERP
101675,PROD-101675,Triple-buffered multi-state interface,Storage,Archive,Microsoft,4821.89,1008.8,Active,2023-06-12,2025-10-25,ERP
101676,PROD-101676,Distributed well-modulated throughput,Security,Identity,Dell,3435.7,1641.96,Active,2022-12-15,2024-10-25,ERP
101677,PROD-101677,Multi-channeled hybrid firmware,Services,Consulting,Citrix,4550.76,3117.83,Active,2023-05-25,2025-10-25,ERP
101678,PROD-101678,Polarized tertiary knowledgebase,Cloud,Storage,VMware,98.82,1524.2,Active,2021-09-18,2024-08-27,ERP
101679,PROD-101679,Business-focused mobile knowledgebase,Networking,Wireless,Dell,3924.53,515.93,Active,2021-11-07,2024-12-07,ERP
101680,PROD-101680,Adaptive discrete architecture,Security,Encryption,Dell,2668.35,2809.31,Active,2021-10-21,2025-01-07,ERP
101681,PROD-101681,Function-based systemic pricing structure,Security,Threat Protection,Dell,4488.02,703.72,Active,2025-10-14,2026-05-24,ERP
101682,PROD-101682,Streamlined optimizing customer loyalty,Storage,NAS,Citrix,4040.12,2719.3,Active,2023-07-19,2025-09-02,ERP
101683,PROD-101683,Devolved heuristic array,Storage,Archive,HP,1332.35,2754.47,Active,2022-01-26,2025-08-11,ERP
101684,PROD-101684,Fundamental fault-tolerant attitude,Cloud,Storage,HP,1925.06,2948.3,Active,2026-04-03,2026-07-05,ERP
101685,PROD-101685,Organized context-sensitive policy,Hardware,Server,Cisco,3407.17,1687.52,Active,2022-04-14,2025-04-30,ERP
101686,PROD-101686,Business-focused 3rdgeneration algorithm,Collaboration,Meetings,Adobe,4931.92,3198.91,Active,2022-10-16,2024-11-28,ERP
101687,PROD-101687,Re-engineered client-driven archive,Security,Threat Protection,Lenovo,2626.94,2880.91,Active,2024-12-21,2026-07-25,ERP
101688,PROD-101688,Reduced executive data-warehouse,Networking,Firewall,Dell,4739.9,1640.9,Active,2026-08-03,2025-02-26,ERP
101689,PROD-101689,Cloned empowering database,Services,Consulting,Dell,429.63,979.15,Active,2025-04-15,2025-08-29,ERP
101690,PROD-101690,Persistent eco-centric paradigm,Software,Database,Microsoft,468.7,1161.26,Active,2024-08-02,2025-11-12,ERP
101691,PROD-101691,Reactive human-resource collaboration,Collaboration,Email,Lenovo,3401.31,3731.45,Active,2025-12-30,2025-03-04,ERP
101692,PROD-101692,Team-oriented maximized forecast,Cloud,Networking,Adobe,2599.31,3991.87,Active,2021-08-05,2024-12-06,ERP
101693,PROD-101693,Team-oriented object-oriented capacity,Software,Office,Microsoft,3100.62,3645.77,Active,2022-05-18,2025-10-08,ERP
101694,PROD-101694,Monitored national solution,Hardware,Monitor,Citrix,1258.92,2962.46,Active,2024-08-05,2025-01-18,ERP
101695,PROD-101695,Integrated full-range task-force,Hardware,Monitor,HP,3388.88,3530.67,Active,2026-03-14,2025-05-22,ERP
101696,PROD-101696,Reduced incremental info-mediaries,Networking,Switch,Dell,1866.9,554.94,Active,2024-07-08,2025-01-20,ERP
101697,PROD-101697,Robust composite instruction set,Services,Consulting,Lenovo,2502.76,702.67,Active,2026-07-21,2025-03-22,ERP
101698,PROD-101698,Innovative grid-enabled product,Software,Analytics,Cisco,4167.05,3406.84,Active,2023-04-04,2025-10-29,ERP
101699,PROD-101699,User-friendly systematic moderator,Software,Analytics,VMware,2441.47,1077.38,Active,2024-05-07,2025-05-13,ERP
101700,PROD-101700,Reduced coherent software,Hardware,Monitor,Cisco,4619.13,3718.21,Active,2025-06-27,2026-02-13,ERP
101701,PROD-101701,Focused incremental moratorium,Hardware,Monitor,Adobe,334.61,48.42,Active,2022-04-09,2024-11-10,ERP
101702,PROD-101702,Triple-buffered intermediate synergy,Collaboration,Voice,VMware,1801.77,45.49,Active,2024-12-21,2025-07-28,ERP
101703,PROD-101703,Face-to-face incremental access,Cloud,Networking,Citrix,93.88,1737.45,Active,2025-10-28,2026-03-04,ERP
101704,PROD-101704,Self-enabling client-driven utilization,Networking,Router,HP,2083.06,3654.61,Active,2023-05-15,2025-01-19,ERP
101705,PROD-101705,Persistent multi-state productivity,Hardware,Desktop,VMware,1169.17,1596.55,Active,2022-05-23,2025-03-30,ERP
101706,PROD-101706,Right-sized homogeneous matrices,Security,Threat Protection,Lenovo,4466.36,2157.3,Active,2022-02-19,2026-04-10,ERP
101707,PROD-101707,Open-source interactive customer loyalty,Security,Identity,Adobe,3298.58,1771.44,Active,2023-02-01,2024-12-10,ERP
101708,PROD-101708,Enhanced asymmetric capability,Cloud,AI,Lenovo,78.76,3537.22,Active,2025-05-25,2024-12-13,ERP
101709,PROD-101709,Sharable even-keeled workforce,Networking,Router,Cisco,1460.25,556.38,Active,2022-08-31,2025-03-28,ERP
101710,PROD-101710,Profit-focused interactive initiative,Storage,Backup,Microsoft,843.55,815.99,Active,2024-09-11,2025-06-22,ERP
101711,PROD-101711,User-friendly incremental portal,Collaboration,Voice,Dell,2134.42,2211.74,Active,2024-10-07,2026-07-24,ERP
101712,PROD-101712,Operative client-server synergy,Cloud,AI,Lenovo,2534.2,3696.16,Active,2024-09-12,2024-08-15,ERP
101713,PROD-101713,Ergonomic directional monitoring,Storage,NAS,Dell,4790.51,3176.03,Active,2021-11-23,2025-03-16,ERP
101714,PROD-101714,Fully-configurable holistic initiative,Cloud,Storage,Citrix,2525.0,3075.36,Active,2023-06-18,2026-03-18,ERP
101715,PROD-101715,Diverse systemic software,Networking,Router,Citrix,2176.84,2398.42,Active,2025-04-05,2024-10-16,ERP
101716,PROD-101716,Face-to-face 24hour framework,Hardware,Monitor,Adobe,1482.86,1956.57,Active,2023-03-28,2025-06-17,ERP
101717,PROD-101717,Function-based reciprocal architecture,Storage,NAS,HP,3659.78,767.77,Active,2024-10-07,2024-09-15,ERP
101718,PROD-101718,Secured content-based architecture,Security,Identity,VMware,4971.57,1008.23,Active,2026-08-02,2024-10-17,ERP
101719,PROD-101719,Operative secondary customer loyalty,Storage,NAS,Adobe,3546.98,3244.56,Active,2026-06-08,2026-05-20,ERP
101720,PROD-101720,Multi-channeled well-modulated algorithm,Cloud,Storage,HP,1185.45,550.88,Active,2026-03-11,2025-05-27,ERP
101721,PROD-101721,Profound fault-tolerant complexity,Hardware,Server,Cisco,4649.04,1719.55,Active,2024-03-19,2026-05-26,ERP
101722,PROD-101722,Reactive explicit structure,Networking,Router,Microsoft,1932.75,2111.76,Active,2025-04-08,2025-12-17,ERP
101723,PROD-101723,Proactive context-sensitive Graphical User Interface,Networking,Switch,Citrix,2159.08,268.87,Active,2026-03-02,2025-09-29,ERP
101724,PROD-101724,Expanded bi-directional hardware,Storage,SAN,VMware,594.77,1470.22,Active,2025-02-28,2024-11-17,ERP
101725,PROD-101725,Pre-emptive tangible product,Services,Implementation,Cisco,1633.21,214.04,Active,2023-08-29,2026-01-28,ERP
101726,PROD-101726,Face-to-face static architecture,Hardware,Laptop,Microsoft,3319.13,1303.52,Active,2021-11-10,2025-04-12,ERP
101727,PROD-101727,Profound asymmetric secured line,Security,Encryption,VMware,4546.99,425.53,Active,2025-08-15,2025-05-18,ERP
101728,PROD-101728,Extended solution-oriented database,Cloud,AI,Adobe,1849.73,1234.82,Active,2024-01-03,2025-05-08,ERP
101729,PROD-101729,Triple-buffered foreground flexibility,Software,Operating System,HP,1689.5,2971.64,Active,2024-08-12,2026-05-27,ERP
101730,PROD-101730,Customer-focused local intranet,Services,Training,Cisco,3268.73,859.88,Active,2023-04-15,2026-04-18,ERP
101731,PROD-101731,Focused systematic database,Storage,SAN,Dell,695.9,2976.79,Active,2022-01-13,2024-11-01,ERP
101732,PROD-101732,Profound holistic infrastructure,Software,Operating System,Cisco,1004.99,1796.93,Active,2024-07-31,2024-10-16,ERP
101733,PROD-101733,Multi-lateral 24/7 architecture,Software,Operating System,Citrix,1542.31,1909.94,Active,2024-01-01,2024-09-05,ERP
101734,PROD-101734,Intuitive fault-tolerant knowledge user,Networking,Switch,Microsoft,682.77,1687.39,Active,2024-12-13,2026-03-10,ERP
101735,PROD-101735,Mandatory zero tolerance policy,Security,Threat Protection,Citrix,2269.99,2876.37,Active,2024-01-04,2024-12-26,ERP
101736,PROD-101736,Synchronized dynamic hierarchy,Storage,SAN,Adobe,2124.07,3727.05,Active,2023-07-20,2025-07-11,ERP
101737,PROD-101737,Quality-focused homogeneous moderator,Hardware,Desktop,VMware,3498.7,537.51,Active,2025-06-13,2025-04-04,ERP
101738,PROD-101738,Organic leadingedge utilization,Hardware,Laptop,Cisco,3716.54,1605.04,Active,2024-07-27,2025-12-22,ERP
101739,PROD-101739,Triple-buffered context-sensitive core,Software,Database,Adobe,3766.1,1552.0,Active,2025-04-07,2025-02-04,ERP
101740,PROD-101740,Reduced analyzing orchestration,Storage,Archive,VMware,1074.28,39.31,Active,2021-08-15,2026-02-05,ERP
101741,PROD-101741,Fully-configurable zero tolerance circuit,Networking,Router,Adobe,2543.9,2889.3,Active,2022-02-06,2024-09-29,ERP
101742,PROD-101742,Upgradable bifurcated hierarchy,Security,Threat Protection,Cisco,1517.0,1092.35,Active,2025-04-10,2026-03-15,ERP
101743,PROD-101743,Integrated composite initiative,Software,Database,Cisco,275.78,971.91,Active,2021-08-28,2026-05-19,ERP
101744,PROD-101744,Open-source secondary synergy,Hardware,Desktop,VMware,4639.88,1099.98,Active,2022-12-14,2025-02-03,ERP
101745,PROD-101745,Configurable motivating array,Hardware,Desktop,Cisco,2696.24,30.56,Active,2024-04-03,2024-12-09,ERP
101746,PROD-101746,Centralized local functionalities,Services,Training,Citrix,462.07,2829.21,Active,2025-11-24,2024-11-08,ERP
101747,PROD-101747,Innovative high-level hub,Security,Endpoint,Lenovo,4496.76,1197.21,Active,2025-08-06,2026-07-14,ERP
101748,PROD-101748,Extended fresh-thinking array,Hardware,Laptop,Citrix,1135.43,3861.78,Active,2023-08-29,2026-02-05,ERP
101749,PROD-101749,Re-contextualized actuating toolset,Cloud,AI,Microsoft,2710.07,3915.58,Active,2023-08-24,2025-08-25,ERP
101750,PROD-101750,Progressive discrete methodology,Software,Office,VMware,4356.63,2546.36,Active,2025-06-29,2025-09-06,ERP
101751,PROD-101751,Implemented tangible knowledgebase,Networking,Wireless,Cisco,1655.1,835.58,Active,2025-09-12,2026-05-16,ERP
101752,PROD-101752,Ergonomic dynamic database,Storage,NAS,Adobe,1197.03,2911.99,Active,2021-09-11,2025-01-04,ERP
101753,PROD-101753,Mandatory tangible model,Services,Support,Adobe,513.77,746.52,Active,2022-02-17,2026-04-21,ERP
101754,PROD-101754,Adaptive bi-directional protocol,Cloud,Storage,Cisco,2869.81,3774.84,Active,2025-11-11,2024-08-05,ERP
101755,PROD-101755,Extended coherent focus group,Cloud,AI,Microsoft,1585.29,3543.88,Active,2025-02-26,2026-01-13,ERP
101756,PROD-101756,Seamless motivating neural-net,Storage,NAS,Dell,760.44,1719.92,Active,2025-05-24,2026-07-22,ERP
101757,PROD-101757,Automated national middleware,Collaboration,Productivity,Dell,3635.32,570.73,Active,2021-09-13,2025-10-23,ERP
101758,PROD-101758,Ergonomic transitional neural-net,Hardware,Laptop,Lenovo,1950.75,462.39,Active,2024-05-26,2025-03-08,ERP
101759,PROD-101759,Open-architected attitude-oriented analyzer,Hardware,Laptop,HP,1279.3,357.29,Active,2022-06-27,2025-11-18,ERP
101760,PROD-101760,Enhanced stable open architecture,Cloud,Compute,Microsoft,4790.21,447.7,Active,2023-10-02,2025-08-31,ERP
101761,PROD-101761,Progressive neutral hardware,Services,Consulting,Cisco,739.19,3044.7,Active,2024-08-26,2026-04-22,ERP
101762,PROD-101762,Centralized multi-state firmware,Collaboration,Meetings,VMware,1692.19,639.19,Active,2026-02-04,2026-02-14,ERP
101763,PROD-101763,Quality-focused local open architecture,Hardware,Server,Dell,154.98,201.99,Active,2024-08-21,2025-09-21,ERP
101764,PROD-101764,Versatile even-keeled secured line,Security,Identity,Lenovo,752.08,3650.86,Active,2021-10-28,2024-08-25,ERP
101765,PROD-101765,Business-focused system-worthy customer loyalty,Hardware,Desktop,Lenovo,1957.65,1429.41,Active,2022-05-24,2026-01-22,ERP
101766,PROD-101766,Multi-lateral dedicated Graphic Interface,Security,Endpoint,Lenovo,3449.49,2866.53,Active,2023-10-03,2025-12-04,ERP
101767,PROD-101767,Organic 24/7 Local Area Network,Software,Office,HP,4954.3,917.48,Active,2025-08-21,2024-12-27,ERP
101768,PROD-101768,Balanced mobile array,Security,Threat Protection,Dell,3097.7,495.45,Active,2022-11-08,2025-09-23,ERP
101769,PROD-101769,Persevering multi-tasking infrastructure,Software,Operating System,HP,931.44,2133.66,Active,2022-03-14,2024-11-14,ERP
101770,PROD-101770,Customer-focused systematic attitude,Cloud,Networking,HP,4470.93,2756.46,Active,2025-07-04,2025-12-20,ERP
101771,PROD-101771,Centralized needs-based alliance,Security,Threat Protection,Dell,1391.91,2009.52,Active,2022-06-18,2024-09-04,ERP
101772,PROD-101772,Quality-focused composite flexibility,Services,Training,Dell,3954.84,3450.31,Active,2026-07-30,2024-09-28,ERP
101773,PROD-101773,Virtual disintermediate strategy,Cloud,Storage,Citrix,781.51,1800.61,Active,2022-11-07,2026-06-23,ERP
101774,PROD-101774,Re-engineered explicit structure,Collaboration,Email,Dell,2910.32,3839.35,Active,2024-07-09,2025-03-06,ERP
101775,PROD-101775,Optimized optimal complexity,Security,Endpoint,Dell,1649.11,531.95,Active,2022-12-26,2026-07-06,ERP
101776,PROD-101776,Business-focused fault-tolerant matrices,Storage,Backup,Citrix,2496.32,1938.12,Active,2024-11-15,2024-12-16,ERP
101777,PROD-101777,Optimized contextually-based matrix,Storage,Backup,HP,4020.6,2624.47,Active,2023-04-23,2025-08-04,ERP
101778,PROD-101778,Enterprise-wide reciprocal info-mediaries,Networking,Wireless,Lenovo,2769.23,2166.52,Active,2023-11-24,2025-04-28,ERP
101779,PROD-101779,Grass-roots 5thgeneration contingency,Collaboration,Meetings,Lenovo,463.91,2866.81,Active,2021-12-22,2025-07-08,ERP
101780,PROD-101780,Multi-layered maximized model,Networking,Router,Cisco,1840.46,833.04,Active,2025-11-02,2025-01-09,ERP
101781,PROD-101781,Versatile bandwidth-monitored knowledgebase,Hardware,Server,Adobe,4790.2,3685.59,Active,2022-12-02,2025-09-25,ERP
101782,PROD-101782,Focused even-keeled superstructure,Hardware,Server,Citrix,4251.32,3470.42,Active,2024-04-29,2026-05-18,ERP
101783,PROD-101783,Fully-configurable incremental paradigm,Cloud,AI,Adobe,763.49,3416.92,Active,2024-07-26,2025-04-05,ERP
101784,PROD-101784,Adaptive attitude-oriented throughput,Storage,NAS,Cisco,4147.72,247.07,Active,2022-09-24,2025-08-19,ERP
101785,PROD-101785,Automated incremental website,Cloud,Compute,HP,1918.43,129.73,Active,2022-05-15,2026-01-09,ERP
101786,PROD-101786,Organic directional concept,Storage,Backup,Microsoft,3521.94,2659.42,Active,2025-12-30,2025-10-20,ERP
101787,PROD-101787,Ergonomic static structure,Software,Office,HP,199.42,1476.85,Active,2026-07-24,2026-02-25,ERP
101788,PROD-101788,Down-sized even-keeled contingency,Software,Database,Dell,111.76,3328.5,Active,2024-11-06,2025-04-18,ERP
101789,PROD-101789,Self-enabling incremental workforce,Storage,NAS,HP,2375.34,581.95,Active,2025-12-29,2026-04-10,ERP
101790,PROD-101790,Decentralized scalable task-force,Security,Encryption,Lenovo,3626.66,1789.8,Active,2025-09-30,2025-02-23,ERP
101791,PROD-101791,Quality-focused solution-oriented website,Hardware,Server,Dell,821.64,3527.6,Active,2023-03-22,2025-05-09,ERP
101792,PROD-101792,Virtual zero tolerance hardware,Hardware,Desktop,HP,103.79,3334.9,Active,2024-07-30,2026-01-29,ERP
101793,PROD-101793,Phased real-time frame,Collaboration,Voice,VMware,3561.3,1709.09,Active,2022-08-25,2026-07-19,ERP
101794,PROD-101794,Multi-lateral analyzing artificial intelligence,Cloud,AI,Dell,2631.43,3912.26,Active,2024-10-26,2024-08-03,ERP
101795,PROD-101795,Grass-roots heuristic attitude,Cloud,Storage,Lenovo,3114.27,895.15,Active,2025-05-14,2025-04-27,ERP
101796,PROD-101796,Realigned zero administration leverage,Cloud,Compute,Adobe,2413.21,2619.48,Active,2024-03-25,2026-01-13,ERP
101797,PROD-101797,Total uniform protocol,Storage,Archive,HP,320.62,1501.63,Active,2021-12-06,2025-10-22,ERP
101798,PROD-101798,Advanced system-worthy application,Storage,NAS,VMware,586.58,334.29,Active,2022-09-20,2026-07-12,ERP
101799,PROD-101799,Cross-platform client-driven middleware,Services,Consulting,Cisco,1446.92,2177.73,Active,2022-03-05,2024-11-16,ERP
101800,PROD-101800,Mandatory 24/7 artificial intelligence,Software,Database,Microsoft,3794.78,1253.75,Active,2022-06-27,2025-11-03,ERP
101801,PROD-101801,Managed 5thgeneration support,Networking,Router,Cisco,1382.38,3907.24,Active,2022-05-01,2026-01-27,ERP
101802,PROD-101802,Persevering hybrid protocol,Hardware,Monitor,Microsoft,287.84,395.51,Active,2026-06-04,2024-11-25,ERP
101803,PROD-101803,Reactive tertiary approach,Security,Identity,Citrix,3770.81,3835.99,Active,2022-12-09,2026-05-10,ERP
101804,PROD-101804,Diverse intermediate application,Networking,Firewall,Lenovo,3642.16,3896.06,Active,2023-09-04,2026-03-01,ERP
101805,PROD-101805,Diverse regional parallelism,Software,Analytics,Lenovo,4487.73,2026.72,Active,2022-06-22,2025-01-23,ERP
101806,PROD-101806,Reactive discrete process improvement,Cloud,Compute,Lenovo,2410.92,3478.53,Active,2024-01-25,2026-04-19,ERP
101807,PROD-101807,Grass-roots holistic challenge,Hardware,Server,HP,800.11,1865.85,Active,2024-08-14,2025-02-09,ERP
101808,PROD-101808,Devolved high-level orchestration,Software,Database,Cisco,4047.01,2625.53,Active,2024-02-08,2024-12-20,ERP
101809,PROD-101809,Reactive static firmware,Cloud,AI,Adobe,3937.49,1372.61,Active,2026-04-05,2025-11-11,ERP
101810,PROD-101810,Proactive regional analyzer,Services,Implementation,Microsoft,4458.87,3102.35,Active,2023-06-09,2026-05-17,ERP
101811,PROD-101811,Innovative directional leverage,Storage,NAS,Cisco,4985.2,2437.34,Active,2022-05-14,2026-07-30,ERP
101812,PROD-101812,Object-based optimal orchestration,Cloud,Networking,Dell,4033.4,591.92,Active,2024-01-16,2026-01-17,ERP
101813,PROD-101813,Cloned dedicated time-frame,Security,Identity,Adobe,515.86,1272.03,Active,2026-05-10,2026-02-08,ERP
101814,PROD-101814,Up-sized object-oriented groupware,Security,Endpoint,Dell,1436.58,1469.23,Active,2024-11-03,2025-10-14,ERP
101815,PROD-101815,Organic context-sensitive firmware,Software,Operating System,HP,3567.74,1856.45,Active,2021-09-01,2024-11-26,ERP
101816,PROD-101816,Virtual tertiary system engine,Collaboration,Voice,Adobe,3268.95,583.28,Active,2024-04-15,2024-11-11,ERP
101817,PROD-101817,Multi-lateral zero administration initiative,Software,Office,Microsoft,1849.19,1164.33,Active,2025-10-29,2024-08-14,ERP
101818,PROD-101818,Exclusive zero-defect budgetary management,Storage,NAS,Adobe,1865.32,3383.22,Active,2021-10-07,2025-10-10,ERP
101819,PROD-101819,Robust background challenge,Services,Training,Dell,3426.89,2036.12,Active,2023-09-02,2025-01-31,ERP
101820,PROD-101820,Adaptive uniform approach,Security,Identity,Microsoft,3718.16,998.15,Active,2022-08-09,2025-09-06,ERP
101821,PROD-101821,Robust bifurcated instruction set,Hardware,Desktop,Dell,1488.77,653.87,Active,2022-01-27,2026-01-19,ERP
101822,PROD-101822,Vision-oriented fault-tolerant middleware,Storage,SAN,Cisco,1971.7,1862.56,Active,2025-09-22,2025-08-03,ERP
101823,PROD-101823,Diverse web-enabled capacity,Software,Analytics,Adobe,2369.02,2152.09,Active,2022-01-10,2025-07-13,ERP
101824,PROD-101824,Team-oriented holistic help-desk,Collaboration,Email,Dell,942.35,455.68,Active,2021-10-03,2025-07-01,ERP
101825,PROD-101825,Networked executive paradigm,Storage,Archive,Cisco,2037.53,281.27,Active,2025-07-25,2026-02-13,ERP
101826,PROD-101826,Devolved needs-based firmware,Services,Implementation,Cisco,3526.34,1917.97,Active,2023-08-19,2026-06-20,ERP
101827,PROD-101827,Expanded object-oriented knowledge user,Security,Encryption,Microsoft,2748.15,3795.42,Active,2024-05-04,2025-05-27,ERP
101828,PROD-101828,Devolved 24/7 concept,Cloud,Storage,Citrix,2862.62,3951.55,Active,2023-09-15,2024-08-15,ERP
101829,PROD-101829,Ergonomic motivating Graphic Interface,Storage,SAN,Citrix,3958.32,3914.78,Active,2023-11-30,2024-08-19,ERP
101830,PROD-101830,Cloned systematic infrastructure,Networking,Router,Cisco,4346.7,3811.76,Active,2025-03-17,2026-07-21,ERP
101831,PROD-101831,Future-proofed next generation parallelism,Storage,Backup,VMware,3196.65,357.28,Active,2025-08-22,2026-05-31,ERP
101832,PROD-101832,Future-proofed explicit instruction set,Software,Analytics,Lenovo,454.46,3498.26,Active,2023-11-01,2025-02-03,ERP
101833,PROD-101833,Right-sized fresh-thinking open architecture,Collaboration,Productivity,Cisco,3364.74,1056.3,Active,2024-05-07,2025-01-10,ERP
101834,PROD-101834,Right-sized modular protocol,Hardware,Laptop,Lenovo,1742.99,3018.87,Active,2021-09-26,2024-10-30,ERP
101835,PROD-101835,Programmable upward-trending synergy,Cloud,Storage,Citrix,4712.61,1939.46,Active,2026-01-15,2025-12-18,ERP
101836,PROD-101836,Reactive real-time protocol,Cloud,Networking,Citrix,4567.36,2292.01,Active,2025-11-25,2025-04-30,ERP
101837,PROD-101837,Extended human-resource intranet,Hardware,Desktop,Dell,3627.48,2324.5,Active,2025-07-23,2025-07-10,ERP
101838,PROD-101838,Cross-group client-driven system engine,Cloud,AI,Citrix,120.22,3588.59,Active,2022-01-11,2026-05-18,ERP
101839,PROD-101839,Synergized national throughput,Cloud,Networking,Citrix,612.35,3880.66,Active,2025-10-07,2025-09-04,ERP
101840,PROD-101840,Streamlined 6thgeneration utilization,Storage,Backup,Microsoft,4941.78,3774.71,Active,2025-09-26,2025-06-06,ERP
101841,PROD-101841,Vision-oriented analyzing migration,Cloud,Networking,Dell,230.61,2989.19,Active,2025-08-07,2025-01-15,ERP
101842,PROD-101842,Grass-roots 3rdgeneration access,Networking,Wireless,HP,3024.67,884.15,Active,2022-06-21,2025-07-25,ERP
101843,PROD-101843,Reduced eco-centric monitoring,Networking,Switch,Microsoft,1882.77,1471.08,Active,2024-08-30,2025-01-30,ERP
101844,PROD-101844,Public-key radical protocol,Security,Threat Protection,Dell,3511.62,2604.42,Active,2025-07-25,2024-09-02,ERP
101845,PROD-101845,Public-key attitude-oriented challenge,Collaboration,Productivity,Lenovo,1791.06,3317.04,Active,2024-01-03,2025-08-22,ERP
101846,PROD-101846,Vision-oriented stable moratorium,Storage,Backup,Dell,4635.43,1848.82,Active,2025-03-07,2025-06-30,ERP
101847,PROD-101847,Future-proofed disintermediate moratorium,Services,Support,HP,2736.68,1541.71,Active,2024-03-05,2025-05-23,ERP
101848,PROD-101848,Switchable demand-driven encoding,Storage,Backup,Dell,4977.05,3228.61,Active,2022-03-01,2024-11-17,ERP
101849,PROD-101849,Intuitive real-time function,Software,Operating System,Microsoft,3100.49,1659.84,Active,2023-11-01,2024-12-23,ERP
101850,PROD-101850,User-friendly human-resource projection,Collaboration,Email,Adobe,2541.64,3228.34,Active,2022-12-03,2024-09-02,ERP
101851,PROD-101851,Visionary local productivity,Security,Encryption,Cisco,1153.25,1832.15,Active,2022-04-25,2024-10-29,ERP
101852,PROD-101852,Triple-buffered stable ability,Storage,SAN,Cisco,4288.9,3803.44,Active,2024-07-30,2026-02-03,ERP
101853,PROD-101853,Digitized didactic standardization,Services,Implementation,Lenovo,4544.57,2588.32,Active,2024-06-20,2024-09-28,ERP
101854,PROD-101854,Persevering fresh-thinking productivity,Storage,SAN,Citrix,3921.87,2042.55,Active,2026-04-29,2025-03-28,ERP
101855,PROD-101855,Reverse-engineered optimizing website,Security,Threat Protection,VMware,4200.5,3185.67,Active,2025-07-09,2025-04-21,ERP
101856,PROD-101856,Persistent actuating throughput,Storage,NAS,Microsoft,4505.93,1672.86,Active,2023-12-25,2025-04-17,ERP
101857,PROD-101857,Synergized value-added implementation,Hardware,Laptop,HP,3963.03,3367.06,Active,2022-11-21,2025-09-05,ERP
101858,PROD-101858,Front-line context-sensitive pricing structure,Services,Training,HP,4797.84,3971.5,Active,2024-06-06,2026-02-17,ERP
101859,PROD-101859,Public-key modular open architecture,Networking,Wireless,Cisco,3100.53,1588.44,Active,2023-09-29,2025-09-19,ERP
101860,PROD-101860,Automated 3rdgeneration pricing structure,Hardware,Monitor,HP,4699.99,1576.89,Active,2024-05-12,2025-12-15,ERP
101861,PROD-101861,Re-contextualized bottom-line infrastructure,Cloud,Networking,Citrix,2610.52,1763.67,Active,2023-02-28,2025-11-18,ERP
101862,PROD-101862,Open-source user-facing Internet solution,Software,Database,Dell,3175.63,3142.52,Active,2026-02-27,2026-06-10,ERP
101863,PROD-101863,Proactive web-enabled access,Security,Endpoint,Citrix,1058.62,395.73,Active,2024-01-12,2024-08-15,ERP
101864,PROD-101864,Function-based executive concept,Storage,SAN,HP,187.7,2837.61,Active,2022-04-06,2025-01-30,ERP
101865,PROD-101865,Networked content-based emulation,Software,Office,Microsoft,3724.58,543.93,Active,2025-03-21,2026-06-26,ERP
101866,PROD-101866,Synergistic analyzing pricing structure,Collaboration,Voice,HP,1236.62,3594.19,Active,2023-10-14,2026-04-10,ERP
101867,PROD-101867,Sharable empowering installation,Security,Endpoint,Cisco,3645.25,3233.21,Active,2023-08-26,2025-12-01,ERP
101868,PROD-101868,Business-focused tertiary paradigm,Storage,Backup,Microsoft,1411.08,3741.53,Active,2025-07-11,2024-10-28,ERP
101869,PROD-101869,Team-oriented next generation approach,Hardware,Laptop,Dell,2322.68,2393.68,Active,2024-07-29,2026-05-09,ERP
101870,PROD-101870,Upgradable motivating data-warehouse,Software,Database,VMware,1346.87,743.0,Active,2022-08-17,2025-11-07,ERP
101871,PROD-101871,Enhanced client-driven orchestration,Software,Office,Citrix,4567.96,851.69,Active,2025-05-27,2024-11-14,ERP
101872,PROD-101872,Secured methodical focus group,Software,Office,Microsoft,2098.04,1958.91,Active,2022-01-16,2025-08-05,ERP
101873,PROD-101873,Robust demand-driven archive,Software,Database,Lenovo,1907.51,1271.5,Active,2022-02-09,2025-04-20,ERP
101874,PROD-101874,Profit-focused real-time database,Collaboration,Meetings,HP,1528.84,3616.96,Active,2025-10-17,2025-01-09,ERP
101875,PROD-101875,Diverse dedicated focus group,Hardware,Laptop,Citrix,4969.01,1948.55,Active,2026-05-07,2025-08-31,ERP
101876,PROD-101876,Synergized foreground secured line,Hardware,Desktop,VMware,4636.59,791.56,Active,2022-02-04,2025-04-21,ERP
101877,PROD-101877,Devolved high-level concept,Hardware,Laptop,HP,1120.72,1475.44,Active,2022-12-16,2024-10-21,ERP
101878,PROD-101878,Multi-channeled non-volatile leverage,Networking,Router,Citrix,735.9,356.68,Active,2023-08-19,2026-05-21,ERP
101879,PROD-101879,Business-focused high-level ability,Cloud,AI,VMware,2433.8,3814.09,Active,2023-06-06,2025-11-23,ERP
101880,PROD-101880,Open-source interactive concept,Services,Training,Adobe,3738.71,1995.81,Active,2026-03-13,2025-12-24,ERP
101881,PROD-101881,Configurable encompassing access,Storage,NAS,VMware,906.15,2756.05,Active,2024-08-27,2024-11-01,ERP
101882,PROD-101882,Synergistic incremental flexibility,Security,Encryption,Dell,2939.06,3071.63,Active,2024-11-23,2024-08-03,ERP
101883,PROD-101883,Future-proofed even-keeled secured line,Security,Endpoint,Cisco,4771.12,1964.13,Active,2025-12-14,2026-03-13,ERP
101884,PROD-101884,Stand-alone fresh-thinking matrices,Collaboration,Productivity,VMware,4088.67,2501.07,Active,2024-08-25,2026-02-20,ERP
101885,PROD-101885,Organized client-driven customer loyalty,Storage,Archive,Cisco,2857.35,1511.49,Active,2021-08-09,2026-06-27,ERP
101886,PROD-101886,Intuitive bi-directional matrix,Software,Office,HP,4452.78,3833.44,Active,2023-07-05,2025-11-14,ERP
101887,PROD-101887,Multi-channeled modular solution,Security,Encryption,VMware,3039.22,3512.08,Active,2025-11-15,2025-06-17,ERP
101888,PROD-101888,Networked didactic approach,Services,Implementation,Microsoft,617.52,3240.94,Active,2025-11-17,2025-02-10,ERP
101889,PROD-101889,Stand-alone composite Graphical User Interface,Storage,NAS,Citrix,1264.32,880.36,Active,2022-10-09,2025-11-23,ERP
101890,PROD-101890,Total incremental standardization,Services,Training,HP,3908.6,511.16,Active,2023-11-16,2025-05-27,ERP
101891,PROD-101891,Optimized zero-defect matrix,Services,Consulting,Citrix,1108.17,2280.69,Active,2024-06-08,2024-12-15,ERP
101892,PROD-101892,Distributed incremental service-desk,Services,Support,Dell,1958.67,2417.16,Active,2023-12-21,2025-07-07,ERP
101893,PROD-101893,Innovative 3rdgeneration help-desk,Networking,Router,VMware,3595.51,3786.43,Active,2025-11-05,2026-05-27,ERP
101894,PROD-101894,Devolved intermediate definition,Software,Office,Lenovo,1623.03,1297.48,Active,2025-04-20,2025-09-13,ERP
101895,PROD-101895,Pre-emptive logistical time-frame,Networking,Router,Adobe,2518.32,3961.28,Active,2024-01-05,2025-06-15,ERP
101896,PROD-101896,Sharable systematic solution,Storage,SAN,Dell,2291.29,2415.69,Active,2023-06-15,2026-01-02,ERP
101897,PROD-101897,Reactive dynamic capability,Storage,NAS,Microsoft,1460.93,2583.57,Active,2024-06-05,2025-08-17,ERP
101898,PROD-101898,Down-sized contextually-based support,Hardware,Monitor,VMware,698.74,3868.24,Active,2025-11-22,2025-11-15,ERP
101899,PROD-101899,User-friendly attitude-oriented monitoring,Hardware,Laptop,Citrix,3241.64,301.08,Active,2026-06-05,2024-12-31,ERP
101900,PROD-101900,Networked object-oriented Local Area Network,Software,Office,VMware,1409.63,3020.93,Active,2023-02-03,2025-11-09,ERP
101901,PROD-101901,Persistent modular analyzer,Storage,SAN,Citrix,2494.4,212.11,Active,2025-11-25,2024-08-11,ERP
101902,PROD-101902,Object-based next generation orchestration,Security,Encryption,Adobe,4250.93,3869.43,Active,2023-08-26,2025-02-18,ERP
101903,PROD-101903,Fundamental exuding contingency,Software,Analytics,Dell,194.98,215.14,Active,2024-06-17,2025-05-02,ERP
101904,PROD-101904,Implemented regional intranet,Hardware,Desktop,Dell,4968.02,3449.02,Active,2022-06-04,2025-09-20,ERP
101905,PROD-101905,Business-focused systemic hierarchy,Storage,NAS,HP,485.68,2903.33,Active,2023-01-18,2025-12-31,ERP
101906,PROD-101906,Upgradable 24/7 encryption,Services,Consulting,Microsoft,1335.45,3145.15,Active,2025-01-04,2025-08-17,ERP
101907,PROD-101907,Synchronized hybrid frame,Software,Operating System,VMware,421.46,1334.08,Active,2025-11-14,2025-09-20,ERP
101908,PROD-101908,Customizable scalable orchestration,Storage,Backup,HP,4628.05,2344.23,Active,2024-08-10,2025-03-20,ERP
101909,PROD-101909,Mandatory global attitude,Software,Database,Citrix,4316.38,3018.31,Active,2024-06-22,2024-10-27,ERP
101910,PROD-101910,Total zero-defect archive,Storage,Archive,Dell,2632.73,981.08,Active,2024-03-13,2026-06-27,ERP
101911,PROD-101911,Exclusive systemic model,Collaboration,Productivity,VMware,1643.46,2930.19,Active,2024-05-05,2025-03-31,ERP
101912,PROD-101912,Monitored even-keeled migration,Networking,Router,VMware,3842.7,2852.74,Active,2024-04-26,2026-01-21,ERP
101913,PROD-101913,Sharable bottom-line benchmark,Services,Support,Cisco,3490.08,323.7,Active,2023-01-16,2025-04-22,ERP
101914,PROD-101914,Self-enabling 24/7 workforce,Collaboration,Email,Cisco,114.98,884.14,Active,2022-07-07,2026-06-01,ERP
101915,PROD-101915,Cross-platform composite open system,Storage,NAS,Adobe,567.45,854.43,Active,2026-04-02,2026-02-19,ERP
101916,PROD-101916,Streamlined client-server groupware,Services,Training,Adobe,3293.68,3395.03,Active,2024-10-26,2026-03-09,ERP
101917,PROD-101917,Versatile systemic approach,Software,Database,Cisco,4587.65,1557.66,Active,2025-03-31,2025-06-13,ERP
101918,PROD-101918,Total demand-driven moratorium,Collaboration,Meetings,Lenovo,980.37,1129.41,Active,2021-08-09,2024-11-07,ERP
101919,PROD-101919,Profit-focused executive installation,Cloud,AI,Dell,779.08,3507.88,Active,2022-06-19,2025-01-09,ERP
101920,PROD-101920,Cross-platform reciprocal standardization,Software,Database,Microsoft,4475.79,768.44,Active,2022-03-23,2024-12-11,ERP
101921,PROD-101921,Grass-roots dynamic approach,Hardware,Monitor,Adobe,1792.19,495.35,Active,2023-02-23,2024-09-06,ERP
101922,PROD-101922,Centralized impactful secured line,Software,Analytics,Lenovo,1099.73,1602.79,Active,2022-01-21,2026-01-04,ERP
101923,PROD-101923,Virtual multi-state policy,Storage,Backup,Microsoft,2234.64,1494.88,Active,2026-05-26,2024-12-26,ERP
101924,PROD-101924,Upgradable web-enabled analyzer,Hardware,Monitor,Lenovo,1009.96,778.06,Active,2023-10-07,2026-04-18,ERP
101925,PROD-101925,Proactive optimizing alliance,Cloud,AI,Adobe,2617.16,459.01,Active,2022-11-19,2025-11-08,ERP
101926,PROD-101926,Customizable scalable system engine,Hardware,Desktop,Dell,1136.92,236.22,Active,2022-07-01,2024-09-30,ERP
101927,PROD-101927,Innovative zero administration implementation,Hardware,Server,Cisco,375.94,426.6,Active,2026-06-14,2025-01-20,ERP
101928,PROD-101928,Customer-focused leadingedge neural-net,Networking,Wireless,Lenovo,1994.78,899.06,Active,2022-09-13,2025-08-05,ERP
101929,PROD-101929,Balanced intangible function,Security,Encryption,Cisco,896.59,834.21,Active,2026-05-07,2024-09-02,ERP
101930,PROD-101930,Networked bottom-line application,Security,Threat Protection,Microsoft,516.5,2025.38,Active,2023-01-07,2024-09-23,ERP
101931,PROD-101931,Right-sized upward-trending neural-net,Collaboration,Voice,Cisco,892.65,2733.73,Active,2025-11-17,2026-06-05,ERP
101932,PROD-101932,Face-to-face 6thgeneration standardization,Cloud,Storage,Citrix,4504.35,588.79,Active,2025-08-05,2025-05-24,ERP
101933,PROD-101933,Right-sized incremental knowledgebase,Hardware,Monitor,Lenovo,1703.57,730.62,Active,2025-08-13,2025-12-06,ERP
101934,PROD-101934,Programmable bottom-line instruction set,Security,Identity,HP,3412.05,3416.03,Active,2024-01-05,2026-05-04,ERP
101935,PROD-101935,Implemented needs-based interface,Services,Implementation,Microsoft,2467.12,1008.85,Active,2022-01-21,2024-09-04,ERP
101936,PROD-101936,Programmable directional methodology,Software,Operating System,Microsoft,2857.97,3961.89,Active,2024-04-12,2026-06-19,ERP
101937,PROD-101937,Grass-roots interactive support,Networking,Switch,HP,3887.52,422.47,Active,2021-12-07,2025-07-23,ERP
101938,PROD-101938,Reactive regional forecast,Services,Implementation,Adobe,3687.33,3959.43,Active,2024-09-23,2026-06-14,ERP
101939,PROD-101939,Self-enabling background application,Security,Encryption,VMware,1853.23,78.91,Active,2025-10-12,2026-06-01,ERP
101940,PROD-101940,Synergized motivating utilization,Services,Training,Citrix,4462.29,3103.74,Active,2026-04-05,2025-06-29,ERP
101941,PROD-101941,Triple-buffered needs-based Graphic Interface,Collaboration,Email,VMware,3444.63,2919.66,Active,2023-07-17,2025-08-07,ERP
101942,PROD-101942,Configurable web-enabled model,Hardware,Desktop,Lenovo,4288.51,2645.98,Active,2021-09-02,2025-08-23,ERP
101943,PROD-101943,Monitored intangible capacity,Cloud,AI,Adobe,202.98,2320.9,Active,2024-12-26,2025-05-03,ERP
101944,PROD-101944,Reactive eco-centric application,Storage,Backup,Cisco,3734.61,795.52,Active,2021-09-24,2025-03-23,ERP
101945,PROD-101945,Devolved 4thgeneration process improvement,Storage,SAN,VMware,4391.86,2723.24,Active,2024-03-02,2026-02-27,ERP
101946,PROD-101946,Implemented hybrid algorithm,Collaboration,Meetings,VMware,4556.12,1411.66,Active,2024-06-26,2025-03-18,ERP
101947,PROD-101947,Public-key 4thgeneration application,Services,Implementation,Lenovo,4729.07,1123.08,Active,2023-12-22,2026-02-10,ERP
101948,PROD-101948,Adaptive multimedia projection,Networking,Router,Citrix,4179.15,513.77,Active,2025-12-17,2026-03-11,ERP
101949,PROD-101949,Vision-oriented logistical pricing structure,Collaboration,Voice,VMware,595.44,58.13,Active,2023-01-11,2026-05-17,ERP
101950,PROD-101950,Visionary empowering strategy,Cloud,Networking,HP,2639.77,1176.88,Active,2026-02-01,2024-08-21,ERP
101951,PROD-101951,Reactive client-server middleware,Cloud,AI,Adobe,1476.89,3204.15,Active,2025-05-09,2024-08-17,ERP
101952,PROD-101952,Focused next generation policy,Hardware,Monitor,Microsoft,1125.76,3306.25,Active,2024-02-29,2025-12-26,ERP
101953,PROD-101953,Total bi-directional firmware,Software,Operating System,Adobe,1563.82,1735.53,Active,2024-12-16,2025-10-09,ERP
101954,PROD-101954,Switchable motivating info-mediaries,Hardware,Laptop,VMware,731.71,3517.92,Active,2022-03-03,2025-07-21,ERP
101955,PROD-101955,Focused regional paradigm,Cloud,Compute,VMware,756.09,2938.89,Active,2025-04-24,2026-01-28,ERP
101956,PROD-101956,Virtual secondary protocol,Storage,SAN,VMware,1133.35,1905.88,Active,2022-07-31,2026-07-28,ERP
101957,PROD-101957,Synergistic multi-state strategy,Services,Support,Lenovo,2141.69,3868.45,Active,2026-02-18,2025-10-30,ERP
101958,PROD-101958,Innovative context-sensitive firmware,Software,Analytics,VMware,3005.34,713.88,Active,2023-06-28,2025-09-28,ERP
101959,PROD-101959,Customer-focused intermediate initiative,Storage,Backup,HP,3432.44,818.04,Active,2026-05-06,2025-03-10,ERP
101960,PROD-101960,Programmable radical attitude,Cloud,Networking,Cisco,1540.26,365.25,Active,2025-09-11,2026-04-01,ERP
101961,PROD-101961,Triple-buffered well-modulated open architecture,Collaboration,Meetings,Lenovo,3922.91,3339.56,Active,2021-10-16,2025-11-28,ERP
101962,PROD-101962,Open-source human-resource help-desk,Software,Database,Adobe,3485.96,2027.67,Active,2025-05-18,2025-10-27,ERP
101963,PROD-101963,Reverse-engineered system-worthy matrices,Services,Implementation,Citrix,2166.96,1696.51,Active,2025-10-24,2026-06-18,ERP
101964,PROD-101964,Assimilated content-based time-frame,Storage,Archive,Microsoft,4567.16,130.03,Active,2026-01-23,2026-04-29,ERP
101965,PROD-101965,Quality-focused zero tolerance task-force,Storage,SAN,HP,3095.28,1227.0,Active,2024-10-27,2025-01-10,ERP
101966,PROD-101966,Synergized multimedia application,Networking,Firewall,HP,3123.4,3602.15,Active,2026-06-29,2024-11-04,ERP
101967,PROD-101967,Sharable modular leverage,Security,Identity,Lenovo,673.38,2688.56,Active,2024-01-03,2025-10-12,ERP
101968,PROD-101968,Triple-buffered multimedia knowledge user,Collaboration,Productivity,Microsoft,469.06,1098.95,Active,2025-07-14,2025-10-05,ERP
101969,PROD-101969,Enterprise-wide multimedia analyzer,Software,Analytics,Dell,4118.6,2272.64,Active,2025-01-21,2024-10-27,ERP
101970,PROD-101970,Total bandwidth-monitored toolset,Services,Consulting,Dell,3715.34,2705.79,Active,2022-04-14,2025-01-12,ERP
101971,PROD-101971,Distributed global policy,Hardware,Desktop,HP,2832.14,3869.93,Active,2025-10-31,2025-07-19,ERP
101972,PROD-101972,Vision-oriented solution-oriented intranet,Cloud,Storage,HP,1539.42,1260.79,Active,2024-10-01,2026-03-04,ERP
101973,PROD-101973,Configurable human-resource open architecture,Hardware,Monitor,Cisco,617.81,25.14,Active,2025-12-01,2025-02-20,ERP
101974,PROD-101974,User-friendly bandwidth-monitored interface,Software,Operating System,Cisco,1061.25,1908.13,Active,2025-11-20,2024-11-16,ERP
101975,PROD-101975,Multi-layered motivating array,Collaboration,Productivity,Microsoft,4633.92,1217.2,Active,2024-04-16,2025-06-17,ERP
101976,PROD-101976,Public-key attitude-oriented workforce,Collaboration,Meetings,Cisco,4216.52,2198.21,Active,2023-09-07,2026-07-29,ERP
101977,PROD-101977,Cloned optimizing algorithm,Collaboration,Email,Lenovo,773.92,111.09,Active,2025-04-14,2026-04-24,ERP
101978,PROD-101978,Ergonomic contextually-based task-force,Cloud,Storage,HP,2582.0,2806.02,Active,2022-04-15,2025-12-30,ERP
101979,PROD-101979,Fundamental modular hub,Networking,Wireless,Adobe,1485.68,2678.45,Active,2021-10-11,2025-06-07,ERP
101980,PROD-101980,Networked non-volatile adapter,Collaboration,Voice,VMware,1986.39,2798.17,Active,2025-10-16,2025-11-13,ERP
101981,PROD-101981,Versatile maximized application,Software,Office,Lenovo,4076.79,613.96,Active,2026-07-23,2026-04-01,ERP
101982,PROD-101982,Compatible demand-driven software,Security,Encryption,Dell,2842.83,68.8,Active,2021-08-27,2026-07-12,ERP
101983,PROD-101983,De-engineered methodical hub,Security,Identity,Adobe,261.03,3630.56,Active,2023-02-18,2026-02-03,ERP
101984,PROD-101984,Managed responsive benchmark,Cloud,Networking,Adobe,1420.67,3927.47,Active,2025-08-20,2026-03-30,ERP
101985,PROD-101985,Secured leadingedge help-desk,Services,Support,Citrix,4517.63,2112.1,Active,2021-09-19,2025-10-10,ERP
101986,PROD-101986,Monitored impactful matrices,Software,Database,HP,1791.74,2883.86,Active,2025-04-13,2026-05-26,ERP
101987,PROD-101987,Reverse-engineered fault-tolerant installation,Services,Implementation,HP,1427.78,3056.37,Active,2023-08-07,2025-06-25,ERP
101988,PROD-101988,Right-sized fresh-thinking software,Security,Encryption,Dell,4584.99,2589.41,Active,2024-12-11,2024-09-09,ERP
101989,PROD-101989,Public-key solution-oriented data-warehouse,Storage,Archive,HP,2901.39,3711.46,Active,2026-01-09,2026-01-18,ERP
101990,PROD-101990,Customer-focused cohesive application,Security,Endpoint,Citrix,2964.82,2333.38,Active,2022-04-21,2025-10-08,ERP
101991,PROD-101991,Streamlined leadingedge open architecture,Storage,SAN,Microsoft,196.13,2938.19,Active,2022-07-25,2025-01-19,ERP
101992,PROD-101992,De-engineered grid-enabled database,Networking,Router,Dell,2522.2,2725.31,Active,2023-01-15,2026-01-28,ERP
101993,PROD-101993,User-friendly full-range moderator,Services,Support,Cisco,571.89,3526.0,Active,2026-07-22,2026-02-05,ERP
101994,PROD-101994,Fundamental content-based core,Storage,Archive,Dell,356.54,1020.67,Active,2024-04-23,2025-02-17,ERP
101995,PROD-101995,Operative multi-state initiative,Hardware,Laptop,Adobe,3828.59,2435.97,Active,2024-02-23,2025-01-07,ERP
101996,PROD-101996,Networked empowering encryption,Hardware,Desktop,Citrix,582.92,1811.8,Active,2022-07-10,2026-02-24,ERP
101997,PROD-101997,Front-line 24/7 help-desk,Cloud,Storage,Cisco,1299.85,1764.12,Active,2021-10-11,2024-09-17,ERP
101998,PROD-101998,Open-architected multimedia ability,Security,Endpoint,Cisco,3723.66,1750.4,Active,2024-02-05,2025-10-19,ERP
101999,PROD-101999,Quality-focused 24hour alliance,Networking,Router,Microsoft,3164.12,2682.92,Active,2025-04-02,2024-11-29,ERP
102000,PROD-102000,Implemented needs-based encryption,Networking,Router,HP,4471.79,1454.25,Active,2022-10-29,2026-02-15,ERP
102001,PROD-102001,Cross-platform bi-directional productivity,Storage,SAN,Citrix,967.26,2926.66,Active,2022-04-01,2025-06-28,ERP
102002,PROD-102002,Down-sized background core,Collaboration,Meetings,Cisco,2873.33,1908.09,Active,2023-05-28,2026-04-24,ERP
102003,PROD-102003,Reverse-engineered national encoding,Services,Training,HP,4017.9,1769.54,Active,2024-04-24,2025-03-18,ERP
102004,PROD-102004,Automated intermediate adapter,Storage,SAN,Dell,679.6,2081.06,Active,2023-10-24,2025-05-20,ERP
102005,PROD-102005,Open-architected exuding flexibility,Software,Operating System,Adobe,1191.34,2415.92,Active,2023-01-29,2024-10-26,ERP
102006,PROD-102006,Robust user-facing monitoring,Services,Consulting,Cisco,4115.57,1177.34,Active,2022-05-28,2024-11-17,ERP
102007,PROD-102007,Front-line client-server encryption,Security,Encryption,Citrix,386.37,3489.11,Active,2024-03-11,2026-07-19,ERP
102008,PROD-102008,Assimilated encompassing hardware,Security,Identity,Cisco,4273.32,3728.94,Active,2024-12-22,2025-08-08,ERP
102009,PROD-102009,Distributed grid-enabled implementation,Security,Encryption,Microsoft,2752.41,3569.94,Active,2021-11-07,2024-09-09,ERP
102010,PROD-102010,Automated 6thgeneration function,Collaboration,Voice,Microsoft,209.76,1700.09,Active,2022-07-15,2024-11-06,ERP
102011,PROD-102011,Adaptive optimal productivity,Networking,Firewall,Microsoft,739.48,2199.67,Active,2023-04-23,2025-12-11,ERP
102012,PROD-102012,De-engineered asynchronous matrix,Services,Consulting,Cisco,2493.1,3227.51,Active,2023-11-21,2025-10-23,ERP
102013,PROD-102013,Synergized human-resource architecture,Hardware,Server,Dell,4752.04,2402.64,Active,2022-03-11,2026-01-22,ERP
102014,PROD-102014,Innovative user-facing attitude,Software,Office,HP,1389.02,190.92,Active,2023-08-27,2024-12-22,ERP
102015,PROD-102015,Automated eco-centric pricing structure,Hardware,Monitor,Cisco,3269.17,1740.27,Active,2022-10-24,2024-12-03,ERP
102016,PROD-102016,Implemented executive methodology,Security,Endpoint,Microsoft,4659.67,129.76,Active,2021-10-13,2024-10-15,ERP
102017,PROD-102017,Operative web-enabled Local Area Network,Networking,Wireless,Microsoft,2784.86,232.26,Active,2025-05-13,2026-03-29,ERP
102018,PROD-102018,Multi-layered executive initiative,Storage,NAS,Lenovo,3521.62,2209.44,Active,2023-01-25,2024-11-02,ERP
102019,PROD-102019,Reverse-engineered maximized array,Software,Office,Dell,4490.88,3930.57,Active,2024-08-01,2025-04-22,ERP
102020,PROD-102020,Re-contextualized dedicated info-mediaries,Services,Training,Cisco,1748.47,3674.32,Active,2023-09-18,2026-01-20,ERP
102021,PROD-102021,Business-focused needs-based framework,Networking,Switch,Dell,2963.66,927.83,Active,2024-06-21,2026-01-13,ERP
102022,PROD-102022,Triple-buffered radical artificial intelligence,Hardware,Laptop,Cisco,4072.48,329.53,Active,2021-11-17,2026-01-12,ERP
102023,PROD-102023,Managed holistic task-force,Cloud,Networking,HP,1448.85,1273.65,Active,2023-08-03,2026-04-08,ERP
102024,PROD-102024,Cross-platform dedicated superstructure,Networking,Firewall,HP,3050.31,1927.84,Active,2021-11-02,2024-10-16,ERP
102025,PROD-102025,Customer-focused global help-desk,Software,Operating System,Dell,1288.48,2185.99,Active,2025-06-19,2026-07-12,ERP
102026,PROD-102026,Secured fresh-thinking array,Collaboration,Voice,Cisco,2245.53,1228.31,Active,2024-10-06,2025-04-30,ERP
102027,PROD-102027,User-friendly high-level application,Services,Training,Cisco,2657.88,1088.45,Active,2021-09-04,2026-05-17,ERP
102028,PROD-102028,Robust methodical complexity,Software,Operating System,Citrix,4507.11,2829.37,Active,2025-11-26,2026-06-16,ERP
102029,PROD-102029,Managed real-time approach,Collaboration,Voice,Dell,1057.6,570.1,Active,2023-12-07,2025-12-11,ERP
102030,PROD-102030,Optimized executive migration,Networking,Firewall,Cisco,657.6,2906.52,Active,2021-09-15,2024-08-18,ERP
102031,PROD-102031,Virtual homogeneous array,Cloud,Compute,Cisco,3506.79,2608.38,Active,2024-10-09,2025-10-29,ERP
102032,PROD-102032,Right-sized optimal parallelism,Collaboration,Email,Microsoft,2519.59,159.18,Active,2026-04-20,2025-12-03,ERP
102033,PROD-102033,Programmable composite core,Security,Encryption,VMware,4144.54,360.86,Active,2022-01-06,2024-10-24,ERP
102034,PROD-102034,Networked explicit throughput,Security,Encryption,Adobe,143.3,1545.79,Active,2025-07-31,2026-04-23,ERP
102035,PROD-102035,Object-based heuristic time-frame,Collaboration,Email,Cisco,1068.36,758.1,Active,2022-09-09,2024-12-27,ERP
102036,PROD-102036,Business-focused uniform matrix,Storage,SAN,VMware,204.97,3057.91,Active,2023-07-14,2025-08-21,ERP
102037,PROD-102037,Right-sized needs-based data-warehouse,Hardware,Server,VMware,4060.71,2374.06,Active,2023-10-24,2024-11-26,ERP
102038,PROD-102038,Right-sized asynchronous concept,Hardware,Server,Lenovo,4335.42,3135.89,Active,2025-09-27,2025-12-07,ERP
102039,PROD-102039,Future-proofed cohesive hierarchy,Hardware,Laptop,Lenovo,4764.74,3731.58,Active,2025-03-30,2025-12-20,ERP
102040,PROD-102040,User-centric motivating flexibility,Security,Encryption,Lenovo,2884.38,2284.0,Active,2023-07-08,2025-05-31,ERP
102041,PROD-102041,User-friendly asymmetric hardware,Security,Endpoint,Lenovo,2363.3,3970.64,Active,2023-05-27,2026-05-18,ERP
102042,PROD-102042,Innovative leadingedge website,Networking,Switch,Microsoft,1439.47,2738.33,Active,2023-12-10,2024-09-26,ERP
102043,PROD-102043,Grass-roots full-range approach,Security,Identity,Cisco,3868.13,1200.9,Active,2023-04-15,2024-12-23,ERP
102044,PROD-102044,Multi-tiered bi-directional matrix,Storage,SAN,VMware,1840.39,2645.44,Active,2024-04-29,2024-12-25,ERP
102045,PROD-102045,Implemented non-volatile matrix,Hardware,Laptop,VMware,2863.78,1300.93,Active,2024-02-04,2025-05-21,ERP
102046,PROD-102046,Reactive 6thgeneration algorithm,Security,Endpoint,Adobe,2340.49,1773.64,Active,2023-12-21,2025-04-12,ERP
102047,PROD-102047,Pre-emptive national toolset,Collaboration,Email,Citrix,2427.03,3381.19,Active,2022-09-30,2025-05-20,ERP
102048,PROD-102048,Balanced even-keeled budgetary management,Networking,Wireless,Microsoft,2918.87,341.2,Active,2025-01-30,2025-07-03,ERP
102049,PROD-102049,Open-architected asymmetric website,Services,Consulting,Adobe,940.03,3069.76,Active,2024-12-22,2025-05-11,ERP
102050,PROD-102050,Face-to-face directional framework,Security,Threat Protection,Adobe,679.75,2530.59,Active,2025-05-06,2025-02-13,ERP
102051,PROD-102051,Diverse solution-oriented function,Cloud,Compute,Cisco,616.51,178.04,Active,2024-05-30,2024-09-18,ERP
102052,PROD-102052,Reactive bi-directional implementation,Collaboration,Voice,Microsoft,2789.37,931.11,Active,2025-05-24,2025-09-19,ERP
102053,PROD-102053,Team-oriented didactic parallelism,Security,Threat Protection,Microsoft,3408.02,3433.52,Active,2024-11-01,2025-03-02,ERP
102054,PROD-102054,Triple-buffered multi-state model,Services,Consulting,Cisco,1781.16,332.98,Active,2025-02-01,2025-10-17,ERP
102055,PROD-102055,Implemented radical info-mediaries,Collaboration,Email,Dell,1223.04,1320.01,Active,2026-03-29,2025-12-26,ERP
102056,PROD-102056,Switchable analyzing capacity,Services,Implementation,Dell,3227.34,3506.52,Active,2022-05-27,2025-11-16,ERP
102057,PROD-102057,Right-sized fault-tolerant instruction set,Cloud,Compute,Citrix,3054.49,1457.14,Active,2025-12-04,2025-04-24,ERP
102058,PROD-102058,Configurable asymmetric protocol,Storage,Backup,Adobe,4715.27,1193.9,Active,2022-03-25,2026-04-17,ERP
102059,PROD-102059,Distributed asymmetric middleware,Hardware,Desktop,Citrix,270.82,3722.98,Active,2025-02-01,2026-07-17,ERP
102060,PROD-102060,Stand-alone needs-based emulation,Hardware,Laptop,Cisco,4049.77,2055.41,Active,2024-10-07,2024-08-21,ERP
102061,PROD-102061,Multi-tiered context-sensitive circuit,Services,Support,Lenovo,4162.1,154.58,Active,2026-04-02,2024-10-08,ERP
102062,PROD-102062,Future-proofed real-time paradigm,Cloud,Networking,Dell,4778.14,3835.54,Active,2023-08-23,2024-09-13,ERP
102063,PROD-102063,Profound modular toolset,Networking,Wireless,Dell,4245.6,2122.83,Active,2024-07-20,2026-05-17,ERP
102064,PROD-102064,Robust 6thgeneration installation,Hardware,Monitor,Adobe,1618.85,800.22,Active,2024-09-09,2025-06-26,ERP
102065,PROD-102065,Balanced scalable protocol,Security,Endpoint,Citrix,1253.21,3076.38,Active,2026-02-19,2025-05-20,ERP
102066,PROD-102066,User-friendly transitional moderator,Services,Support,Adobe,1608.34,3890.28,Active,2025-05-11,2025-03-02,ERP
102067,PROD-102067,Down-sized solution-oriented service-desk,Networking,Wireless,Lenovo,1841.31,1424.14,Active,2024-03-14,2025-04-05,ERP
102068,PROD-102068,Profound bifurcated benchmark,Software,Analytics,Adobe,3045.83,1809.65,Active,2023-01-03,2024-11-03,ERP
102069,PROD-102069,Adaptive user-facing customer loyalty,Storage,NAS,HP,4632.3,998.65,Active,2021-11-20,2026-07-15,ERP
102070,PROD-102070,Decentralized demand-driven Graphic Interface,Storage,NAS,VMware,3989.49,1382.75,Active,2021-10-10,2026-02-25,ERP
102071,PROD-102071,Reduced coherent collaboration,Software,Operating System,Lenovo,2134.06,3933.41,Active,2021-11-18,2024-10-27,ERP
102072,PROD-102072,Fully-configurable local algorithm,Collaboration,Meetings,HP,4388.21,86.66,Active,2025-06-13,2024-09-05,ERP
102073,PROD-102073,Multi-layered web-enabled parallelism,Software,Office,VMware,3839.27,2852.74,Active,2026-07-12,2025-06-15,ERP
102074,PROD-102074,Extended even-keeled functionalities,Collaboration,Email,HP,4353.82,3339.59,Active,2022-10-07,2025-11-16,ERP
102075,PROD-102075,De-engineered mission-critical database,Hardware,Desktop,Dell,705.27,3470.85,Active,2021-08-03,2025-10-23,ERP
102076,PROD-102076,Robust directional middleware,Storage,Archive,Citrix,680.89,2795.29,Active,2025-02-09,2025-02-26,ERP
102077,PROD-102077,Implemented multi-state conglomeration,Networking,Firewall,Dell,1717.2,3303.24,Active,2025-10-23,2025-02-08,ERP
102078,PROD-102078,Organized bandwidth-monitored interface,Services,Consulting,Microsoft,415.08,3684.88,Active,2024-01-30,2026-04-11,ERP
102079,PROD-102079,Self-enabling incremental knowledge user,Collaboration,Productivity,Adobe,3716.45,1756.87,Active,2023-11-24,2025-05-10,ERP
102080,PROD-102080,Cloned demand-driven customer loyalty,Collaboration,Meetings,HP,3632.35,2368.49,Active,2025-08-27,2026-05-02,ERP
102081,PROD-102081,Persevering radical product,Software,Database,Microsoft,2988.09,1495.25,Active,2025-02-22,2026-02-06,ERP
102082,PROD-102082,Decentralized well-modulated implementation,Collaboration,Productivity,Citrix,2221.01,2046.95,Active,2023-09-28,2025-09-20,ERP
102083,PROD-102083,Re-contextualized systematic Graphic Interface,Security,Identity,Cisco,1521.88,1380.94,Active,2022-04-21,2026-02-01,ERP
102084,PROD-102084,Assimilated holistic model,Storage,Backup,Citrix,1951.14,3035.27,Active,2021-10-31,2025-06-02,ERP
102085,PROD-102085,Grass-roots analyzing Internet solution,Cloud,Compute,Cisco,2181.16,1131.07,Active,2025-06-06,2026-05-23,ERP
102086,PROD-102086,Public-key hybrid groupware,Services,Consulting,Citrix,1459.72,496.24,Active,2022-10-23,2025-11-28,ERP
102087,PROD-102087,De-engineered homogeneous extranet,Security,Encryption,Adobe,1156.99,698.05,Active,2025-02-21,2024-10-20,ERP
102088,PROD-102088,Diverse fresh-thinking project,Security,Identity,Cisco,3348.85,585.49,Active,2021-11-25,2026-01-24,ERP
102089,PROD-102089,Horizontal optimal parallelism,Networking,Switch,Microsoft,3012.04,182.99,Active,2021-12-10,2026-07-08,ERP
102090,PROD-102090,Synergistic multi-state solution,Networking,Router,Adobe,4170.9,127.46,Active,2021-08-12,2026-06-26,ERP
102091,PROD-102091,Enterprise-wide impactful standardization,Networking,Firewall,Lenovo,3673.84,2095.55,Active,2022-07-08,2025-05-19,ERP
102092,PROD-102092,Horizontal explicit model,Collaboration,Voice,Dell,3595.44,3678.76,Active,2025-09-13,2025-03-20,ERP
102093,PROD-102093,Customizable fresh-thinking hardware,Software,Office,Lenovo,2491.61,370.28,Active,2022-07-14,2025-04-29,ERP
102094,PROD-102094,User-centric system-worthy alliance,Cloud,AI,Dell,4843.78,3219.47,Active,2023-04-27,2025-02-20,ERP
102095,PROD-102095,Open-architected radical methodology,Networking,Router,Citrix,825.8,1357.97,Active,2025-05-19,2024-12-21,ERP
102096,PROD-102096,User-friendly optimal core,Collaboration,Email,Citrix,4466.75,177.47,Active,2022-03-04,2026-05-27,ERP
102097,PROD-102097,Extended 3rdgeneration initiative,Software,Analytics,Cisco,4215.08,2652.99,Active,2023-01-03,2026-05-17,ERP
102098,PROD-102098,Proactive zero-defect capacity,Hardware,Laptop,Cisco,727.53,1520.43,Active,2025-12-07,2026-07-16,ERP
102099,PROD-102099,Grass-roots value-added analyzer,Networking,Switch,VMware,2377.07,1950.92,Active,2025-07-27,2025-06-09,ERP
102100,PROD-102100,Automated client-server hardware,Cloud,Networking,VMware,702.37,2548.22,Active,2024-02-10,2025-09-24,ERP
102101,PROD-102101,Innovative radical solution,Software,Database,Microsoft,2199.88,1975.5,Active,2023-12-30,2026-06-06,ERP
102102,PROD-102102,Customizable multi-tasking parallelism,Networking,Switch,Microsoft,2119.89,1070.72,Active,2022-07-21,2025-11-04,ERP
102103,PROD-102103,Monitored systematic budgetary management,Storage,NAS,Citrix,2446.95,2636.34,Active,2022-02-16,2025-01-11,ERP
102104,PROD-102104,Optimized optimal success,Cloud,AI,Cisco,4381.44,2680.2,Active,2021-11-22,2025-11-10,ERP
102105,PROD-102105,Synchronized didactic time-frame,Collaboration,Productivity,Citrix,2739.9,1199.28,Active,2026-01-24,2024-11-14,ERP
102106,PROD-102106,Diverse hybrid attitude,Networking,Router,VMware,2126.99,1802.51,Active,2024-11-01,2025-03-21,ERP
102107,PROD-102107,Fully-configurable coherent model,Networking,Wireless,Dell,922.16,3826.35,Active,2023-06-22,2026-07-21,ERP
102108,PROD-102108,De-engineered didactic flexibility,Software,Analytics,Lenovo,3538.85,3100.39,Active,2022-09-17,2025-07-13,ERP
102109,PROD-102109,Reduced hybrid contingency,Collaboration,Productivity,Lenovo,3451.75,140.13,Active,2021-08-22,2024-12-14,ERP
102110,PROD-102110,Adaptive next generation application,Security,Endpoint,Lenovo,350.98,3092.9,Active,2022-01-21,2025-02-21,ERP
102111,PROD-102111,Up-sized global framework,Security,Threat Protection,Lenovo,1987.32,1781.76,Active,2024-06-07,2025-03-08,ERP
102112,PROD-102112,De-engineered static initiative,Storage,Backup,Microsoft,1378.17,2919.54,Active,2022-08-09,2025-05-04,ERP
102113,PROD-102113,Stand-alone static parallelism,Services,Consulting,VMware,2265.8,904.71,Active,2024-12-24,2024-12-18,ERP
102114,PROD-102114,Centralized scalable synergy,Cloud,Storage,Dell,4742.0,2462.88,Active,2022-03-21,2026-03-17,ERP
102115,PROD-102115,Reduced clear-thinking standardization,Services,Support,Microsoft,4753.88,108.94,Active,2025-11-09,2025-06-12,ERP
102116,PROD-102116,Re-engineered motivating task-force,Storage,SAN,Citrix,4565.53,3073.2,Active,2023-07-26,2025-09-18,ERP
102117,PROD-102117,Exclusive non-volatile help-desk,Software,Operating System,Cisco,1842.38,813.8,Active,2021-09-15,2024-10-01,ERP
102118,PROD-102118,Reactive systemic parallelism,Cloud,Networking,Cisco,1486.43,666.58,Active,2025-12-12,2024-11-01,ERP
102119,PROD-102119,Phased client-server neural-net,Services,Training,Lenovo,1117.29,2940.0,Active,2023-12-04,2026-02-26,ERP
102120,PROD-102120,Inverse object-oriented neural-net,Hardware,Laptop,Microsoft,3787.85,2118.06,Active,2024-02-06,2025-08-09,ERP
102121,PROD-102121,Reverse-engineered homogeneous hierarchy,Storage,Archive,Microsoft,826.88,1223.33,Active,2023-09-25,2025-07-13,ERP
102122,PROD-102122,Extended context-sensitive middleware,Networking,Switch,Microsoft,1398.67,516.48,Active,2026-05-03,2026-05-06,ERP
102123,PROD-102123,Digitized scalable process improvement,Storage,Archive,HP,4100.56,3509.57,Active,2024-06-28,2026-02-23,ERP
102124,PROD-102124,Enhanced regional algorithm,Software,Operating System,Dell,2547.32,2821.37,Active,2026-02-25,2025-02-07,ERP
102125,PROD-102125,Quality-focused context-sensitive Internet solution,Storage,SAN,Microsoft,3726.13,2178.25,Active,2022-08-01,2025-09-01,ERP
102126,PROD-102126,Future-proofed maximized throughput,Cloud,Compute,Lenovo,1011.71,2432.62,Active,2021-09-25,2025-03-06,ERP
102127,PROD-102127,Versatile actuating encoding,Security,Threat Protection,Lenovo,2586.16,118.14,Active,2023-07-02,2026-04-01,ERP
102128,PROD-102128,Profound interactive concept,Security,Encryption,Cisco,543.41,3877.82,Active,2023-05-07,2024-10-28,ERP
102129,PROD-102129,Virtual directional function,Collaboration,Productivity,VMware,2176.2,908.46,Active,2023-12-07,2025-10-18,ERP
102130,PROD-102130,Cloned maximized leverage,Storage,Backup,Adobe,1457.89,2818.95,Active,2025-11-27,2026-05-16,ERP
102131,PROD-102131,Organic transitional analyzer,Networking,Wireless,Microsoft,4966.11,2917.04,Active,2022-01-04,2025-10-23,ERP
102132,PROD-102132,Advanced dynamic data-warehouse,Services,Consulting,Adobe,1159.1,3901.38,Active,2024-12-05,2025-05-18,ERP
102133,PROD-102133,Open-architected local product,Storage,NAS,Adobe,1880.62,2263.53,Active,2025-08-09,2025-09-24,ERP
102134,PROD-102134,Persevering multi-state productivity,Security,Threat Protection,HP,4057.92,3903.87,Active,2026-06-16,2025-12-03,ERP
102135,PROD-102135,Synergistic system-worthy monitoring,Software,Database,Cisco,4330.9,1972.0,Active,2026-04-04,2025-09-02,ERP
102136,PROD-102136,Adaptive regional capability,Networking,Router,HP,2045.82,3356.33,Active,2025-07-10,2025-08-07,ERP
102137,PROD-102137,Adaptive real-time frame,Networking,Router,Adobe,1297.52,1263.03,Active,2022-06-29,2024-09-12,ERP
102138,PROD-102138,Reverse-engineered multimedia encryption,Services,Support,Microsoft,1641.14,2272.12,Active,2024-09-01,2026-04-17,ERP
102139,PROD-102139,Total scalable artificial intelligence,Storage,SAN,VMware,3467.47,3026.28,Active,2023-10-28,2026-06-27,ERP
102140,PROD-102140,Reduced client-driven matrices,Collaboration,Productivity,Citrix,4799.4,962.06,Active,2026-06-21,2025-05-15,ERP
102141,PROD-102141,Reverse-engineered attitude-oriented moratorium,Collaboration,Productivity,Dell,4610.09,1717.17,Active,2024-06-17,2026-01-16,ERP
102142,PROD-102142,Networked leadingedge knowledgebase,Software,Office,HP,3796.59,669.32,Active,2021-11-23,2026-05-22,ERP
102143,PROD-102143,Adaptive leadingedge toolset,Software,Database,Cisco,2216.13,3888.37,Active,2023-04-11,2025-01-19,ERP
102144,PROD-102144,User-centric scalable orchestration,Hardware,Monitor,Adobe,895.07,3217.54,Active,2023-05-15,2025-11-06,ERP
102145,PROD-102145,Seamless motivating open architecture,Collaboration,Meetings,Lenovo,2027.06,1204.59,Active,2023-02-20,2024-08-20,ERP
102146,PROD-102146,Devolved context-sensitive frame,Storage,Backup,VMware,2636.28,2470.02,Active,2023-05-26,2024-11-21,ERP
102147,PROD-102147,Exclusive transitional product,Services,Support,HP,1486.47,2747.97,Active,2025-03-12,2025-12-16,ERP
102148,PROD-102148,Assimilated zero administration artificial intelligence,Services,Training,Adobe,2341.26,3746.4,Active,2023-01-13,2025-01-24,ERP
102149,PROD-102149,Assimilated user-facing synergy,Cloud,Storage,Adobe,98.61,1679.8,Active,2023-04-14,2025-12-14,ERP
102150,PROD-102150,Vision-oriented object-oriented superstructure,Cloud,Networking,Dell,4966.89,47.27,Active,2026-08-01,2026-06-22,ERP
102151,PROD-102151,Vision-oriented heuristic knowledgebase,Networking,Switch,Dell,2711.77,1340.86,Active,2024-12-28,2026-04-03,ERP
102152,PROD-102152,Advanced methodical benchmark,Hardware,Monitor,HP,380.52,2554.47,Active,2022-12-19,2025-01-07,ERP
102153,PROD-102153,Balanced next generation functionalities,Networking,Firewall,Microsoft,4643.0,1116.46,Active,2021-12-21,2024-11-02,ERP
102154,PROD-102154,Synergistic tertiary moderator,Storage,Backup,Citrix,3141.28,1627.99,Active,2021-08-17,2024-10-19,ERP
102155,PROD-102155,User-centric zero-defect utilization,Security,Endpoint,Dell,2983.56,434.33,Active,2023-12-13,2026-01-06,ERP
102156,PROD-102156,Face-to-face methodical migration,Networking,Firewall,HP,1351.54,431.73,Active,2022-01-28,2024-10-26,ERP
102157,PROD-102157,Devolved neutral neural-net,Storage,Backup,VMware,4834.96,2955.63,Active,2024-11-15,2024-12-15,ERP
102158,PROD-102158,Centralized motivating encoding,Collaboration,Meetings,HP,63.22,946.53,Active,2023-03-09,2025-03-25,ERP
102159,PROD-102159,Realigned discrete service-desk,Networking,Router,HP,759.5,1914.97,Active,2023-01-07,2026-04-22,ERP
102160,PROD-102160,Reactive value-added concept,Hardware,Server,Dell,4484.97,232.45,Active,2026-04-15,2025-07-01,ERP
102161,PROD-102161,Profound foreground matrix,Collaboration,Productivity,Adobe,1669.09,2013.99,Active,2023-03-09,2025-12-08,ERP
102162,PROD-102162,Total neutral frame,Software,Database,Lenovo,1917.68,1557.48,Active,2025-01-27,2024-08-14,ERP
102163,PROD-102163,Down-sized clear-thinking ability,Collaboration,Voice,VMware,4201.31,1284.96,Active,2025-10-30,2026-01-16,ERP
102164,PROD-102164,Face-to-face interactive intranet,Software,Database,HP,4730.18,3338.58,Active,2022-09-11,2025-01-17,ERP
102165,PROD-102165,Fundamental intangible workforce,Cloud,Networking,Adobe,2475.96,3161.14,Active,2024-10-03,2024-08-29,ERP
102166,PROD-102166,Persistent 5thgeneration product,Software,Office,Citrix,931.16,3467.9,Active,2026-03-06,2025-09-06,ERP
102167,PROD-102167,Organic systemic interface,Collaboration,Voice,Lenovo,1108.21,2250.18,Active,2025-07-26,2026-01-30,ERP
102168,PROD-102168,Front-line content-based access,Networking,Wireless,Citrix,936.08,2996.82,Active,2022-05-03,2026-04-01,ERP
102169,PROD-102169,Monitored 24hour implementation,Hardware,Desktop,Adobe,1836.91,799.68,Active,2023-07-26,2026-02-19,ERP
102170,PROD-102170,Centralized content-based archive,Security,Threat Protection,Dell,4559.65,3665.33,Active,2024-02-27,2026-06-30,ERP
102171,PROD-102171,Stand-alone foreground installation,Hardware,Server,Microsoft,3253.73,2575.65,Active,2023-02-22,2024-08-14,ERP
102172,PROD-102172,Sharable heuristic orchestration,Storage,SAN,VMware,1407.16,252.48,Active,2022-06-15,2025-10-03,ERP
102173,PROD-102173,Visionary bi-directional open system,Hardware,Monitor,Adobe,2476.99,1906.96,Active,2024-10-11,2024-09-21,ERP
102174,PROD-102174,Business-focused bifurcated parallelism,Software,Operating System,Citrix,192.74,3579.7,Active,2024-01-07,2025-03-13,ERP
102175,PROD-102175,Upgradable heuristic capacity,Cloud,Storage,HP,459.98,3340.41,Active,2024-12-24,2024-12-27,ERP
102176,PROD-102176,Streamlined content-based policy,Software,Operating System,Adobe,3205.52,272.74,Active,2024-11-12,2026-04-29,ERP
102177,PROD-102177,Synergistic 6thgeneration implementation,Software,Analytics,Cisco,3292.77,2956.38,Active,2024-07-24,2025-08-03,ERP
102178,PROD-102178,Quality-focused encompassing neural-net,Services,Training,HP,4533.34,2357.72,Active,2022-05-30,2025-03-27,ERP
102179,PROD-102179,Down-sized system-worthy array,Services,Consulting,Lenovo,2111.07,2679.2,Active,2022-05-03,2025-08-25,ERP
102180,PROD-102180,Innovative asymmetric intranet,Hardware,Laptop,Cisco,4133.99,2018.56,Active,2025-06-06,2025-10-20,ERP
102181,PROD-102181,Devolved non-volatile frame,Security,Identity,HP,2244.82,1120.21,Active,2024-01-14,2026-05-15,ERP
102182,PROD-102182,Devolved next generation approach,Networking,Wireless,HP,3194.73,3372.44,Active,2021-10-04,2024-09-09,ERP
102183,PROD-102183,Switchable actuating middleware,Hardware,Server,VMware,2824.77,492.92,Active,2026-03-18,2026-02-08,ERP
102184,PROD-102184,Upgradable bottom-line intranet,Collaboration,Email,Adobe,486.4,3674.09,Active,2026-05-10,2026-03-01,ERP
102185,PROD-102185,Right-sized intermediate instruction set,Cloud,Compute,HP,1621.63,2515.83,Active,2023-07-22,2025-07-31,ERP
102186,PROD-102186,Profound well-modulated encryption,Hardware,Desktop,Microsoft,1126.75,1513.75,Active,2022-10-08,2026-07-07,ERP
102187,PROD-102187,Integrated leadingedge process improvement,Software,Database,VMware,4194.68,2578.21,Active,2024-06-08,2025-08-13,ERP
102188,PROD-102188,Progressive directional service-desk,Networking,Switch,VMware,314.01,2831.01,Active,2023-08-30,2025-11-27,ERP
102189,PROD-102189,Synergistic zero tolerance parallelism,Cloud,AI,HP,2846.95,1670.58,Active,2025-04-09,2025-08-03,ERP
102190,PROD-102190,Profound leadingedge utilization,Networking,Firewall,Cisco,926.7,1197.36,Active,2025-07-13,2024-08-29,ERP
102191,PROD-102191,Sharable dedicated complexity,Collaboration,Voice,Dell,2474.93,2325.32,Active,2021-09-15,2025-01-10,ERP
102192,PROD-102192,Centralized attitude-oriented approach,Services,Implementation,HP,231.82,3343.03,Active,2022-05-21,2025-12-18,ERP
102193,PROD-102193,Enterprise-wide impactful knowledge user,Storage,NAS,Cisco,4969.09,1749.57,Active,2022-07-01,2026-04-30,ERP
102194,PROD-102194,Reduced directional concept,Security,Endpoint,Citrix,3513.29,2027.47,Active,2026-03-18,2025-02-07,ERP
102195,PROD-102195,Seamless tangible hub,Security,Identity,Cisco,1328.16,1884.06,Active,2025-07-17,2026-07-01,ERP
102196,PROD-102196,Phased analyzing function,Hardware,Laptop,HP,2402.29,1882.31,Active,2026-04-01,2024-08-27,ERP
102197,PROD-102197,Profit-focused heuristic capability,Services,Training,Lenovo,3308.61,3607.57,Active,2024-06-28,2025-01-21,ERP
102198,PROD-102198,Open-source client-driven website,Services,Consulting,Citrix,4353.18,56.4,Active,2023-04-19,2025-08-27,ERP
102199,PROD-102199,Operative multi-tasking implementation,Storage,Archive,Citrix,1716.53,3614.34,Active,2023-02-07,2026-02-19,ERP
102200,PROD-102200,Expanded client-server adapter,Cloud,AI,VMware,855.59,2198.44,Active,2023-09-29,2025-12-10,ERP
102201,PROD-102201,Synchronized fault-tolerant emulation,Hardware,Monitor,Adobe,2988.2,2785.63,Active,2022-10-07,2025-12-20,ERP
102202,PROD-102202,Expanded methodical firmware,Storage,Archive,Cisco,1300.25,1508.53,Active,2022-08-20,2025-08-27,ERP
102203,PROD-102203,Multi-tiered holistic task-force,Services,Implementation,Lenovo,1535.86,3883.79,Active,2022-02-08,2026-02-10,ERP
102204,PROD-102204,Reverse-engineered foreground process improvement,Networking,Router,Lenovo,2158.18,1095.71,Active,2021-09-14,2025-09-08,ERP
102205,PROD-102205,Decentralized tertiary challenge,Storage,SAN,HP,2585.41,3691.36,Active,2024-11-21,2025-07-01,ERP
102206,PROD-102206,Managed asynchronous utilization,Networking,Switch,HP,3333.86,3159.56,Active,2025-11-18,2024-12-26,ERP
102207,PROD-102207,Re-engineered fresh-thinking adapter,Hardware,Laptop,VMware,3974.67,587.31,Active,2021-12-25,2026-07-21,ERP
102208,PROD-102208,Mandatory local firmware,Services,Implementation,Lenovo,868.44,28.35,Active,2022-06-11,2025-12-09,ERP
102209,PROD-102209,Monitored holistic knowledge user,Cloud,Storage,HP,1541.35,344.49,Active,2023-08-19,2025-09-12,ERP
102210,PROD-102210,Exclusive mission-critical open system,Networking,Switch,Lenovo,496.33,997.81,Active,2022-09-13,2024-12-23,ERP
102211,PROD-102211,Visionary zero-defect productivity,Services,Consulting,Adobe,838.68,422.16,Active,2025-02-12,2025-05-03,ERP
102212,PROD-102212,Cloned 5thgeneration monitoring,Storage,NAS,Adobe,3358.76,3329.6,Active,2025-03-05,2025-03-18,ERP
102213,PROD-102213,Seamless hybrid synergy,Networking,Router,Lenovo,686.09,3058.1,Active,2026-01-13,2025-11-03,ERP
102214,PROD-102214,Polarized asymmetric task-force,Cloud,Networking,Citrix,4495.21,3283.67,Active,2023-05-29,2025-11-06,ERP
102215,PROD-102215,Enhanced client-server protocol,Storage,Archive,Dell,1766.99,2687.76,Active,2023-09-26,2025-02-02,ERP
102216,PROD-102216,Self-enabling zero tolerance approach,Hardware,Desktop,HP,3850.83,1492.3,Active,2022-04-22,2025-03-03,ERP
102217,PROD-102217,Business-focused tertiary algorithm,Services,Consulting,Lenovo,4577.2,2591.17,Active,2025-05-07,2025-08-25,ERP
102218,PROD-102218,Re-contextualized empowering emulation,Cloud,Networking,Cisco,269.03,1225.2,Active,2026-02-17,2026-04-08,ERP
102219,PROD-102219,Inverse explicit Graphic Interface,Software,Analytics,Lenovo,3287.52,1717.2,Active,2025-10-10,2025-01-18,ERP
102220,PROD-102220,Automated heuristic matrices,Security,Threat Protection,Lenovo,3392.6,1935.59,Active,2024-07-16,2025-07-24,ERP
102221,PROD-102221,Persistent hybrid leverage,Security,Encryption,HP,859.54,2737.3,Active,2022-06-22,2025-09-08,ERP
102222,PROD-102222,Quality-focused client-driven task-force,Software,Office,Dell,1764.12,2937.37,Active,2024-04-18,2024-11-12,ERP
102223,PROD-102223,Quality-focused multimedia product,Storage,SAN,HP,1629.18,2309.36,Active,2023-10-24,2025-03-16,ERP
102224,PROD-102224,Enhanced logistical middleware,Storage,Archive,Microsoft,2456.39,3840.69,Active,2023-08-06,2024-11-06,ERP
102225,PROD-102225,Switchable 5thgeneration middleware,Storage,Archive,Microsoft,1549.62,1053.13,Active,2022-08-10,2025-08-18,ERP
102226,PROD-102226,Assimilated fresh-thinking capability,Software,Office,Citrix,3915.97,2855.29,Active,2022-02-26,2026-02-12,ERP
102227,PROD-102227,Persevering tangible initiative,Services,Consulting,HP,4904.64,2138.55,Active,2025-03-20,2025-06-06,ERP
102228,PROD-102228,Customizable demand-driven info-mediaries,Storage,SAN,HP,84.44,3794.1,Active,2024-05-07,2025-07-23,ERP
102229,PROD-102229,Fully-configurable neutral core,Security,Endpoint,Adobe,2202.7,1872.43,Active,2025-02-03,2025-10-06,ERP
102230,PROD-102230,Cross-platform composite moratorium,Hardware,Laptop,Adobe,2328.24,224.04,Active,2023-08-05,2025-09-14,ERP
102231,PROD-102231,Function-based client-server monitoring,Services,Training,Lenovo,1720.44,1202.17,Active,2022-10-29,2024-12-19,ERP
102232,PROD-102232,Exclusive grid-enabled definition,Hardware,Server,HP,1501.54,1682.81,Active,2024-03-27,2025-03-22,ERP
102233,PROD-102233,Enterprise-wide disintermediate implementation,Collaboration,Voice,VMware,3198.11,2393.22,Active,2021-12-18,2025-02-06,ERP
102234,PROD-102234,Reactive discrete instruction set,Services,Consulting,Lenovo,1280.7,359.09,Active,2024-08-30,2026-02-25,ERP
102235,PROD-102235,Switchable needs-based throughput,Software,Database,HP,3182.95,1738.62,Active,2024-11-29,2026-06-17,ERP
102236,PROD-102236,Quality-focused zero administration model,Security,Threat Protection,Adobe,3460.51,995.3,Active,2021-12-18,2025-10-27,ERP
102237,PROD-102237,Managed zero tolerance migration,Collaboration,Email,Dell,1666.61,177.19,Active,2022-04-23,2025-09-16,ERP
102238,PROD-102238,Diverse interactive definition,Software,Office,Dell,1721.98,2556.05,Active,2024-05-09,2025-03-09,ERP
102239,PROD-102239,Managed secondary access,Security,Encryption,Lenovo,160.8,3802.68,Active,2024-12-07,2025-08-22,ERP
102240,PROD-102240,Seamless asynchronous matrix,Security,Identity,Lenovo,4827.54,3179.74,Active,2024-04-10,2026-03-01,ERP
102241,PROD-102241,Multi-tiered intermediate pricing structure,Security,Threat Protection,Cisco,3486.57,219.1,Active,2021-12-12,2025-06-25,ERP
102242,PROD-102242,Adaptive solution-oriented superstructure,Collaboration,Meetings,Lenovo,1410.19,2763.23,Active,2025-08-27,2025-02-19,ERP
102243,PROD-102243,Cross-platform optimizing groupware,Cloud,AI,Microsoft,3042.88,3641.24,Active,2024-08-18,2025-09-10,ERP
102244,PROD-102244,Re-contextualized modular hub,Security,Threat Protection,Microsoft,2065.55,99.41,Active,2025-08-13,2025-11-09,ERP
102245,PROD-102245,Front-line real-time intranet,Storage,NAS,VMware,1371.91,2406.34,Active,2026-05-25,2026-04-18,ERP
102246,PROD-102246,Quality-focused empowering infrastructure,Services,Consulting,Cisco,1162.88,2843.31,Active,2024-06-24,2024-09-23,ERP
102247,PROD-102247,Configurable interactive middleware,Networking,Router,VMware,3654.41,2447.03,Active,2022-08-12,2024-11-26,ERP
102248,PROD-102248,Multi-channeled eco-centric service-desk,Collaboration,Productivity,Citrix,2730.22,1915.52,Active,2022-09-16,2024-08-05,ERP
102249,PROD-102249,Triple-buffered disintermediate ability,Hardware,Server,Citrix,1632.23,3294.95,Active,2024-05-01,2024-12-23,ERP
102250,PROD-102250,Persistent optimizing implementation,Cloud,Networking,Adobe,1092.66,2798.46,Active,2023-08-06,2026-04-16,ERP
102251,PROD-102251,Intuitive optimal array,Storage,Backup,Lenovo,209.72,3412.86,Active,2022-09-10,2025-06-06,ERP
102252,PROD-102252,De-engineered needs-based functionalities,Software,Office,Citrix,461.31,2998.34,Active,2021-11-16,2025-07-31,ERP
102253,PROD-102253,Monitored high-level service-desk,Services,Training,VMware,3766.74,1819.71,Active,2026-03-09,2025-04-16,ERP
102254,PROD-102254,Re-engineered uniform conglomeration,Collaboration,Email,HP,3143.07,687.77,Active,2022-05-04,2025-04-30,ERP
102255,PROD-102255,User-friendly encompassing circuit,Services,Implementation,Lenovo,4979.34,118.05,Active,2026-05-19,2024-10-17,ERP
102256,PROD-102256,Intuitive multimedia array,Security,Encryption,Cisco,1907.66,2161.93,Active,2026-07-08,2024-08-08,ERP
102257,PROD-102257,Diverse clear-thinking open architecture,Storage,SAN,Dell,2008.96,864.94,Active,2023-02-17,2026-04-22,ERP
102258,PROD-102258,Synergistic local process improvement,Software,Analytics,HP,4331.22,3073.33,Active,2023-04-30,2026-02-12,ERP
102259,PROD-102259,Horizontal regional support,Storage,Archive,Citrix,3768.84,1687.27,Active,2025-01-03,2025-12-07,ERP
102260,PROD-102260,Stand-alone human-resource interface,Security,Threat Protection,Citrix,3169.86,2665.33,Active,2025-05-31,2024-12-23,ERP
102261,PROD-102261,Virtual national challenge,Services,Implementation,Cisco,4302.33,1991.96,Active,2023-12-12,2025-01-08,ERP
102262,PROD-102262,Networked fresh-thinking benchmark,Collaboration,Voice,Adobe,826.99,3496.53,Active,2023-05-12,2025-08-11,ERP
102263,PROD-102263,Fundamental demand-driven neural-net,Storage,Backup,Microsoft,2686.7,1352.87,Active,2025-02-15,2024-08-05,ERP
102264,PROD-102264,Automated systematic artificial intelligence,Collaboration,Meetings,Dell,1947.6,2621.09,Active,2023-06-05,2024-09-08,ERP
102265,PROD-102265,Monitored system-worthy synergy,Storage,Archive,Cisco,3200.26,2485.03,Active,2023-02-23,2026-06-17,ERP
102266,PROD-102266,Re-engineered non-volatile secured line,Cloud,Compute,Lenovo,4730.17,1316.96,Active,2022-11-01,2024-11-26,ERP
102267,PROD-102267,Customizable non-volatile methodology,Networking,Switch,Adobe,3437.6,3808.59,Active,2025-03-06,2024-10-31,ERP
102268,PROD-102268,User-centric coherent function,Hardware,Monitor,Cisco,4259.03,666.48,Active,2021-10-06,2024-11-25,ERP
102269,PROD-102269,Team-oriented solution-oriented hardware,Services,Support,HP,2387.24,2858.35,Active,2025-07-16,2025-05-11,ERP
102270,PROD-102270,Public-key non-volatile instruction set,Networking,Firewall,HP,1500.26,3580.42,Active,2026-06-06,2024-08-27,ERP
102271,PROD-102271,Enterprise-wide optimizing extranet,Networking,Wireless,Adobe,1262.98,2422.91,Active,2023-03-19,2024-09-08,ERP
102272,PROD-102272,Enhanced foreground alliance,Networking,Switch,Adobe,2526.06,466.85,Active,2025-02-06,2026-06-29,ERP
102273,PROD-102273,Ameliorated intangible synergy,Services,Support,Cisco,2337.95,3850.83,Active,2025-07-21,2025-04-12,ERP
102274,PROD-102274,Organic fault-tolerant pricing structure,Hardware,Laptop,Lenovo,4341.96,3982.25,Active,2026-04-08,2024-08-26,ERP
102275,PROD-102275,Vision-oriented bi-directional structure,Storage,SAN,Lenovo,4790.0,3536.34,Active,2023-10-23,2025-10-04,ERP
102276,PROD-102276,Adaptive user-facing utilization,Software,Operating System,Adobe,2430.0,2910.98,Active,2024-04-28,2025-10-11,ERP
102277,PROD-102277,Ameliorated 5thgeneration encryption,Security,Encryption,Microsoft,1848.7,2873.58,Active,2024-01-27,2025-04-28,ERP
102278,PROD-102278,Visionary bifurcated infrastructure,Collaboration,Productivity,Dell,562.93,3392.1,Active,2026-07-04,2026-03-09,ERP
102279,PROD-102279,Phased object-oriented hardware,Software,Database,Citrix,2093.82,1375.84,Active,2021-10-29,2024-08-25,ERP
102280,PROD-102280,Ameliorated human-resource encoding,Networking,Wireless,Cisco,1359.31,1336.85,Active,2025-02-09,2024-11-16,ERP
102281,PROD-102281,Optimized reciprocal interface,Software,Office,Adobe,3774.89,3034.0,Active,2022-08-24,2025-02-05,ERP
102282,PROD-102282,Centralized uniform knowledgebase,Services,Training,Adobe,1686.77,1815.25,Active,2023-09-27,2025-03-23,ERP
102283,PROD-102283,Self-enabling content-based algorithm,Security,Threat Protection,Microsoft,3818.55,613.4,Active,2026-05-22,2025-02-22,ERP
102284,PROD-102284,Balanced context-sensitive neural-net,Security,Identity,Cisco,4406.84,2265.07,Active,2023-11-24,2025-02-05,ERP
102285,PROD-102285,Upgradable modular matrices,Security,Threat Protection,HP,2859.82,1236.35,Active,2023-10-09,2025-12-27,ERP
102286,PROD-102286,Phased leadingedge pricing structure,Collaboration,Voice,HP,3731.48,2787.95,Active,2025-07-20,2026-04-06,ERP
102287,PROD-102287,Face-to-face disintermediate functionalities,Cloud,AI,Lenovo,1323.66,930.97,Active,2025-11-03,2025-01-11,ERP
102288,PROD-102288,Profound 24hour forecast,Networking,Firewall,HP,2941.96,1056.2,Active,2022-06-04,2026-01-17,ERP
102289,PROD-102289,Stand-alone impactful initiative,Storage,Archive,HP,4863.4,2584.31,Active,2024-04-06,2025-12-23,ERP
102290,PROD-102290,Polarized multi-state customer loyalty,Services,Training,Lenovo,4333.77,1953.85,Active,2022-04-25,2025-05-03,ERP
102291,PROD-102291,Triple-buffered intangible website,Cloud,Networking,HP,2445.79,1534.99,Active,2022-01-09,2024-11-10,ERP
102292,PROD-102292,Devolved hybrid groupware,Software,Analytics,Cisco,1581.08,916.63,Active,2025-12-12,2025-01-10,ERP
102293,PROD-102293,Secured zero administration firmware,Security,Identity,Cisco,1814.68,1850.8,Active,2022-12-12,2024-08-18,ERP
102294,PROD-102294,Realigned motivating methodology,Hardware,Desktop,Cisco,1849.62,155.54,Active,2024-02-09,2025-11-15,ERP
102295,PROD-102295,Self-enabling encompassing utilization,Software,Analytics,Dell,1393.79,3847.58,Active,2025-01-21,2025-10-01,ERP
102296,PROD-102296,Sharable cohesive attitude,Software,Operating System,Adobe,2855.18,1010.69,Active,2023-06-22,2026-05-28,ERP
102297,PROD-102297,Cross-platform disintermediate standardization,Security,Endpoint,Cisco,1180.28,2876.59,Active,2025-11-28,2026-03-02,ERP
102298,PROD-102298,Diverse incremental customer loyalty,Cloud,Compute,VMware,2782.28,388.15,Active,2021-08-19,2025-04-12,ERP
102299,PROD-102299,Optimized 5thgeneration open system,Networking,Router,HP,2636.66,266.94,Active,2024-04-02,2025-10-01,ERP
102300,PROD-102300,Seamless interactive matrices,Networking,Switch,Adobe,2348.14,2159.31,Active,2023-09-20,2025-05-06,ERP
102301,PROD-102301,Seamless eco-centric analyzer,Hardware,Server,Dell,1022.31,487.72,Active,2026-03-15,2025-08-24,ERP
102302,PROD-102302,Team-oriented secondary Internet solution,Software,Office,Cisco,544.39,2367.77,Active,2022-01-15,2025-08-15,ERP
102303,PROD-102303,Multi-channeled empowering moderator,Collaboration,Voice,Microsoft,2929.48,3448.03,Active,2026-03-24,2025-06-27,ERP
102304,PROD-102304,Diverse background projection,Software,Office,Cisco,2965.24,2548.86,Active,2023-02-26,2025-12-01,ERP
102305,PROD-102305,Switchable fault-tolerant emulation,Collaboration,Email,VMware,3785.07,2415.38,Active,2025-10-10,2026-05-31,ERP
102306,PROD-102306,Diverse upward-trending pricing structure,Collaboration,Meetings,Citrix,2561.1,2068.95,Active,2021-11-05,2025-06-17,ERP
102307,PROD-102307,Future-proofed 3rdgeneration time-frame,Security,Threat Protection,Cisco,1738.65,2719.42,Active,2022-03-29,2025-11-24,ERP
102308,PROD-102308,Total discrete policy,Security,Encryption,Dell,4887.28,3784.15,Active,2022-07-08,2026-03-21,ERP
102309,PROD-102309,Sharable multimedia parallelism,Collaboration,Email,Citrix,4472.17,2050.45,Active,2025-02-13,2024-11-30,ERP
102310,PROD-102310,Monitored human-resource capacity,Collaboration,Meetings,HP,374.52,1742.26,Active,2022-11-21,2026-01-22,ERP
102311,PROD-102311,Automated intermediate middleware,Security,Identity,Adobe,1745.04,2755.66,Active,2026-01-21,2025-04-26,ERP
102312,PROD-102312,Profit-focused intangible framework,Cloud,Storage,Dell,3826.12,872.54,Active,2024-10-27,2026-02-14,ERP
102313,PROD-102313,Front-line empowering process improvement,Security,Threat Protection,Adobe,559.44,1217.74,Active,2025-09-12,2026-07-11,ERP
102314,PROD-102314,Distributed local array,Networking,Switch,Citrix,824.12,3071.43,Active,2024-01-19,2025-08-04,ERP
102315,PROD-102315,Streamlined zero-defect parallelism,Cloud,Storage,HP,1662.12,2077.95,Active,2022-12-27,2026-07-25,ERP
102316,PROD-102316,Diverse contextually-based software,Collaboration,Productivity,VMware,1182.18,1069.85,Active,2025-03-06,2025-12-04,ERP
102317,PROD-102317,Proactive incremental application,Security,Threat Protection,HP,1565.85,2913.67,Active,2025-04-09,2026-06-28,ERP
102318,PROD-102318,Cloned foreground infrastructure,Services,Implementation,VMware,2155.22,1589.33,Active,2022-05-28,2025-08-07,ERP
102319,PROD-102319,Networked 5thgeneration definition,Storage,SAN,Lenovo,323.77,1649.93,Active,2023-08-13,2026-01-09,ERP
102320,PROD-102320,Cross-group bandwidth-monitored moderator,Cloud,Networking,VMware,146.42,2824.75,Active,2021-12-13,2025-02-10,ERP
102321,PROD-102321,Up-sized heuristic architecture,Networking,Firewall,VMware,4171.13,119.12,Active,2026-04-19,2026-06-02,ERP
102322,PROD-102322,Reactive value-added support,Storage,Archive,Citrix,2812.44,2962.59,Active,2024-12-22,2026-07-14,ERP
102323,PROD-102323,Focused methodical system engine,Networking,Wireless,VMware,578.83,991.47,Active,2025-08-17,2024-10-30,ERP
102324,PROD-102324,Proactive local array,Services,Implementation,Adobe,4762.62,3788.16,Active,2024-09-07,2025-05-04,ERP
102325,PROD-102325,Organic solution-oriented analyzer,Storage,Archive,Cisco,1436.71,2436.65,Active,2022-09-15,2024-09-23,ERP
102326,PROD-102326,Team-oriented object-oriented frame,Storage,SAN,Dell,327.77,1387.2,Active,2025-04-05,2026-05-24,ERP
102327,PROD-102327,Self-enabling high-level emulation,Services,Implementation,VMware,599.6,558.78,Active,2025-05-15,2025-09-02,ERP
102328,PROD-102328,Cross-platform homogeneous instruction set,Software,Analytics,Lenovo,4130.34,3498.95,Active,2024-09-11,2024-12-11,ERP
102329,PROD-102329,Programmable dynamic strategy,Security,Endpoint,Dell,2219.39,1328.17,Active,2023-12-10,2025-01-08,ERP
102330,PROD-102330,Managed methodical superstructure,Security,Threat Protection,Microsoft,745.31,3085.38,Active,2025-03-08,2025-10-19,ERP
102331,PROD-102331,Stand-alone scalable ability,Services,Training,Adobe,3749.0,878.88,Active,2026-03-12,2025-09-03,ERP
102332,PROD-102332,Self-enabling dynamic utilization,Services,Implementation,Cisco,2330.98,1348.72,Active,2024-09-07,2026-04-18,ERP
102333,PROD-102333,Devolved executive conglomeration,Security,Threat Protection,Microsoft,744.34,2577.9,Active,2021-10-15,2025-09-17,ERP
102334,PROD-102334,Robust homogeneous intranet,Storage,Archive,Adobe,4000.58,3330.91,Active,2024-12-26,2025-02-24,ERP
102335,PROD-102335,Reactive systematic moratorium,Hardware,Server,Microsoft,2850.29,3982.73,Active,2023-06-22,2025-07-09,ERP
102336,PROD-102336,Streamlined heuristic intranet,Services,Implementation,VMware,2895.34,2546.64,Active,2025-10-03,2025-08-30,ERP
102337,PROD-102337,Ameliorated stable process improvement,Software,Operating System,Dell,2682.22,3199.4,Active,2024-11-27,2026-04-13,ERP
102338,PROD-102338,Profound systemic policy,Software,Office,Cisco,3771.94,3074.28,Active,2024-11-19,2024-10-05,ERP
102339,PROD-102339,Vision-oriented systemic infrastructure,Storage,Backup,Adobe,2283.88,3525.15,Active,2022-03-10,2025-05-19,ERP
102340,PROD-102340,Right-sized non-volatile open architecture,Cloud,AI,Dell,949.29,2311.51,Active,2022-01-28,2026-06-03,ERP
102341,PROD-102341,Object-based explicit structure,Collaboration,Productivity,Microsoft,2037.26,1192.91,Active,2026-03-28,2024-12-14,ERP
102342,PROD-102342,Team-oriented disintermediate info-mediaries,Storage,SAN,Microsoft,1164.89,1722.92,Active,2024-12-12,2025-12-05,ERP
102343,PROD-102343,Inverse web-enabled standardization,Security,Endpoint,Citrix,2685.2,2623.11,Active,2024-02-21,2025-05-06,ERP
102344,PROD-102344,Down-sized scalable open architecture,Networking,Firewall,HP,984.79,614.43,Active,2022-04-08,2025-05-26,ERP
102345,PROD-102345,Inverse didactic forecast,Security,Endpoint,Dell,179.81,2417.64,Active,2025-01-22,2024-10-06,ERP
102346,PROD-102346,Multi-channeled fault-tolerant database,Hardware,Desktop,Citrix,4775.57,1326.66,Active,2023-05-17,2024-09-09,ERP
102347,PROD-102347,Organic human-resource collaboration,Services,Support,Cisco,1048.42,674.07,Active,2025-05-09,2025-11-01,ERP
102348,PROD-102348,Self-enabling web-enabled moderator,Security,Endpoint,Cisco,3873.11,133.5,Active,2024-01-30,2024-08-19,ERP
102349,PROD-102349,Configurable mobile hub,Collaboration,Email,Lenovo,175.85,3473.44,Active,2025-06-12,2025-08-25,ERP
102350,PROD-102350,Monitored static standardization,Networking,Wireless,Microsoft,2261.72,1611.73,Active,2024-04-23,2025-11-21,ERP
102351,PROD-102351,Balanced stable throughput,Networking,Wireless,Dell,509.62,721.01,Active,2025-01-23,2024-12-11,ERP
102352,PROD-102352,Intuitive bi-directional interface,Software,Database,Cisco,645.77,1969.21,Active,2023-12-16,2025-03-13,ERP
102353,PROD-102353,Exclusive bandwidth-monitored framework,Services,Training,Lenovo,995.36,3940.98,Active,2022-10-29,2026-05-31,ERP
102354,PROD-102354,Visionary high-level open architecture,Services,Implementation,VMware,2568.24,3780.96,Active,2025-02-06,2025-03-10,ERP
102355,PROD-102355,Proactive scalable hub,Hardware,Laptop,Lenovo,4026.89,1616.23,Active,2025-05-15,2026-03-21,ERP
102356,PROD-102356,Synergistic regional emulation,Software,Analytics,Citrix,4731.37,3350.23,Active,2021-10-02,2025-03-02,ERP
102357,PROD-102357,Organic hybrid encryption,Storage,Backup,Cisco,4998.55,360.69,Active,2023-11-17,2026-04-05,ERP
102358,PROD-102358,Synergized methodical product,Storage,Archive,Microsoft,4758.98,1117.0,Active,2023-10-14,2025-01-30,ERP
102359,PROD-102359,Optional fresh-thinking forecast,Services,Consulting,HP,4244.7,730.0,Active,2021-09-09,2024-10-28,ERP
102360,PROD-102360,Decentralized attitude-oriented utilization,Hardware,Desktop,HP,744.09,1892.51,Active,2022-03-01,2024-10-26,ERP
102361,PROD-102361,Horizontal transitional implementation,Hardware,Laptop,Cisco,4338.41,2652.28,Active,2025-01-16,2025-05-29,ERP
102362,PROD-102362,Devolved encompassing instruction set,Services,Implementation,HP,2125.23,719.18,Active,2025-01-25,2026-06-11,ERP
102363,PROD-102363,Open-source bi-directional paradigm,Cloud,Storage,Citrix,4401.43,459.83,Active,2024-09-07,2025-08-13,ERP
102364,PROD-102364,Configurable even-keeled initiative,Cloud,Compute,Adobe,1060.18,1629.53,Active,2022-04-10,2026-03-13,ERP
102365,PROD-102365,Stand-alone asymmetric adapter,Services,Training,Citrix,190.97,127.67,Active,2026-03-19,2026-03-08,ERP
102366,PROD-102366,Future-proofed analyzing implementation,Hardware,Monitor,Microsoft,3688.01,598.75,Active,2024-10-01,2024-11-30,ERP
102367,PROD-102367,Cross-platform attitude-oriented benchmark,Storage,SAN,Lenovo,3824.39,2897.03,Active,2024-03-01,2025-03-29,ERP
102368,PROD-102368,Persevering maximized analyzer,Cloud,Storage,Dell,123.95,3591.33,Active,2022-07-06,2026-04-23,ERP
102369,PROD-102369,Customer-focused secondary analyzer,Software,Office,Dell,606.43,1915.87,Active,2024-06-18,2025-12-29,ERP
102370,PROD-102370,Optimized dynamic benchmark,Storage,Archive,HP,4291.73,3242.46,Active,2026-07-05,2024-08-10,ERP
102371,PROD-102371,Assimilated foreground hardware,Hardware,Server,Adobe,2373.96,3613.96,Active,2023-08-21,2025-10-01,ERP
102372,PROD-102372,Automated impactful framework,Cloud,AI,Citrix,4786.68,2682.02,Active,2023-04-05,2026-06-17,ERP
102373,PROD-102373,Inverse asynchronous alliance,Software,Office,Adobe,3756.16,3411.57,Active,2021-08-21,2025-10-31,ERP
102374,PROD-102374,Business-focused clear-thinking infrastructure,Networking,Switch,Cisco,2597.93,3226.65,Active,2025-06-21,2026-03-10,ERP
102375,PROD-102375,Horizontal dynamic model,Cloud,Storage,Dell,3728.77,2876.14,Active,2025-06-01,2025-01-25,ERP
102376,PROD-102376,Realigned tertiary intranet,Security,Identity,Cisco,1169.81,758.89,Active,2021-08-18,2024-11-11,ERP
102377,PROD-102377,Visionary asynchronous hub,Security,Threat Protection,Adobe,3358.36,2091.67,Active,2026-04-27,2025-10-24,ERP
102378,PROD-102378,Exclusive object-oriented system engine,Security,Endpoint,Citrix,2139.0,2653.28,Active,2026-04-11,2024-10-08,ERP
102379,PROD-102379,Programmable bifurcated encryption,Hardware,Monitor,Microsoft,3981.26,3918.63,Active,2022-05-26,2025-04-04,ERP
102380,PROD-102380,Programmable encompassing info-mediaries,Hardware,Desktop,Microsoft,4185.13,970.37,Active,2024-02-22,2024-10-22,ERP
102381,PROD-102381,Ameliorated interactive middleware,Storage,Backup,Microsoft,2881.83,1948.28,Active,2025-04-05,2026-05-08,ERP
102382,PROD-102382,Enterprise-wide didactic hierarchy,Services,Support,Lenovo,2287.92,878.97,Active,2026-06-25,2025-01-11,ERP
102383,PROD-102383,Persistent 24/7 knowledge user,Security,Encryption,Dell,3737.55,2630.46,Active,2023-11-09,2026-07-14,ERP
102384,PROD-102384,Versatile multi-tasking alliance,Services,Training,HP,1313.66,3232.78,Active,2025-05-10,2026-07-05,ERP
102385,PROD-102385,Sharable web-enabled Internet solution,Collaboration,Productivity,Dell,3356.66,1385.94,Active,2023-08-29,2026-05-20,ERP
102386,PROD-102386,Self-enabling web-enabled productivity,Security,Identity,Citrix,2161.25,126.02,Active,2024-08-31,2025-09-19,ERP
102387,PROD-102387,Multi-lateral local neural-net,Cloud,Compute,Cisco,4876.69,3324.56,Active,2022-03-16,2025-04-27,ERP
102388,PROD-102388,Open-architected multimedia Graphic Interface,Software,Analytics,HP,4372.87,1245.45,Active,2022-11-22,2024-11-18,ERP
102389,PROD-102389,Right-sized systemic secured line,Storage,SAN,HP,2017.91,3766.47,Active,2026-05-08,2025-01-05,ERP
102390,PROD-102390,Extended eco-centric utilization,Networking,Switch,Cisco,3890.76,814.74,Active,2023-08-31,2024-11-26,ERP
102391,PROD-102391,Multi-tiered zero tolerance policy,Services,Support,Microsoft,4011.29,1466.56,Active,2021-11-20,2026-07-14,ERP
102392,PROD-102392,Upgradable optimal moderator,Networking,Switch,Citrix,835.81,2729.58,Active,2025-02-26,2025-06-04,ERP
102393,PROD-102393,Total context-sensitive solution,Networking,Switch,Lenovo,4298.56,1131.72,Active,2024-09-24,2026-05-25,ERP
102394,PROD-102394,Organized stable initiative,Storage,Backup,Lenovo,4509.74,3888.74,Active,2025-09-08,2025-05-22,ERP
102395,PROD-102395,Decentralized bottom-line capacity,Collaboration,Productivity,Citrix,723.79,3754.12,Active,2022-06-23,2026-04-02,ERP
102396,PROD-102396,Future-proofed contextually-based framework,Hardware,Laptop,VMware,3556.29,2680.78,Active,2025-09-21,2025-03-04,ERP
102397,PROD-102397,Programmable interactive success,Networking,Router,Microsoft,3788.09,582.71,Active,2025-06-27,2024-12-24,ERP
102398,PROD-102398,Realigned leadingedge emulation,Collaboration,Meetings,Cisco,1986.63,658.79,Active,2022-01-08,2025-03-10,ERP
102399,PROD-102399,Open-architected actuating middleware,Storage,Archive,Cisco,1280.44,1417.87,Active,2023-02-21,2025-12-27,ERP
102400,PROD-102400,Triple-buffered asymmetric hub,Networking,Firewall,HP,4468.56,515.8,Active,2023-12-02,2026-05-21,ERP
102401,PROD-102401,De-engineered analyzing solution,Cloud,Storage,Adobe,754.92,1119.99,Active,2023-05-19,2026-07-20,ERP
102402,PROD-102402,Phased fault-tolerant complexity,Services,Consulting,Dell,2627.07,2108.86,Active,2021-11-12,2026-02-22,ERP
102403,PROD-102403,Focused tangible flexibility,Collaboration,Meetings,Adobe,1529.17,521.34,Active,2024-10-12,2026-07-06,ERP
102404,PROD-102404,Programmable analyzing core,Collaboration,Meetings,Dell,4407.12,3023.14,Active,2022-04-23,2025-07-04,ERP
102405,PROD-102405,Down-sized multi-tasking interface,Services,Training,Microsoft,1938.43,3567.19,Active,2025-11-11,2026-07-04,ERP
102406,PROD-102406,De-engineered actuating product,Software,Office,Lenovo,2945.64,3508.06,Active,2023-11-14,2024-08-15,ERP
102407,PROD-102407,Ameliorated real-time middleware,Collaboration,Voice,Cisco,2638.05,377.08,Active,2022-01-18,2026-05-17,ERP
102408,PROD-102408,Universal system-worthy frame,Services,Support,Adobe,4191.71,3853.9,Active,2023-06-18,2025-04-02,ERP
102409,PROD-102409,Triple-buffered disintermediate artificial intelligence,Storage,SAN,Dell,4332.58,1138.81,Active,2022-02-25,2025-12-05,ERP
102410,PROD-102410,Monitored 5thgeneration software,Security,Threat Protection,Citrix,2127.24,3349.28,Active,2023-08-14,2024-12-11,ERP
102411,PROD-102411,Extended high-level benchmark,Services,Consulting,Microsoft,550.6,3228.82,Active,2024-07-18,2025-07-30,ERP
102412,PROD-102412,Ergonomic multi-state infrastructure,Networking,Wireless,Cisco,2975.87,2670.87,Active,2024-03-05,2026-04-15,ERP
102413,PROD-102413,Optional tertiary protocol,Software,Office,Lenovo,3052.81,3484.81,Active,2022-02-21,2026-05-22,ERP
102414,PROD-102414,Persevering responsive Internet solution,Storage,SAN,Dell,2972.2,3179.56,Active,2023-07-04,2025-08-01,ERP
102415,PROD-102415,Open-architected intangible capability,Software,Operating System,Dell,4835.31,973.49,Active,2024-05-26,2025-04-24,ERP
102416,PROD-102416,Persistent transitional throughput,Storage,Archive,Microsoft,1769.16,3157.84,Active,2023-06-11,2026-03-25,ERP
102417,PROD-102417,Vision-oriented dedicated hub,Collaboration,Email,Lenovo,4075.15,2521.77,Active,2023-04-30,2025-12-10,ERP
102418,PROD-102418,Reverse-engineered systemic customer loyalty,Storage,SAN,Cisco,2856.3,120.97,Active,2026-02-15,2024-08-06,ERP
102419,PROD-102419,Fully-configurable tertiary focus group,Services,Consulting,VMware,4607.31,3212.53,Active,2023-09-04,2026-06-19,ERP
102420,PROD-102420,Open-architected optimal alliance,Collaboration,Voice,Citrix,4100.92,1392.6,Active,2026-04-02,2025-09-01,ERP
102421,PROD-102421,Future-proofed upward-trending circuit,Networking,Firewall,Adobe,3929.36,1314.94,Active,2025-04-06,2025-06-12,ERP
102422,PROD-102422,Phased exuding moderator,Security,Endpoint,Cisco,2814.46,3457.34,Active,2025-07-04,2025-02-04,ERP
102423,PROD-102423,Horizontal well-modulated contingency,Services,Implementation,Citrix,3915.79,708.93,Active,2022-09-15,2026-03-22,ERP
102424,PROD-102424,Self-enabling multi-state benchmark,Collaboration,Email,Citrix,1791.43,2164.48,Active,2023-08-03,2025-08-01,ERP
102425,PROD-102425,Pre-emptive regional instruction set,Networking,Firewall,VMware,551.43,2894.71,Active,2023-05-17,2026-06-15,ERP
102426,PROD-102426,Switchable 24hour focus group,Storage,Backup,Adobe,3215.4,3032.34,Active,2025-12-06,2025-11-02,ERP
102427,PROD-102427,Expanded actuating capacity,Networking,Firewall,Adobe,1785.44,3228.44,Active,2025-06-20,2024-08-30,ERP
102428,PROD-102428,Front-line local budgetary management,Services,Support,HP,1647.66,468.14,Active,2024-05-08,2026-08-03,ERP
102429,PROD-102429,Fully-configurable analyzing neural-net,Security,Threat Protection,HP,2019.96,2790.15,Active,2021-11-18,2026-04-13,ERP
102430,PROD-102430,Enterprise-wide encompassing function,Networking,Router,Dell,3572.74,3660.92,Active,2022-01-31,2025-09-25,ERP
102431,PROD-102431,Cross-group next generation orchestration,Storage,Backup,HP,3593.65,2142.99,Active,2022-05-16,2024-12-30,ERP
102432,PROD-102432,Diverse composite system engine,Storage,NAS,Lenovo,562.95,3825.4,Active,2024-10-05,2026-07-26,ERP
102433,PROD-102433,User-centric national infrastructure,Security,Identity,Citrix,4997.22,1784.08,Active,2026-03-08,2025-07-13,ERP
102434,PROD-102434,Re-contextualized well-modulated alliance,Hardware,Desktop,HP,3354.23,1113.31,Active,2021-12-27,2024-10-08,ERP
102435,PROD-102435,Exclusive asynchronous monitoring,Collaboration,Meetings,Cisco,1264.49,922.68,Active,2024-01-05,2025-08-21,ERP
102436,PROD-102436,Visionary 24hour benchmark,Networking,Switch,Microsoft,1519.13,3859.25,Active,2024-10-14,2026-03-08,ERP
102437,PROD-102437,Profit-focused high-level protocol,Collaboration,Productivity,Lenovo,2803.8,3993.53,Active,2021-11-20,2025-10-15,ERP
102438,PROD-102438,Switchable upward-trending array,Networking,Wireless,HP,4247.13,2334.06,Active,2023-12-18,2026-03-22,ERP
102439,PROD-102439,Universal upward-trending help-desk,Storage,Backup,Citrix,4026.96,1072.64,Active,2022-07-28,2025-03-06,ERP
102440,PROD-102440,Synergistic uniform algorithm,Services,Training,Cisco,1634.77,1444.37,Active,2021-09-11,2024-10-22,ERP
102441,PROD-102441,Configurable transitional moratorium,Cloud,AI,Cisco,3988.01,2326.36,Active,2023-08-19,2026-02-04,ERP
102442,PROD-102442,Assimilated scalable application,Software,Office,Citrix,568.8,3309.52,Active,2023-12-05,2025-12-28,ERP
102443,PROD-102443,Reactive even-keeled process improvement,Networking,Firewall,Cisco,2353.17,2307.68,Active,2025-03-06,2025-02-20,ERP
102444,PROD-102444,Polarized multi-tasking superstructure,Hardware,Monitor,Adobe,2510.81,1758.83,Active,2023-06-01,2025-02-04,ERP
102445,PROD-102445,Realigned systemic initiative,Cloud,Compute,Adobe,2817.03,253.74,Active,2025-10-17,2025-06-30,ERP
102446,PROD-102446,Future-proofed high-level software,Services,Implementation,HP,365.7,1433.79,Active,2021-12-02,2024-12-25,ERP
102447,PROD-102447,Intuitive interactive methodology,Security,Threat Protection,Microsoft,3582.38,1975.97,Active,2024-08-09,2025-12-30,ERP
102448,PROD-102448,Intuitive bi-directional methodology,Cloud,Networking,Cisco,3325.91,1256.56,Active,2022-06-15,2025-06-05,ERP
102449,PROD-102449,Ergonomic web-enabled orchestration,Security,Threat Protection,Cisco,2870.79,3506.98,Active,2023-12-16,2025-06-26,ERP
102450,PROD-102450,Polarized encompassing budgetary management,Storage,NAS,Citrix,4320.53,3884.28,Active,2026-07-12,2025-10-13,ERP
102451,PROD-102451,Seamless even-keeled projection,Hardware,Server,Dell,3884.37,307.28,Active,2022-12-11,2025-03-23,ERP
102452,PROD-102452,Vision-oriented disintermediate workforce,Software,Office,HP,3676.15,1013.98,Active,2023-02-28,2025-09-05,ERP
102453,PROD-102453,Phased zero-defect extranet,Cloud,Storage,Microsoft,3264.56,1992.53,Active,2026-07-20,2025-10-08,ERP
102454,PROD-102454,Stand-alone tangible instruction set,Software,Analytics,Dell,516.1,1629.13,Active,2021-12-15,2024-12-15,ERP
102455,PROD-102455,Automated discrete throughput,Storage,Archive,Lenovo,3497.25,575.58,Active,2023-06-13,2024-10-18,ERP
102456,PROD-102456,Distributed user-facing open system,Services,Support,Dell,1590.42,730.21,Active,2026-05-31,2025-02-11,ERP
102457,PROD-102457,Polarized dynamic parallelism,Storage,Backup,Adobe,499.14,1060.51,Active,2022-04-28,2025-09-09,ERP
102458,PROD-102458,Up-sized neutral process improvement,Networking,Switch,Citrix,4928.9,2541.2,Active,2025-07-16,2026-05-02,ERP
102459,PROD-102459,Profound modular encoding,Services,Implementation,Dell,2643.14,106.09,Active,2025-12-05,2024-08-03,ERP
102460,PROD-102460,Switchable tertiary artificial intelligence,Hardware,Laptop,Citrix,522.68,31.87,Active,2023-10-22,2025-07-27,ERP
102461,PROD-102461,Versatile 4thgeneration model,Hardware,Laptop,Citrix,1954.53,134.92,Active,2023-05-26,2024-11-04,ERP
102462,PROD-102462,Vision-oriented high-level workforce,Services,Consulting,HP,982.99,2492.97,Active,2024-05-16,2026-05-03,ERP
102463,PROD-102463,Upgradable maximized success,Cloud,Storage,Citrix,529.98,2740.64,Active,2022-02-02,2024-08-28,ERP
102464,PROD-102464,Progressive 6thgeneration extranet,Cloud,AI,HP,4462.61,2832.81,Active,2024-09-12,2025-09-27,ERP
102465,PROD-102465,Multi-layered maximized application,Cloud,Storage,Adobe,200.19,179.13,Active,2026-05-07,2025-07-04,ERP
102466,PROD-102466,Compatible optimal functionalities,Software,Analytics,VMware,583.49,2740.05,Active,2026-01-03,2025-10-29,ERP
102467,PROD-102467,Universal bi-directional ability,Cloud,Compute,Adobe,1006.14,642.13,Active,2026-06-03,2025-05-30,ERP
102468,PROD-102468,Exclusive cohesive policy,Services,Implementation,Lenovo,3931.11,3777.44,Active,2022-07-28,2025-05-09,ERP
102469,PROD-102469,Sharable asynchronous database,Software,Analytics,Cisco,1860.18,976.82,Active,2026-03-24,2025-02-12,ERP
102470,PROD-102470,De-engineered background neural-net,Collaboration,Meetings,Lenovo,255.87,258.03,Active,2022-09-08,2025-05-05,ERP
102471,PROD-102471,Visionary leadingedge success,Collaboration,Email,Dell,3334.39,1299.2,Active,2023-03-29,2025-12-02,ERP
102472,PROD-102472,Innovative asynchronous focus group,Storage,NAS,VMware,1635.57,1805.42,Active,2025-11-14,2026-07-09,ERP
102473,PROD-102473,Expanded stable circuit,Networking,Firewall,Lenovo,2050.98,1523.84,Active,2023-05-04,2026-01-29,ERP
102474,PROD-102474,Team-oriented human-resource algorithm,Collaboration,Email,Adobe,566.38,2255.98,Active,2022-10-25,2026-07-07,ERP
102475,PROD-102475,Managed exuding parallelism,Storage,Backup,Adobe,4961.82,3088.69,Active,2024-04-27,2026-04-30,ERP
102476,PROD-102476,Devolved holistic conglomeration,Hardware,Laptop,Cisco,4736.56,1245.8,Active,2022-11-28,2024-08-08,ERP
102477,PROD-102477,Upgradable heuristic approach,Cloud,AI,Microsoft,2694.75,212.65,Active,2022-08-07,2024-10-29,ERP
102478,PROD-102478,Cross-group composite throughput,Security,Encryption,Cisco,1791.24,2162.61,Active,2021-10-13,2025-12-25,ERP
102479,PROD-102479,Integrated zero-defect neural-net,Storage,NAS,Citrix,3421.61,202.76,Active,2023-09-20,2026-02-04,ERP
102480,PROD-102480,Phased 5thgeneration analyzer,Networking,Router,Adobe,4752.32,3572.12,Active,2025-02-19,2024-11-15,ERP
102481,PROD-102481,Fundamental demand-driven analyzer,Services,Consulting,Cisco,2501.61,2295.3,Active,2024-05-31,2024-10-30,ERP
102482,PROD-102482,User-centric transitional time-frame,Hardware,Laptop,Lenovo,1069.85,2765.32,Active,2024-11-15,2025-07-24,ERP
102483,PROD-102483,Visionary mobile conglomeration,Security,Identity,Cisco,3314.99,3663.1,Active,2024-07-06,2026-07-23,ERP
102484,PROD-102484,Mandatory asynchronous migration,Services,Support,Lenovo,4141.53,1502.84,Active,2022-10-06,2025-06-17,ERP
102485,PROD-102485,Reduced motivating data-warehouse,Storage,SAN,HP,751.26,1003.54,Active,2026-01-05,2026-06-29,ERP
102486,PROD-102486,Profit-focused tertiary website,Security,Encryption,VMware,1064.14,3517.76,Active,2022-04-18,2025-01-31,ERP
102487,PROD-102487,Monitored bi-directional application,Security,Encryption,Microsoft,2108.64,1669.22,Active,2022-11-23,2024-10-13,ERP
102488,PROD-102488,Front-line logistical database,Security,Endpoint,Adobe,1304.46,66.46,Active,2024-05-20,2024-10-05,ERP
102489,PROD-102489,Vision-oriented regional Internet solution,Storage,SAN,Adobe,688.0,2765.76,Active,2025-01-28,2025-10-15,ERP
102490,PROD-102490,Configurable neutral portal,Software,Operating System,Dell,836.67,3169.98,Active,2026-06-09,2026-02-10,ERP
102491,PROD-102491,User-centric uniform hardware,Software,Database,Citrix,878.47,2966.87,Active,2023-04-18,2025-01-26,ERP
102492,PROD-102492,Team-oriented bottom-line challenge,Storage,Backup,VMware,1459.29,2291.18,Active,2023-09-07,2025-09-17,ERP
102493,PROD-102493,Reverse-engineered explicit collaboration,Software,Operating System,Lenovo,4123.24,3539.01,Active,2023-10-13,2024-09-03,ERP
102494,PROD-102494,Profit-focused stable conglomeration,Software,Office,Cisco,679.22,3982.34,Active,2022-06-20,2026-03-13,ERP
102495,PROD-102495,Persistent local focus group,Collaboration,Productivity,Dell,601.46,176.17,Active,2022-08-20,2025-10-20,ERP
102496,PROD-102496,Innovative national budgetary management,Storage,NAS,Dell,3824.58,3230.48,Active,2025-04-11,2024-11-02,ERP
102497,PROD-102497,Centralized impactful matrix,Networking,Wireless,Citrix,2218.64,592.47,Active,2024-01-24,2025-03-14,ERP
102498,PROD-102498,Cross-group needs-based flexibility,Hardware,Desktop,Cisco,3638.31,198.94,Active,2024-05-03,2026-04-10,ERP
102499,PROD-102499,Progressive 24hour hub,Hardware,Desktop,Citrix,4304.46,1021.94,Active,2024-11-02,2026-02-10,ERP
102500,PROD-102500,Operative content-based Local Area Network,Cloud,AI,Adobe,1043.21,2585.44,Active,2022-05-09,2024-10-07,ERP
102501,PROD-102501,Triple-buffered homogeneous projection,Storage,Archive,HP,4736.77,2034.74,Active,2022-03-01,2026-06-12,ERP
102502,PROD-102502,Switchable homogeneous leverage,Networking,Switch,Cisco,1712.65,2891.69,Active,2026-05-13,2026-07-13,ERP
102503,PROD-102503,Realigned coherent database,Hardware,Monitor,Dell,4224.94,2416.6,Active,2022-04-15,2024-10-10,ERP
102504,PROD-102504,Mandatory interactive process improvement,Security,Endpoint,HP,2758.26,1287.28,Active,2024-06-09,2025-04-12,ERP
102505,PROD-102505,Synergized asynchronous system engine,Software,Operating System,Lenovo,2614.33,94.41,Active,2025-08-17,2025-05-26,ERP
102506,PROD-102506,Phased composite ability,Cloud,AI,Citrix,240.23,3608.54,Active,2021-12-07,2025-05-10,ERP
102507,PROD-102507,Compatible client-server knowledge user,Networking,Router,Lenovo,66.93,257.21,Active,2023-05-25,2025-05-17,ERP
102508,PROD-102508,Fundamental analyzing open architecture,Storage,SAN,Cisco,3822.77,164.9,Active,2025-02-19,2026-04-16,ERP
102509,PROD-102509,Cross-group real-time Internet solution,Software,Operating System,Adobe,4689.19,2588.04,Active,2021-08-12,2025-12-21,ERP
102510,PROD-102510,Ergonomic multimedia capability,Security,Encryption,Adobe,4555.69,969.73,Active,2024-06-16,2025-02-03,ERP
102511,PROD-102511,Synchronized optimal software,Collaboration,Voice,Citrix,4901.65,2555.87,Active,2021-12-12,2025-02-08,ERP
102512,PROD-102512,Programmable 4thgeneration standardization,Collaboration,Meetings,Adobe,2705.45,1456.54,Active,2023-08-12,2025-03-24,ERP
102513,PROD-102513,Reactive grid-enabled function,Cloud,AI,HP,4817.05,1569.1,Active,2023-09-13,2025-04-12,ERP
102514,PROD-102514,Digitized clear-thinking conglomeration,Security,Endpoint,Citrix,3713.03,1741.15,Active,2021-10-23,2025-04-27,ERP
102515,PROD-102515,Cross-platform modular solution,Security,Endpoint,Microsoft,2326.66,2849.98,Active,2025-04-28,2025-03-30,ERP
102516,PROD-102516,Stand-alone methodical task-force,Networking,Wireless,HP,4208.67,1427.94,Active,2023-09-04,2024-08-23,ERP
102517,PROD-102517,Multi-channeled intangible superstructure,Storage,Archive,Lenovo,2329.88,1822.94,Active,2024-07-15,2026-04-18,ERP
102518,PROD-102518,Optimized radical moratorium,Storage,Archive,Citrix,1722.12,2669.86,Active,2026-03-13,2024-11-08,ERP
102519,PROD-102519,Mandatory bottom-line pricing structure,Cloud,Storage,Cisco,1123.95,784.09,Active,2024-06-22,2026-07-30,ERP
102520,PROD-102520,Integrated mission-critical model,Networking,Firewall,Adobe,2763.62,3061.81,Active,2023-11-23,2024-10-09,ERP
102521,PROD-102521,Progressive stable hardware,Storage,Backup,VMware,1106.89,586.79,Active,2022-02-26,2025-08-07,ERP
102522,PROD-102522,Future-proofed multi-state circuit,Software,Office,VMware,4528.15,3824.04,Active,2025-11-20,2024-09-26,ERP
102523,PROD-102523,Down-sized fresh-thinking focus group,Storage,SAN,Cisco,1125.03,2217.98,Active,2026-03-19,2026-04-19,ERP
102524,PROD-102524,Persistent zero administration algorithm,Cloud,Networking,Lenovo,942.56,1785.85,Active,2023-07-19,2026-06-23,ERP
102525,PROD-102525,De-engineered needs-based migration,Networking,Wireless,HP,1402.93,2990.24,Active,2026-06-02,2025-10-07,ERP
102526,PROD-102526,Up-sized impactful hardware,Cloud,Networking,Cisco,795.88,1283.05,Active,2022-05-30,2025-05-29,ERP
102527,PROD-102527,Function-based heuristic hierarchy,Networking,Switch,Adobe,1615.26,3733.76,Active,2023-02-11,2025-06-12,ERP
102528,PROD-102528,Organic systemic synergy,Hardware,Laptop,Dell,474.46,59.46,Active,2025-12-12,2024-12-14,ERP
102529,PROD-102529,Open-source secondary parallelism,Hardware,Server,Dell,1600.8,3609.67,Active,2023-03-13,2024-09-16,ERP
102530,PROD-102530,Balanced client-server encryption,Networking,Switch,Cisco,1572.43,287.44,Active,2024-12-08,2026-01-28,ERP
102531,PROD-102531,Expanded local neural-net,Services,Implementation,Adobe,1726.17,721.49,Active,2024-03-18,2024-10-24,ERP
102532,PROD-102532,Streamlined client-driven synergy,Security,Identity,HP,4509.04,629.27,Active,2025-11-30,2026-03-27,ERP
102533,PROD-102533,Customizable optimizing interface,Storage,SAN,Lenovo,833.49,2220.48,Active,2022-06-06,2026-04-15,ERP
102534,PROD-102534,Ameliorated real-time software,Collaboration,Voice,Cisco,4881.82,2663.88,Active,2023-11-25,2025-08-12,ERP
102535,PROD-102535,De-engineered system-worthy architecture,Cloud,Networking,Dell,3790.58,564.0,Active,2021-10-15,2026-07-31,ERP
102536,PROD-102536,Multi-channeled mobile budgetary management,Storage,Archive,Lenovo,2410.56,3074.37,Active,2026-05-25,2025-08-09,ERP
102537,PROD-102537,Intuitive background website,Services,Implementation,HP,2264.3,103.93,Active,2026-04-22,2026-04-01,ERP
102538,PROD-102538,Distributed radical superstructure,Collaboration,Voice,Citrix,4939.69,3548.8,Active,2024-07-12,2026-03-14,ERP
102539,PROD-102539,Multi-channeled secondary toolset,Software,Database,HP,3138.95,2717.56,Active,2024-07-30,2026-05-31,ERP
102540,PROD-102540,Re-contextualized interactive functionalities,Cloud,Compute,Cisco,4809.8,1299.78,Active,2026-02-04,2025-01-19,ERP
102541,PROD-102541,Phased client-driven conglomeration,Software,Analytics,Adobe,128.98,3566.91,Active,2023-05-18,2026-05-16,ERP
102542,PROD-102542,Multi-layered 4thgeneration open system,Storage,NAS,Citrix,4263.7,788.29,Active,2025-04-13,2024-10-29,ERP
102543,PROD-102543,Extended maximized protocol,Security,Identity,Adobe,1626.91,688.36,Active,2022-03-27,2026-05-04,ERP
102544,PROD-102544,Inverse fault-tolerant functionalities,Networking,Firewall,VMware,2272.21,1745.97,Active,2025-06-06,2026-06-09,ERP
102545,PROD-102545,Fundamental leadingedge functionalities,Hardware,Server,Adobe,3314.08,1348.35,Active,2023-08-24,2025-11-11,ERP
102546,PROD-102546,Integrated high-level time-frame,Hardware,Desktop,Microsoft,3686.47,101.37,Active,2021-11-24,2024-10-08,ERP
102547,PROD-102547,Cloned radical paradigm,Storage,NAS,Adobe,1931.08,168.03,Active,2026-08-02,2025-02-09,ERP
102548,PROD-102548,Fully-configurable explicit task-force,Security,Encryption,Citrix,1865.63,2062.52,Active,2025-10-17,2025-02-24,ERP
102549,PROD-102549,Operative systematic middleware,Storage,Archive,Citrix,705.08,1401.3,Active,2024-05-29,2025-07-19,ERP
102550,PROD-102550,Focused tangible product,Security,Endpoint,Adobe,1444.12,356.14,Active,2023-10-09,2025-03-14,ERP
102551,PROD-102551,Programmable reciprocal architecture,Collaboration,Email,Citrix,4314.32,3585.88,Active,2024-03-11,2025-12-05,ERP
102552,PROD-102552,Configurable holistic matrices,Hardware,Desktop,Dell,1252.66,729.0,Active,2024-09-23,2025-03-23,ERP
102553,PROD-102553,Proactive dynamic pricing structure,Software,Database,Cisco,3905.44,3458.17,Active,2025-06-10,2024-10-03,ERP
102554,PROD-102554,Horizontal attitude-oriented analyzer,Hardware,Laptop,Citrix,4357.29,2479.41,Active,2026-01-16,2025-05-24,ERP
102555,PROD-102555,Compatible composite policy,Cloud,Networking,Citrix,3941.35,445.69,Active,2023-08-04,2025-05-19,ERP
102556,PROD-102556,Triple-buffered transitional encryption,Software,Operating System,HP,1037.63,2990.6,Active,2023-09-18,2025-09-13,ERP
102557,PROD-102557,Profit-focused optimizing product,Software,Database,Dell,3605.36,389.05,Active,2022-07-22,2024-10-30,ERP
102558,PROD-102558,Automated global encryption,Storage,NAS,Cisco,297.49,340.66,Active,2024-07-28,2024-09-08,ERP
102559,PROD-102559,Balanced transitional capacity,Services,Support,Adobe,4096.88,2840.24,Active,2025-08-18,2025-06-05,ERP
102560,PROD-102560,Polarized coherent moratorium,Collaboration,Meetings,Adobe,1475.91,2712.73,Active,2024-09-22,2026-06-08,ERP
102561,PROD-102561,Diverse fault-tolerant complexity,Hardware,Monitor,HP,2562.54,341.24,Active,2026-02-28,2024-10-09,ERP
102562,PROD-102562,Distributed needs-based standardization,Networking,Firewall,HP,4396.97,2312.35,Active,2022-06-04,2026-04-27,ERP
102563,PROD-102563,Intuitive bottom-line attitude,Networking,Router,Dell,981.58,3398.25,Active,2022-06-30,2024-12-16,ERP
102564,PROD-102564,Programmable next generation artificial intelligence,Networking,Switch,Lenovo,3194.72,2379.43,Active,2023-08-14,2026-03-24,ERP
102565,PROD-102565,Advanced zero administration moderator,Storage,Backup,Cisco,2161.29,3302.26,Active,2022-06-07,2026-05-13,ERP
102566,PROD-102566,Realigned client-server definition,Networking,Router,VMware,1443.17,666.03,Active,2022-12-01,2025-05-11,ERP
102567,PROD-102567,Digitized contextually-based encoding,Hardware,Laptop,Adobe,1753.91,2938.33,Active,2024-12-27,2026-03-06,ERP
102568,PROD-102568,Distributed interactive website,Storage,SAN,Adobe,109.39,2983.47,Active,2024-04-27,2026-01-21,ERP
102569,PROD-102569,Quality-focused intermediate open architecture,Software,Analytics,Citrix,3505.48,2431.89,Active,2023-03-09,2025-07-17,ERP
102570,PROD-102570,Right-sized homogeneous projection,Software,Analytics,Citrix,2281.4,2975.22,Active,2023-11-09,2025-03-12,ERP
102571,PROD-102571,Switchable methodical implementation,Collaboration,Voice,Adobe,1536.22,1969.12,Active,2025-10-04,2025-04-16,ERP
102572,PROD-102572,Secured attitude-oriented protocol,Networking,Switch,HP,261.36,1427.76,Active,2026-02-21,2025-02-10,ERP
102573,PROD-102573,Profit-focused 5thgeneration orchestration,Collaboration,Productivity,Citrix,4621.06,3389.76,Active,2025-11-08,2024-12-11,ERP
102574,PROD-102574,Ameliorated real-time pricing structure,Storage,Archive,Adobe,2288.27,589.78,Active,2023-08-27,2024-10-14,ERP
102575,PROD-102575,Visionary multi-tasking Graphical User Interface,Storage,Archive,Microsoft,4373.14,3158.35,Active,2022-04-15,2026-03-07,ERP
102576,PROD-102576,Proactive zero tolerance functionalities,Storage,NAS,Lenovo,1860.26,1751.67,Active,2026-03-18,2025-12-15,ERP
102577,PROD-102577,Assimilated high-level standardization,Cloud,Storage,HP,1124.12,90.15,Active,2024-03-15,2025-07-27,ERP
102578,PROD-102578,Profit-focused holistic capacity,Collaboration,Meetings,VMware,1719.71,111.18,Active,2022-03-17,2025-07-26,ERP
102579,PROD-102579,Extended logistical paradigm,Storage,NAS,VMware,4157.4,3418.91,Active,2022-04-11,2026-03-25,ERP
102580,PROD-102580,Self-enabling dedicated toolset,Security,Endpoint,Cisco,2458.35,2901.82,Active,2022-05-23,2026-07-18,ERP
102581,PROD-102581,Public-key zero-defect intranet,Storage,Archive,HP,2462.34,2671.51,Active,2023-12-31,2025-05-31,ERP
102582,PROD-102582,Down-sized client-driven architecture,Services,Consulting,Dell,4767.1,2831.45,Active,2024-01-01,2026-01-31,ERP
102583,PROD-102583,Balanced fault-tolerant structure,Security,Endpoint,Cisco,2617.88,1989.57,Active,2023-06-16,2025-05-14,ERP
102584,PROD-102584,Grass-roots local strategy,Networking,Wireless,Adobe,114.19,1249.33,Active,2022-06-07,2024-09-08,ERP
102585,PROD-102585,Front-line intermediate function,Cloud,AI,VMware,3436.08,1730.26,Active,2022-11-19,2025-09-12,ERP
102586,PROD-102586,Customer-focused system-worthy model,Software,Database,VMware,1738.43,1509.08,Active,2023-08-24,2024-12-18,ERP
102587,PROD-102587,Ameliorated high-level database,Cloud,AI,Adobe,362.47,1802.14,Active,2024-05-29,2025-03-13,ERP
102588,PROD-102588,Managed asynchronous project,Storage,NAS,Cisco,4725.65,2760.92,Active,2024-09-12,2025-08-15,ERP
102589,PROD-102589,Multi-tiered non-volatile firmware,Services,Implementation,VMware,2797.23,2319.45,Active,2022-01-21,2024-08-13,ERP
102590,PROD-102590,Persevering bottom-line pricing structure,Services,Support,HP,4829.1,3131.84,Active,2026-01-30,2024-10-26,ERP
102591,PROD-102591,Customizable local instruction set,Networking,Switch,Cisco,2468.51,1892.27,Active,2025-06-30,2026-03-02,ERP
102592,PROD-102592,Cross-platform national orchestration,Hardware,Server,Dell,1951.51,614.71,Active,2022-09-08,2025-06-10,ERP
102593,PROD-102593,Versatile even-keeled process improvement,Services,Consulting,Adobe,2340.31,3604.21,Active,2022-06-17,2025-08-17,ERP
102594,PROD-102594,Object-based national pricing structure,Security,Identity,Adobe,1978.4,792.9,Active,2025-06-01,2024-08-20,ERP
102595,PROD-102595,Visionary global Graphic Interface,Security,Endpoint,Citrix,4246.48,259.61,Active,2022-03-24,2026-06-29,ERP
102596,PROD-102596,Grass-roots demand-driven hardware,Networking,Switch,Microsoft,1669.71,3303.73,Active,2022-07-20,2025-06-22,ERP
102597,PROD-102597,Vision-oriented tertiary access,Collaboration,Meetings,VMware,4785.5,1951.67,Active,2022-07-12,2025-08-26,ERP
102598,PROD-102598,Team-oriented analyzing ability,Services,Support,Cisco,4790.74,2400.41,Active,2023-03-22,2025-08-16,ERP
102599,PROD-102599,Compatible high-level collaboration,Software,Analytics,Microsoft,3690.7,799.9,Active,2023-12-30,2025-07-06,ERP
102600,PROD-102600,Open-source bi-directional project,Security,Endpoint,Lenovo,2143.81,3278.88,Active,2023-10-06,2025-12-17,ERP
102601,PROD-102601,Self-enabling scalable info-mediaries,Hardware,Server,VMware,1060.99,1202.01,Active,2022-08-23,2026-05-19,ERP
102602,PROD-102602,Distributed scalable algorithm,Hardware,Monitor,Dell,1874.73,3108.79,Active,2022-11-03,2025-12-17,ERP
102603,PROD-102603,Managed mobile data-warehouse,Cloud,Networking,Lenovo,2798.56,2385.53,Active,2024-05-27,2026-05-09,ERP
102604,PROD-102604,Configurable optimizing middleware,Services,Consulting,VMware,2306.92,811.18,Active,2026-06-21,2026-06-14,ERP
102605,PROD-102605,Ergonomic heuristic secured line,Collaboration,Voice,HP,2953.08,1308.14,Active,2025-07-24,2026-07-23,ERP
102606,PROD-102606,Reactive incremental architecture,Hardware,Laptop,Microsoft,4345.3,2221.49,Active,2024-12-16,2024-10-07,ERP
102607,PROD-102607,User-centric 4thgeneration leverage,Services,Support,Citrix,4167.43,1515.74,Active,2023-10-27,2026-07-03,ERP
102608,PROD-102608,Polarized directional pricing structure,Hardware,Monitor,Citrix,2007.91,1323.28,Active,2022-09-04,2025-02-17,ERP
102609,PROD-102609,Managed needs-based circuit,Hardware,Server,Citrix,2849.8,2284.91,Active,2026-07-02,2026-04-28,ERP
102610,PROD-102610,Configurable attitude-oriented interface,Hardware,Desktop,Adobe,366.2,294.88,Active,2026-02-11,2025-07-11,ERP
102611,PROD-102611,Cloned attitude-oriented open system,Cloud,Compute,HP,4703.61,959.18,Active,2021-10-11,2026-05-09,ERP
102612,PROD-102612,Seamless encompassing hub,Services,Training,Citrix,451.74,1390.7,Active,2024-09-09,2026-06-24,ERP
102613,PROD-102613,Inverse reciprocal infrastructure,Software,Office,Lenovo,2748.3,2110.6,Active,2023-03-30,2026-06-23,ERP
102614,PROD-102614,Down-sized transitional knowledge user,Storage,NAS,Dell,4081.1,1807.78,Active,2023-08-28,2025-12-19,ERP
102615,PROD-102615,Cloned cohesive collaboration,Software,Analytics,Cisco,1234.36,2587.92,Active,2022-02-28,2025-10-12,ERP
102616,PROD-102616,Up-sized high-level hardware,Hardware,Laptop,Cisco,2419.53,192.65,Active,2026-03-01,2025-07-28,ERP
102617,PROD-102617,Visionary zero-defect matrix,Networking,Switch,HP,2527.89,1308.73,Active,2022-11-09,2026-06-07,ERP
102618,PROD-102618,Virtual upward-trending Internet solution,Storage,SAN,VMware,2486.52,2686.83,Active,2025-07-24,2025-06-15,ERP
102619,PROD-102619,Quality-focused demand-driven focus group,Storage,SAN,Microsoft,1040.62,168.12,Active,2022-12-29,2024-11-12,ERP
102620,PROD-102620,Customer-focused background adapter,Networking,Wireless,Microsoft,1779.44,345.49,Active,2024-12-16,2025-12-23,ERP
102621,PROD-102621,Fully-configurable bifurcated initiative,Services,Support,Lenovo,1103.25,2156.51,Active,2024-08-19,2025-09-07,ERP
102622,PROD-102622,Upgradable 3rdgeneration leverage,Security,Threat Protection,Citrix,2578.85,660.46,Active,2023-10-12,2025-03-14,ERP
102623,PROD-102623,Advanced local array,Networking,Firewall,Citrix,1019.07,3594.26,Active,2026-04-18,2024-11-17,ERP
102624,PROD-102624,Sharable eco-centric middleware,Storage,SAN,VMware,2285.67,1796.04,Active,2021-11-26,2025-11-27,ERP
102625,PROD-102625,Team-oriented maximized encoding,Storage,NAS,HP,607.83,1565.12,Active,2024-10-10,2026-06-15,ERP
102626,PROD-102626,Right-sized leadingedge encryption,Software,Database,Cisco,3810.81,2949.42,Active,2024-03-19,2025-08-02,ERP
102627,PROD-102627,Pre-emptive context-sensitive collaboration,Security,Endpoint,VMware,1836.64,241.11,Active,2023-10-21,2025-04-26,ERP
102628,PROD-102628,Devolved bandwidth-monitored matrices,Networking,Firewall,Cisco,2579.94,1256.86,Active,2025-07-09,2025-02-14,ERP
102629,PROD-102629,Open-source solution-oriented challenge,Networking,Switch,Citrix,1071.45,3788.51,Active,2025-01-16,2025-07-23,ERP
102630,PROD-102630,Polarized full-range moderator,Storage,Backup,Adobe,4921.94,2417.21,Active,2026-03-21,2024-09-09,ERP
102631,PROD-102631,Sharable responsive projection,Cloud,Networking,Adobe,2826.11,1159.24,Active,2026-03-10,2025-06-21,ERP
102632,PROD-102632,Pre-emptive executive capability,Networking,Router,Dell,4427.84,3414.41,Active,2022-12-20,2025-02-11,ERP
102633,PROD-102633,Grass-roots directional info-mediaries,Hardware,Laptop,VMware,4654.29,1231.2,Active,2021-10-16,2026-07-31,ERP
102634,PROD-102634,Reduced systemic concept,Storage,NAS,Dell,315.01,880.85,Active,2024-10-20,2025-08-03,ERP
102635,PROD-102635,Programmable mission-critical firmware,Networking,Wireless,Citrix,426.69,1684.51,Active,2024-11-03,2024-09-19,ERP
102636,PROD-102636,Progressive hybrid implementation,Hardware,Server,Microsoft,4497.68,1225.65,Active,2021-09-04,2025-12-27,ERP
102637,PROD-102637,Future-proofed disintermediate middleware,Security,Encryption,Cisco,645.61,2555.92,Active,2026-01-10,2026-03-06,ERP
102638,PROD-102638,Self-enabling high-level open architecture,Hardware,Monitor,HP,121.0,367.23,Active,2023-11-10,2026-03-23,ERP
102639,PROD-102639,Stand-alone hybrid approach,Networking,Wireless,VMware,1386.83,2818.93,Active,2025-11-25,2026-03-17,ERP
102640,PROD-102640,Advanced upward-trending Graphical User Interface,Collaboration,Email,HP,1116.6,1605.22,Active,2025-04-15,2025-12-13,ERP
102641,PROD-102641,Fully-configurable attitude-oriented contingency,Storage,SAN,Microsoft,2512.25,3326.04,Active,2025-02-06,2025-06-06,ERP
102642,PROD-102642,Reduced national knowledgebase,Storage,NAS,Microsoft,2904.97,200.03,Active,2024-03-13,2024-09-05,ERP
102643,PROD-102643,Mandatory analyzing analyzer,Software,Analytics,VMware,3608.41,830.73,Active,2022-12-23,2025-07-31,ERP
102644,PROD-102644,Multi-lateral tertiary Graphical User Interface,Security,Identity,VMware,4817.79,772.58,Active,2021-10-22,2024-08-05,ERP
102645,PROD-102645,Reverse-engineered didactic monitoring,Collaboration,Email,Microsoft,4373.93,3345.69,Active,2024-02-18,2024-10-13,ERP
102646,PROD-102646,Adaptive zero-defect analyzer,Storage,Archive,Cisco,3592.07,2976.54,Active,2026-06-10,2025-09-30,ERP
102647,PROD-102647,Profit-focused explicit moratorium,Security,Threat Protection,Dell,3010.34,1838.62,Active,2022-02-25,2025-10-06,ERP
102648,PROD-102648,Extended hybrid projection,Collaboration,Meetings,Citrix,3310.08,1500.81,Active,2024-11-01,2025-11-15,ERP
102649,PROD-102649,Face-to-face zero tolerance time-frame,Cloud,AI,Citrix,2064.66,2331.34,Active,2022-08-25,2026-06-27,ERP
102650,PROD-102650,Profit-focused content-based capability,Services,Implementation,Citrix,3848.2,611.84,Active,2024-06-23,2025-10-10,ERP
102651,PROD-102651,Business-focused scalable pricing structure,Collaboration,Productivity,Citrix,4808.86,368.62,Active,2024-03-19,2024-08-29,ERP
102652,PROD-102652,Horizontal asymmetric methodology,Security,Endpoint,Citrix,4627.36,2590.72,Active,2021-09-21,2026-02-27,ERP
102653,PROD-102653,Total human-resource open architecture,Collaboration,Meetings,Microsoft,1750.1,3675.24,Active,2024-12-27,2026-02-10,ERP
102654,PROD-102654,Universal stable challenge,Cloud,AI,HP,4262.93,2305.43,Active,2022-07-30,2025-03-14,ERP
102655,PROD-102655,Intuitive discrete firmware,Networking,Wireless,Dell,4126.04,3525.87,Active,2023-05-17,2025-05-12,ERP
102656,PROD-102656,Configurable demand-driven middleware,Hardware,Laptop,Microsoft,1310.85,2213.03,Active,2024-02-23,2025-02-21,ERP
102657,PROD-102657,Multi-lateral coherent forecast,Cloud,Storage,Citrix,2471.44,1318.81,Active,2022-05-12,2025-04-24,ERP
102658,PROD-102658,Vision-oriented fault-tolerant neural-net,Services,Implementation,Lenovo,1134.4,1420.76,Active,2025-06-04,2026-05-02,ERP
102659,PROD-102659,Pre-emptive zero-defect conglomeration,Storage,SAN,Cisco,3220.32,1828.28,Active,2024-11-24,2025-11-21,ERP
102660,PROD-102660,Re-engineered context-sensitive service-desk,Networking,Router,Dell,2501.25,3665.48,Active,2026-07-21,2024-12-09,ERP
102661,PROD-102661,Public-key secondary migration,Security,Endpoint,Lenovo,1549.15,856.74,Active,2023-01-12,2025-08-15,ERP
102662,PROD-102662,Streamlined explicit process improvement,Software,Database,Microsoft,130.29,1200.74,Active,2024-06-08,2025-09-08,ERP
102663,PROD-102663,Visionary explicit paradigm,Networking,Switch,Dell,381.76,1824.08,Active,2024-09-10,2025-10-30,ERP
102664,PROD-102664,Vision-oriented intangible approach,Software,Office,Citrix,3324.85,67.01,Active,2023-05-19,2026-06-25,ERP
102665,PROD-102665,Operative multi-state hardware,Security,Threat Protection,Lenovo,1905.83,1232.55,Active,2022-02-17,2025-01-01,ERP
102666,PROD-102666,Phased bottom-line pricing structure,Collaboration,Email,Adobe,4886.22,2012.48,Active,2022-08-31,2025-01-25,ERP
102667,PROD-102667,Adaptive systematic approach,Services,Consulting,VMware,3518.13,3448.17,Active,2022-12-05,2025-02-07,ERP
102668,PROD-102668,Enhanced bi-directional application,Storage,SAN,Lenovo,3458.53,2490.42,Active,2024-07-22,2025-10-20,ERP
102669,PROD-102669,Advanced tertiary frame,Services,Implementation,Microsoft,1930.84,3852.0,Active,2025-10-06,2025-03-14,ERP
102670,PROD-102670,Self-enabling multi-tasking matrix,Software,Office,VMware,2741.49,354.78,Active,2023-08-09,2024-08-15,ERP
102671,PROD-102671,Robust fresh-thinking strategy,Software,Office,Lenovo,3757.81,984.48,Active,2025-12-26,2025-08-10,ERP
102672,PROD-102672,Robust optimizing contingency,Collaboration,Email,Citrix,1583.58,3114.23,Active,2026-01-14,2026-06-29,ERP
102673,PROD-102673,Configurable non-volatile infrastructure,Collaboration,Meetings,Lenovo,520.02,2743.2,Active,2025-07-22,2026-03-30,ERP
102674,PROD-102674,Automated discrete productivity,Hardware,Monitor,Dell,2535.26,1866.14,Active,2023-03-15,2026-02-09,ERP
102675,PROD-102675,Ameliorated content-based flexibility,Storage,SAN,VMware,2949.02,2800.41,Active,2024-03-30,2025-09-08,ERP
102676,PROD-102676,Virtual incremental policy,Collaboration,Meetings,Adobe,1502.28,671.92,Active,2024-10-19,2024-09-17,ERP
102677,PROD-102677,Re-contextualized zero tolerance Local Area Network,Security,Threat Protection,Lenovo,592.89,640.31,Active,2024-12-27,2024-11-03,ERP
102678,PROD-102678,Secured intangible ability,Software,Database,Adobe,2456.92,47.63,Active,2025-11-29,2026-06-19,ERP
102679,PROD-102679,De-engineered stable forecast,Cloud,Networking,Microsoft,1546.27,913.11,Active,2023-05-01,2025-11-08,ERP
102680,PROD-102680,Implemented homogeneous encryption,Collaboration,Meetings,Adobe,4051.67,3793.46,Active,2026-01-05,2024-09-15,ERP
102681,PROD-102681,Advanced asynchronous flexibility,Software,Operating System,HP,739.07,2967.92,Active,2025-06-19,2025-04-02,ERP
102682,PROD-102682,Optimized clear-thinking benchmark,Hardware,Monitor,Adobe,1865.04,2803.21,Active,2022-12-11,2025-03-01,ERP
102683,PROD-102683,Re-engineered 6thgeneration product,Hardware,Server,Dell,2122.19,158.31,Active,2026-07-04,2025-07-12,ERP
102684,PROD-102684,Pre-emptive multi-state algorithm,Storage,Archive,Dell,372.62,1069.53,Active,2023-04-14,2025-03-16,ERP
102685,PROD-102685,Progressive 3rdgeneration infrastructure,Services,Implementation,Lenovo,2560.21,991.85,Active,2023-08-07,2025-02-20,ERP
102686,PROD-102686,Implemented asymmetric website,Cloud,Compute,Microsoft,851.88,2292.42,Active,2021-12-27,2026-03-17,ERP
102687,PROD-102687,Devolved discrete moderator,Networking,Wireless,Citrix,2808.97,1924.57,Active,2026-05-12,2026-01-23,ERP
102688,PROD-102688,Expanded bifurcated neural-net,Cloud,Networking,Dell,2820.35,948.19,Active,2024-08-26,2026-06-09,ERP
102689,PROD-102689,Stand-alone optimal Graphic Interface,Cloud,AI,HP,3745.88,1578.07,Active,2024-05-28,2025-04-21,ERP
102690,PROD-102690,Monitored bandwidth-monitored process improvement,Services,Consulting,Microsoft,608.13,2672.0,Active,2025-12-17,2026-03-01,ERP
102691,PROD-102691,Expanded dynamic emulation,Hardware,Server,HP,1631.67,993.61,Active,2022-09-12,2024-09-02,ERP
102692,PROD-102692,Phased bandwidth-monitored support,Collaboration,Meetings,Cisco,3336.98,1926.14,Active,2024-03-22,2025-10-18,ERP
102693,PROD-102693,Decentralized web-enabled concept,Networking,Router,HP,1969.89,2542.75,Active,2024-10-13,2026-02-04,ERP
102694,PROD-102694,Synergistic maximized hub,Software,Database,HP,4296.34,602.98,Active,2022-05-02,2025-09-04,ERP
102695,PROD-102695,Optional asymmetric complexity,Software,Office,Dell,2852.48,1007.09,Active,2025-09-18,2025-04-20,ERP
102696,PROD-102696,Sharable grid-enabled knowledge user,Storage,Backup,Cisco,4148.48,1640.41,Active,2026-07-27,2024-11-15,ERP
102697,PROD-102697,Reverse-engineered 24/7 complexity,Storage,SAN,Citrix,3914.13,134.97,Active,2024-10-09,2026-07-24,ERP
102698,PROD-102698,Automated zero-defect interface,Services,Implementation,Adobe,3051.86,3471.07,Active,2024-03-20,2024-08-07,ERP
102699,PROD-102699,Customizable stable flexibility,Cloud,Networking,Lenovo,3247.9,3027.83,Active,2024-02-22,2026-05-21,ERP
102700,PROD-102700,User-friendly value-added extranet,Cloud,Storage,VMware,2510.81,323.35,Active,2022-12-26,2024-11-13,ERP
102701,PROD-102701,Vision-oriented asynchronous ability,Hardware,Monitor,Dell,2830.35,2825.29,Active,2022-04-05,2025-11-27,ERP
102702,PROD-102702,Diverse transitional definition,Cloud,Compute,Citrix,1423.08,1141.31,Active,2023-02-10,2024-12-31,ERP
102703,PROD-102703,Networked transitional matrix,Services,Training,Citrix,4600.67,3425.13,Active,2026-01-24,2024-08-12,ERP
102704,PROD-102704,Public-key motivating groupware,Collaboration,Productivity,Lenovo,3799.22,3362.04,Active,2024-03-28,2025-11-09,ERP
102705,PROD-102705,Multi-channeled neutral software,Cloud,Networking,Citrix,500.39,1971.46,Active,2024-07-31,2025-04-23,ERP
102706,PROD-102706,Universal needs-based matrix,Services,Consulting,VMware,3164.15,3738.29,Active,2023-09-17,2026-01-25,ERP
102707,PROD-102707,Optional exuding system engine,Security,Endpoint,Citrix,4637.76,1313.55,Active,2022-06-06,2025-10-05,ERP
102708,PROD-102708,Upgradable didactic system engine,Networking,Switch,Citrix,4863.09,787.59,Active,2026-01-31,2026-05-20,ERP
102709,PROD-102709,Upgradable non-volatile architecture,Services,Implementation,VMware,1356.36,1709.8,Active,2023-06-19,2025-10-22,ERP
102710,PROD-102710,Versatile 24/7 help-desk,Networking,Switch,VMware,990.33,2751.77,Active,2023-12-02,2024-12-02,ERP
102711,PROD-102711,Virtual 3rdgeneration superstructure,Services,Support,Adobe,2929.66,714.33,Active,2023-02-24,2024-11-29,ERP
102712,PROD-102712,Automated directional approach,Security,Endpoint,Cisco,3010.75,2542.94,Active,2021-12-18,2026-05-17,ERP
102713,PROD-102713,Mandatory web-enabled algorithm,Services,Support,Adobe,1906.24,1581.73,Active,2022-11-09,2025-02-03,ERP
102714,PROD-102714,Enterprise-wide zero tolerance groupware,Security,Encryption,Citrix,774.38,2433.79,Active,2024-09-29,2024-12-09,ERP
102715,PROD-102715,Multi-lateral intermediate synergy,Security,Identity,Lenovo,4074.92,3935.87,Active,2025-08-11,2025-10-02,ERP
102716,PROD-102716,Networked interactive firmware,Hardware,Laptop,Cisco,4069.36,1037.87,Active,2022-05-19,2025-05-12,ERP
102717,PROD-102717,Secured uniform solution,Collaboration,Productivity,VMware,2580.04,1696.46,Active,2024-05-13,2024-10-03,ERP
102718,PROD-102718,Self-enabling contextually-based website,Security,Identity,Lenovo,3159.16,1971.0,Active,2022-03-04,2024-10-31,ERP
102719,PROD-102719,Business-focused intermediate algorithm,Software,Office,Lenovo,1965.08,499.79,Active,2025-10-12,2025-05-19,ERP
102720,PROD-102720,Profound needs-based product,Cloud,Compute,Citrix,3812.62,3976.91,Active,2025-10-31,2026-06-23,ERP
102721,PROD-102721,Advanced logistical infrastructure,Hardware,Laptop,VMware,581.94,2152.51,Active,2025-04-12,2025-10-26,ERP
102722,PROD-102722,Balanced background focus group,Cloud,Compute,Lenovo,1064.22,3567.96,Active,2022-07-14,2024-09-11,ERP
102723,PROD-102723,Secured uniform time-frame,Hardware,Laptop,Dell,1721.15,2506.83,Active,2024-04-11,2026-04-06,ERP
102724,PROD-102724,Focused cohesive workforce,Security,Threat Protection,Lenovo,1241.37,901.24,Active,2024-06-19,2024-08-22,ERP
102725,PROD-102725,Extended coherent architecture,Security,Threat Protection,Cisco,800.93,2226.0,Active,2026-07-11,2024-12-15,ERP
102726,PROD-102726,User-centric 5thgeneration initiative,Services,Support,HP,4038.27,3304.85,Active,2026-07-18,2025-08-15,ERP
102727,PROD-102727,Automated high-level benchmark,Networking,Router,HP,501.33,2968.31,Active,2023-08-10,2025-08-21,ERP
102728,PROD-102728,Team-oriented national service-desk,Security,Encryption,Dell,523.63,3385.39,Active,2024-06-09,2025-04-04,ERP
102729,PROD-102729,Decentralized holistic software,Networking,Switch,Adobe,3067.56,3570.24,Active,2025-05-06,2025-12-16,ERP
102730,PROD-102730,Re-contextualized multi-state success,Networking,Firewall,Dell,65.68,2692.87,Active,2025-06-11,2026-06-03,ERP
102731,PROD-102731,Fundamental reciprocal definition,Storage,Archive,Adobe,1106.27,423.96,Active,2022-10-13,2025-03-19,ERP
102732,PROD-102732,Phased secondary hierarchy,Software,Office,Adobe,2240.51,2963.18,Active,2022-09-16,2025-12-26,ERP
102733,PROD-102733,Extended solution-oriented neural-net,Storage,Archive,Microsoft,2729.26,1105.1,Active,2024-06-25,2026-05-12,ERP
102734,PROD-102734,Up-sized 5thgeneration leverage,Collaboration,Productivity,Citrix,1644.3,2008.65,Active,2021-12-27,2025-01-02,ERP
102735,PROD-102735,Profit-focused cohesive alliance,Storage,Archive,Cisco,1896.16,2821.24,Active,2025-01-18,2025-12-05,ERP
102736,PROD-102736,Total user-facing process improvement,Storage,NAS,Lenovo,1075.3,1273.99,Active,2026-05-26,2024-10-07,ERP
102737,PROD-102737,Extended secondary toolset,Storage,Backup,Cisco,3588.92,3596.35,Active,2025-10-20,2025-05-04,ERP
102738,PROD-102738,Sharable encompassing Internet solution,Storage,Archive,Microsoft,3448.14,2264.15,Active,2022-01-07,2025-07-19,ERP
102739,PROD-102739,Synergized fault-tolerant infrastructure,Software,Office,Microsoft,1974.91,1397.11,Active,2026-04-11,2024-10-11,ERP
102740,PROD-102740,Managed context-sensitive functionalities,Storage,SAN,Adobe,2209.64,1795.18,Active,2021-12-04,2026-05-11,ERP
102741,PROD-102741,Mandatory executive knowledgebase,Storage,SAN,Lenovo,1311.88,933.51,Active,2022-08-24,2025-10-30,ERP
102742,PROD-102742,Customer-focused dedicated software,Services,Training,Adobe,832.59,896.07,Active,2026-03-06,2025-02-23,ERP
102743,PROD-102743,Quality-focused needs-based superstructure,Networking,Router,Lenovo,1854.63,3048.82,Active,2025-11-16,2025-05-04,ERP
102744,PROD-102744,Team-oriented client-server application,Software,Database,Dell,3096.48,2222.48,Active,2023-05-07,2025-09-24,ERP
102745,PROD-102745,Exclusive actuating infrastructure,Security,Identity,VMware,2292.85,1190.28,Active,2024-06-30,2026-04-16,ERP
102746,PROD-102746,Advanced heuristic capacity,Storage,Backup,HP,1183.99,1263.6,Active,2022-04-16,2025-04-23,ERP
102747,PROD-102747,Programmable contextually-based analyzer,Software,Database,Dell,3123.68,2301.12,Active,2025-08-14,2026-06-24,ERP
102748,PROD-102748,Realigned intangible service-desk,Cloud,AI,Adobe,4712.98,3582.31,Active,2022-04-26,2025-02-02,ERP
102749,PROD-102749,Devolved directional monitoring,Networking,Router,Cisco,3033.04,331.26,Active,2021-08-13,2025-11-15,ERP
102750,PROD-102750,Inverse next generation definition,Software,Analytics,HP,2693.07,3121.76,Active,2023-03-21,2025-04-09,ERP
102751,PROD-102751,Universal intangible hardware,Services,Support,HP,2691.6,767.56,Active,2021-09-16,2024-10-19,ERP
102752,PROD-102752,Customizable modular core,Hardware,Server,HP,3843.43,2065.15,Active,2026-06-19,2026-04-07,ERP
102753,PROD-102753,Persevering optimizing support,Hardware,Laptop,Lenovo,718.0,217.17,Active,2021-08-10,2024-10-18,ERP
102754,PROD-102754,Mandatory composite analyzer,Cloud,Storage,Cisco,4315.36,3341.26,Active,2022-11-23,2025-12-23,ERP
102755,PROD-102755,Enhanced user-facing moratorium,Security,Encryption,Cisco,2301.97,2848.08,Active,2023-03-29,2024-10-03,ERP
102756,PROD-102756,Down-sized 3rdgeneration strategy,Networking,Switch,Microsoft,382.02,1525.26,Active,2025-07-11,2026-02-17,ERP
102757,PROD-102757,Synchronized human-resource process improvement,Hardware,Server,Adobe,2668.02,1972.58,Active,2022-03-27,2025-04-22,ERP
102758,PROD-102758,Advanced high-level Graphic Interface,Storage,Archive,Adobe,4812.42,3774.56,Active,2025-07-28,2024-09-06,ERP
102759,PROD-102759,Upgradable directional matrix,Services,Implementation,VMware,2641.18,1645.52,Active,2022-05-26,2024-09-20,ERP
102760,PROD-102760,Assimilated discrete circuit,Collaboration,Meetings,Microsoft,1074.12,2409.2,Active,2025-10-22,2025-02-13,ERP
102761,PROD-102761,Expanded foreground ability,Services,Training,Dell,3041.76,1664.34,Active,2021-10-04,2024-11-23,ERP
102762,PROD-102762,Face-to-face dynamic alliance,Storage,Backup,Citrix,168.19,1961.71,Active,2023-02-07,2025-05-23,ERP
102763,PROD-102763,Robust mobile methodology,Hardware,Desktop,Lenovo,3886.61,3007.63,Active,2023-07-06,2025-05-16,ERP
102764,PROD-102764,Secured well-modulated matrix,Collaboration,Meetings,VMware,2011.99,590.7,Active,2022-02-01,2026-02-27,ERP
102765,PROD-102765,User-centric 4thgeneration contingency,Networking,Wireless,VMware,2459.54,1878.74,Active,2021-10-07,2026-03-14,ERP
102766,PROD-102766,Extended maximized application,Collaboration,Voice,Cisco,2343.33,1677.81,Active,2023-06-07,2025-12-06,ERP
102767,PROD-102767,Team-oriented global Graphic Interface,Hardware,Desktop,HP,4490.34,3692.92,Active,2024-12-28,2025-07-12,ERP
102768,PROD-102768,Centralized bandwidth-monitored definition,Security,Threat Protection,Microsoft,1785.25,3639.83,Active,2021-10-07,2024-11-04,ERP
102769,PROD-102769,Business-focused hybrid complexity,Storage,SAN,VMware,1806.13,2062.43,Active,2023-08-18,2024-12-30,ERP
102770,PROD-102770,Profound full-range matrix,Collaboration,Email,Adobe,385.39,1342.52,Active,2023-10-16,2026-06-28,ERP
102771,PROD-102771,Robust 5thgeneration encryption,Security,Endpoint,Microsoft,4960.89,605.11,Active,2024-03-04,2025-05-08,ERP
102772,PROD-102772,Universal composite service-desk,Security,Identity,Microsoft,2572.06,2531.93,Active,2024-08-20,2025-05-16,ERP
102773,PROD-102773,Streamlined radical algorithm,Services,Consulting,Adobe,2046.89,3199.08,Active,2024-07-21,2025-03-16,ERP
102774,PROD-102774,Profound static utilization,Collaboration,Voice,Citrix,1460.39,227.39,Active,2024-03-25,2025-10-12,ERP
102775,PROD-102775,Multi-layered bandwidth-monitored utilization,Software,Office,Adobe,2195.37,2068.04,Active,2026-07-05,2025-02-04,ERP
102776,PROD-102776,Realigned client-driven functionalities,Software,Database,Lenovo,1684.25,2864.23,Active,2025-03-20,2024-10-18,ERP
102777,PROD-102777,Networked hybrid core,Security,Endpoint,HP,3822.44,805.43,Active,2022-05-12,2025-05-12,ERP
102778,PROD-102778,Re-contextualized leadingedge success,Storage,Backup,Lenovo,1140.18,199.95,Active,2024-05-13,2024-10-03,ERP
102779,PROD-102779,Synergized optimal encryption,Hardware,Desktop,Cisco,2120.96,794.82,Active,2023-06-02,2026-05-19,ERP
102780,PROD-102780,Polarized national utilization,Cloud,Networking,VMware,4952.61,862.2,Active,2022-05-15,2025-05-29,ERP
102781,PROD-102781,Networked responsive workforce,Software,Database,Microsoft,1364.26,1943.59,Active,2022-07-11,2025-07-15,ERP
102782,PROD-102782,Proactive zero administration workforce,Software,Database,Adobe,4579.91,683.28,Active,2025-10-28,2025-12-04,ERP
102783,PROD-102783,Organized exuding software,Collaboration,Email,Dell,3363.61,3251.47,Active,2026-05-31,2026-01-12,ERP
102784,PROD-102784,Organized 4thgeneration application,Services,Training,Adobe,4780.56,1050.88,Active,2023-03-09,2025-10-25,ERP
102785,PROD-102785,Configurable optimal groupware,Services,Training,HP,3355.37,3345.55,Active,2021-12-21,2026-05-31,ERP
102786,PROD-102786,Organic coherent projection,Security,Endpoint,Cisco,4083.91,1749.65,Active,2025-06-15,2024-12-17,ERP
102787,PROD-102787,Persevering foreground monitoring,Security,Threat Protection,VMware,2519.43,2904.0,Active,2022-10-29,2025-05-28,ERP
102788,PROD-102788,User-friendly user-facing groupware,Storage,SAN,VMware,4018.29,1049.13,Active,2023-08-09,2025-07-27,ERP
102789,PROD-102789,Open-source 24/7 secured line,Cloud,Storage,Cisco,4409.69,1013.73,Active,2026-07-12,2026-04-03,ERP
102790,PROD-102790,Public-key logistical algorithm,Cloud,Compute,Citrix,2092.59,1614.41,Active,2023-01-03,2026-04-11,ERP
102791,PROD-102791,Multi-channeled national moratorium,Services,Training,Dell,1250.35,2501.66,Active,2025-08-13,2025-04-13,ERP
102792,PROD-102792,Seamless explicit functionalities,Software,Analytics,Microsoft,2206.34,3264.87,Active,2021-11-05,2025-10-03,ERP
102793,PROD-102793,Self-enabling client-server application,Cloud,Networking,Adobe,4892.88,1351.8,Active,2024-07-27,2025-05-23,ERP
102794,PROD-102794,Enhanced intermediate archive,Services,Consulting,VMware,1216.63,3519.45,Active,2022-07-28,2025-03-07,ERP
102795,PROD-102795,Mandatory maximized hub,Collaboration,Productivity,Cisco,2056.32,3401.56,Active,2025-02-08,2025-01-29,ERP
102796,PROD-102796,Multi-tiered neutral extranet,Security,Endpoint,HP,1713.75,2401.98,Active,2024-04-19,2025-03-07,ERP
102797,PROD-102797,Function-based attitude-oriented capacity,Storage,SAN,Dell,456.37,3189.87,Active,2022-09-29,2024-08-04,ERP
102798,PROD-102798,Face-to-face content-based archive,Hardware,Desktop,Lenovo,2488.61,391.95,Active,2023-09-23,2026-04-26,ERP
102799,PROD-102799,De-engineered static open system,Cloud,Compute,Microsoft,2382.48,154.92,Active,2024-11-05,2025-11-29,ERP
102800,PROD-102800,Triple-buffered zero tolerance frame,Security,Threat Protection,Citrix,3346.99,372.89,Active,2023-03-12,2025-06-10,ERP
102801,PROD-102801,Face-to-face maximized complexity,Cloud,AI,Citrix,544.86,3985.35,Active,2025-02-18,2025-11-03,ERP
102802,PROD-102802,Decentralized leadingedge definition,Software,Operating System,Microsoft,4116.08,789.19,Active,2022-06-04,2025-03-19,ERP
102803,PROD-102803,Assimilated well-modulated solution,Cloud,Networking,Adobe,582.32,2383.65,Active,2025-08-21,2026-06-27,ERP
102804,PROD-102804,Switchable asynchronous service-desk,Software,Analytics,HP,371.47,2434.52,Active,2025-04-24,2025-08-04,ERP
102805,PROD-102805,Exclusive radical support,Security,Endpoint,Dell,2507.26,914.57,Active,2023-04-25,2025-02-02,ERP
102806,PROD-102806,Configurable exuding approach,Security,Identity,Lenovo,4268.17,2668.41,Active,2023-10-07,2025-04-19,ERP
102807,PROD-102807,Team-oriented local synergy,Collaboration,Productivity,Citrix,4760.94,1242.94,Active,2022-06-08,2025-09-06,ERP
102808,PROD-102808,Synergistic foreground Internet solution,Storage,Archive,Cisco,3981.57,3392.31,Active,2023-04-26,2024-08-25,ERP
102809,PROD-102809,Quality-focused optimizing matrices,Services,Support,Cisco,2333.37,2820.36,Active,2021-09-19,2025-07-05,ERP
102810,PROD-102810,Operative asynchronous synergy,Hardware,Laptop,Microsoft,2959.03,492.93,Active,2024-01-05,2025-06-06,ERP
102811,PROD-102811,Mandatory multi-tasking toolset,Software,Office,HP,789.17,316.93,Active,2022-12-11,2026-01-11,ERP
102812,PROD-102812,Switchable 4thgeneration data-warehouse,Services,Training,Cisco,3607.27,1755.46,Active,2023-05-03,2026-03-06,ERP
102813,PROD-102813,Innovative foreground middleware,Software,Analytics,Cisco,4483.17,2633.32,Active,2026-03-02,2025-08-29,ERP
102814,PROD-102814,Fundamental upward-trending solution,Services,Support,Lenovo,997.87,287.57,Active,2024-12-16,2026-07-25,ERP
102815,PROD-102815,Decentralized systematic infrastructure,Hardware,Server,Lenovo,973.48,2003.03,Active,2025-04-06,2025-05-03,ERP
102816,PROD-102816,Open-architected radical attitude,Storage,Backup,Adobe,707.87,1324.46,Active,2022-03-24,2025-09-30,ERP
102817,PROD-102817,Quality-focused bandwidth-monitored portal,Storage,Backup,HP,86.82,3138.25,Active,2021-10-14,2026-05-03,ERP
102818,PROD-102818,Versatile demand-driven matrices,Security,Encryption,Dell,2460.13,3953.77,Active,2024-01-28,2024-09-13,ERP
102819,PROD-102819,Persevering bandwidth-monitored hardware,Cloud,Compute,HP,1238.12,2425.59,Active,2026-05-22,2024-10-23,ERP
102820,PROD-102820,Face-to-face upward-trending customer loyalty,Security,Endpoint,HP,2118.46,3089.17,Active,2026-02-02,2024-11-18,ERP
102821,PROD-102821,Seamless object-oriented challenge,Services,Training,Citrix,1719.04,440.77,Active,2022-08-04,2024-08-09,ERP
102822,PROD-102822,Balanced asymmetric matrix,Networking,Switch,HP,1695.96,2643.2,Active,2025-12-24,2026-06-23,ERP
102823,PROD-102823,Digitized bi-directional approach,Security,Encryption,Cisco,2202.94,3800.52,Active,2026-01-02,2025-01-01,ERP
102824,PROD-102824,Cross-platform contextually-based paradigm,Hardware,Monitor,VMware,2717.02,3029.2,Active,2024-03-13,2025-12-24,ERP
102825,PROD-102825,Vision-oriented systemic knowledge user,Hardware,Server,Citrix,138.68,2367.55,Active,2026-06-06,2025-05-19,ERP
102826,PROD-102826,Ergonomic zero administration framework,Software,Office,Lenovo,4648.79,3658.57,Active,2024-07-05,2024-09-13,ERP
102827,PROD-102827,Up-sized upward-trending adapter,Networking,Firewall,Cisco,2273.89,1218.62,Active,2022-11-20,2026-05-07,ERP
102828,PROD-102828,Horizontal solution-oriented orchestration,Hardware,Desktop,VMware,2004.32,42.03,Active,2024-01-19,2026-01-06,ERP
102829,PROD-102829,Mandatory intangible artificial intelligence,Networking,Router,Cisco,4762.44,1810.77,Active,2026-07-22,2026-07-10,ERP
102830,PROD-102830,Triple-buffered composite application,Storage,SAN,Lenovo,286.43,327.52,Active,2024-04-22,2026-02-04,ERP
102831,PROD-102831,Proactive clear-thinking utilization,Security,Encryption,Microsoft,2533.67,3811.57,Active,2022-04-22,2026-04-03,ERP
102832,PROD-102832,Polarized leadingedge strategy,Security,Identity,Adobe,4944.9,873.32,Active,2022-03-30,2025-01-05,ERP
102833,PROD-102833,Advanced solution-oriented implementation,Security,Identity,Cisco,4631.86,1571.38,Active,2023-08-05,2025-07-27,ERP
102834,PROD-102834,Self-enabling coherent Local Area Network,Services,Support,Cisco,120.35,1732.26,Active,2023-11-25,2026-07-07,ERP
102835,PROD-102835,Ergonomic stable encoding,Services,Support,Adobe,152.42,541.26,Active,2025-04-05,2026-05-09,ERP
102836,PROD-102836,Diverse grid-enabled framework,Security,Endpoint,VMware,3375.46,1676.91,Active,2026-07-22,2026-02-26,ERP
102837,PROD-102837,Team-oriented bifurcated time-frame,Storage,NAS,HP,1839.08,3066.24,Active,2023-06-03,2026-07-27,ERP
102838,PROD-102838,Up-sized actuating structure,Security,Threat Protection,Dell,427.32,643.39,Active,2025-09-04,2025-09-27,ERP
102839,PROD-102839,Proactive bandwidth-monitored Graphic Interface,Software,Operating System,Cisco,376.61,3087.1,Active,2022-02-19,2025-08-05,ERP
102840,PROD-102840,Integrated asymmetric framework,Security,Endpoint,Dell,3836.26,1366.68,Active,2021-10-16,2025-07-18,ERP
102841,PROD-102841,Distributed bifurcated knowledgebase,Collaboration,Email,Adobe,3356.59,1131.24,Active,2024-07-20,2026-02-26,ERP
102842,PROD-102842,Digitized stable strategy,Software,Analytics,Dell,1798.54,1566.83,Active,2022-05-21,2026-05-08,ERP
102843,PROD-102843,Polarized systematic circuit,Networking,Firewall,Microsoft,4559.05,2490.86,Active,2023-12-04,2025-02-17,ERP
102844,PROD-102844,Decentralized radical implementation,Software,Operating System,HP,771.77,662.35,Active,2024-03-26,2026-06-16,ERP
102845,PROD-102845,Devolved stable core,Networking,Wireless,Citrix,197.46,3417.69,Active,2025-04-08,2025-12-06,ERP
102846,PROD-102846,Devolved upward-trending help-desk,Storage,SAN,Lenovo,1101.18,780.82,Active,2022-09-22,2025-04-06,ERP
102847,PROD-102847,Future-proofed grid-enabled solution,Collaboration,Email,Cisco,4180.83,3736.84,Active,2025-11-21,2026-04-10,ERP
102848,PROD-102848,Ergonomic executive core,Collaboration,Productivity,Lenovo,1644.96,1491.26,Active,2024-10-18,2025-11-20,ERP
102849,PROD-102849,Horizontal methodical archive,Hardware,Laptop,Adobe,981.0,2294.48,Active,2025-06-04,2025-04-26,ERP
102850,PROD-102850,Future-proofed impactful toolset,Hardware,Server,Citrix,2106.89,3354.14,Active,2021-11-27,2024-08-30,ERP
102851,PROD-102851,Face-to-face systematic intranet,Services,Implementation,Dell,713.69,406.51,Active,2022-03-17,2025-02-26,ERP
102852,PROD-102852,Quality-focused multi-state implementation,Software,Database,Adobe,2497.01,3984.64,Active,2022-03-21,2025-03-21,ERP
102853,PROD-102853,Virtual explicit methodology,Services,Consulting,Microsoft,3941.42,2561.37,Active,2022-01-06,2025-10-25,ERP
102854,PROD-102854,Enhanced encompassing framework,Networking,Firewall,Lenovo,1502.58,3438.16,Active,2025-05-29,2026-05-31,ERP
102855,PROD-102855,Digitized discrete knowledge user,Hardware,Server,HP,3494.74,3267.38,Active,2025-10-15,2025-06-07,ERP
102856,PROD-102856,Face-to-face eco-centric leverage,Cloud,AI,Citrix,4256.2,3925.71,Active,2023-05-11,2024-10-01,ERP
102857,PROD-102857,Visionary eco-centric database,Services,Consulting,Adobe,1576.51,1216.79,Active,2023-02-14,2024-10-01,ERP
102858,PROD-102858,Front-line secondary budgetary management,Hardware,Laptop,VMware,1672.38,2854.41,Active,2022-03-11,2024-12-26,ERP
102859,PROD-102859,Total executive function,Cloud,Compute,Citrix,611.2,3899.19,Active,2024-03-06,2026-05-08,ERP
102860,PROD-102860,Re-contextualized context-sensitive challenge,Services,Training,Dell,953.96,868.93,Active,2024-08-14,2026-01-08,ERP
102861,PROD-102861,Up-sized logistical pricing structure,Software,Database,Microsoft,1418.75,3369.83,Active,2024-03-02,2024-12-29,ERP
102862,PROD-102862,User-friendly even-keeled info-mediaries,Software,Analytics,VMware,547.16,1629.51,Active,2026-07-24,2026-05-19,ERP
102863,PROD-102863,Down-sized 24/7 analyzer,Hardware,Server,Lenovo,510.19,1349.73,Active,2023-06-20,2024-11-19,ERP
102864,PROD-102864,Organized secondary function,Hardware,Desktop,Dell,516.86,3780.17,Active,2023-05-05,2026-02-21,ERP
102865,PROD-102865,Quality-focused real-time Graphic Interface,Hardware,Laptop,Adobe,260.5,3242.76,Active,2023-03-28,2025-07-17,ERP
102866,PROD-102866,Profit-focused explicit archive,Storage,SAN,VMware,836.09,3760.14,Active,2023-04-10,2026-03-11,ERP
102867,PROD-102867,Adaptive didactic standardization,Networking,Router,Citrix,883.48,2602.73,Active,2026-06-08,2024-09-23,ERP
102868,PROD-102868,Total directional moderator,Software,Operating System,Adobe,1131.17,2839.94,Active,2023-09-14,2025-09-24,ERP
102869,PROD-102869,De-engineered systematic software,Cloud,Storage,Lenovo,76.17,2103.83,Active,2026-02-06,2026-07-16,ERP
102870,PROD-102870,Balanced asymmetric help-desk,Security,Endpoint,Adobe,2760.44,261.0,Active,2026-01-22,2025-10-24,ERP
102871,PROD-102871,Streamlined object-oriented complexity,Networking,Wireless,Cisco,4133.88,1188.51,Active,2024-11-14,2024-11-16,ERP
102872,PROD-102872,Versatile user-facing implementation,Cloud,Networking,Lenovo,4558.19,1168.46,Active,2026-07-17,2026-01-07,ERP
102873,PROD-102873,Grass-roots zero tolerance architecture,Networking,Router,Lenovo,1312.25,2430.89,Active,2024-07-20,2026-05-11,ERP
102874,PROD-102874,Operative tangible protocol,Hardware,Laptop,Lenovo,2974.15,2993.47,Active,2021-11-03,2025-08-30,ERP
102875,PROD-102875,Ergonomic optimal knowledgebase,Cloud,Storage,Dell,4837.51,1013.9,Active,2024-06-22,2025-04-05,ERP
102876,PROD-102876,Right-sized impactful help-desk,Hardware,Desktop,Cisco,3737.16,2931.73,Active,2024-08-05,2026-02-06,ERP
102877,PROD-102877,Polarized bifurcated migration,Storage,NAS,Cisco,1418.92,472.64,Active,2026-01-18,2025-04-22,ERP
102878,PROD-102878,Profit-focused 4thgeneration process improvement,Hardware,Desktop,Dell,4158.36,79.7,Active,2025-02-09,2025-10-24,ERP
102879,PROD-102879,Synergistic intangible task-force,Software,Analytics,Cisco,2263.02,609.28,Active,2023-01-09,2025-10-26,ERP
102880,PROD-102880,Vision-oriented heuristic installation,Software,Analytics,Citrix,4887.39,1530.43,Active,2023-02-07,2025-11-10,ERP
102881,PROD-102881,Cloned homogeneous superstructure,Security,Encryption,Cisco,4295.89,605.01,Active,2024-04-02,2025-10-01,ERP
102882,PROD-102882,Phased next generation installation,Storage,Backup,Cisco,4356.26,3436.0,Active,2023-07-30,2025-07-07,ERP
102883,PROD-102883,Configurable fresh-thinking core,Networking,Wireless,Adobe,4748.26,1763.87,Active,2025-10-11,2026-05-09,ERP
102884,PROD-102884,Compatible analyzing knowledge user,Security,Identity,Lenovo,2344.73,269.08,Active,2025-01-11,2025-12-11,ERP
102885,PROD-102885,Profit-focused transitional utilization,Hardware,Monitor,VMware,1059.01,463.91,Active,2021-10-07,2025-01-20,ERP
102886,PROD-102886,Implemented next generation initiative,Security,Endpoint,VMware,1432.67,1718.96,Active,2022-10-27,2024-12-30,ERP
102887,PROD-102887,Inverse encompassing analyzer,Hardware,Monitor,Dell,2953.1,1407.68,Active,2026-02-27,2025-01-11,ERP
102888,PROD-102888,Ameliorated well-modulated projection,Networking,Wireless,Cisco,3457.73,1120.57,Active,2022-09-16,2026-03-23,ERP
102889,PROD-102889,Pre-emptive background open system,Collaboration,Productivity,VMware,844.27,901.75,Active,2024-12-07,2025-06-30,ERP
102890,PROD-102890,Managed directional software,Cloud,Compute,Cisco,3243.84,1553.71,Active,2026-04-14,2026-06-19,ERP
102891,PROD-102891,Virtual encompassing initiative,Cloud,Compute,VMware,3620.15,2100.06,Active,2024-11-14,2025-09-24,ERP
102892,PROD-102892,Re-engineered tertiary Local Area Network,Software,Analytics,VMware,3744.69,105.69,Active,2022-05-03,2025-09-07,ERP
102893,PROD-102893,Persevering mobile projection,Software,Database,VMware,1297.89,996.07,Active,2021-09-17,2026-07-11,ERP
102894,PROD-102894,Secured incremental capacity,Cloud,Networking,Microsoft,788.03,102.79,Active,2024-04-19,2026-05-01,ERP
102895,PROD-102895,Reduced local superstructure,Storage,Backup,Microsoft,2431.05,769.8,Active,2024-09-19,2025-01-16,ERP
102896,PROD-102896,Persistent demand-driven help-desk,Security,Encryption,VMware,3495.33,1105.97,Active,2025-05-26,2025-09-26,ERP
102897,PROD-102897,Distributed neutral website,Networking,Wireless,Citrix,525.65,1900.62,Active,2025-11-09,2026-06-17,ERP
102898,PROD-102898,Virtual high-level throughput,Networking,Switch,Citrix,276.73,1361.19,Active,2026-05-06,2025-05-28,ERP
102899,PROD-102899,Innovative grid-enabled hierarchy,Collaboration,Meetings,Citrix,2491.1,1737.52,Active,2021-10-26,2025-09-20,ERP
102900,PROD-102900,Re-engineered stable system engine,Hardware,Laptop,Dell,2847.54,569.56,Active,2022-02-06,2025-02-06,ERP
102901,PROD-102901,Digitized composite matrices,Storage,SAN,Cisco,2362.06,2151.55,Active,2023-09-14,2026-05-16,ERP
102902,PROD-102902,Team-oriented uniform task-force,Software,Operating System,Adobe,3606.23,902.41,Active,2026-06-10,2025-07-31,ERP
102903,PROD-102903,Switchable static intranet,Networking,Switch,Citrix,529.44,1044.41,Active,2024-04-25,2024-09-30,ERP
102904,PROD-102904,User-friendly needs-based success,Storage,SAN,VMware,3232.95,3561.96,Active,2025-05-10,2025-01-01,ERP
102905,PROD-102905,Re-contextualized incremental capability,Networking,Router,Citrix,4621.66,2456.8,Active,2023-10-16,2025-05-29,ERP
102906,PROD-102906,Open-architected high-level model,Software,Analytics,Cisco,268.64,2763.76,Active,2024-08-29,2024-08-03,ERP
102907,PROD-102907,Inverse regional synergy,Cloud,Compute,Adobe,4094.47,885.03,Active,2023-08-28,2025-05-13,ERP
102908,PROD-102908,Right-sized foreground system engine,Storage,Backup,Dell,489.12,2341.94,Active,2022-08-04,2024-08-27,ERP
102909,PROD-102909,Fully-configurable client-server throughput,Security,Identity,Lenovo,3497.08,3740.25,Active,2022-09-11,2026-06-02,ERP
102910,PROD-102910,Digitized methodical success,Collaboration,Meetings,Microsoft,3707.56,3923.3,Active,2023-12-20,2026-07-11,ERP
102911,PROD-102911,Managed context-sensitive matrix,Hardware,Server,Cisco,901.74,648.89,Active,2021-08-20,2025-09-24,ERP
102912,PROD-102912,Centralized encompassing core,Hardware,Desktop,Cisco,4145.02,810.64,Active,2022-01-28,2025-05-27,ERP
102913,PROD-102913,Centralized regional throughput,Security,Encryption,Microsoft,3325.22,921.86,Active,2022-02-04,2026-05-10,ERP
102914,PROD-102914,Phased 24/7 access,Cloud,Compute,Dell,3642.43,2903.15,Active,2025-10-29,2025-12-24,ERP
102915,PROD-102915,Re-engineered needs-based monitoring,Services,Training,Lenovo,811.95,276.49,Active,2021-11-10,2024-12-18,ERP
102916,PROD-102916,Triple-buffered composite moratorium,Cloud,Networking,Lenovo,87.73,1513.78,Active,2025-04-13,2025-08-15,ERP
102917,PROD-102917,Business-focused exuding hardware,Cloud,Networking,Dell,469.9,651.2,Active,2026-01-26,2025-04-28,ERP
102918,PROD-102918,Sharable 4thgeneration function,Software,Database,Lenovo,586.78,936.3,Active,2026-04-01,2025-09-29,ERP
102919,PROD-102919,Fully-configurable exuding database,Cloud,AI,Citrix,4437.62,650.65,Active,2022-11-08,2025-09-03,ERP
102920,PROD-102920,Persistent optimizing success,Networking,Wireless,Lenovo,902.07,3350.84,Active,2023-03-22,2025-05-29,ERP
102921,PROD-102921,Automated dedicated matrices,Collaboration,Voice,Citrix,1338.13,876.23,Active,2023-06-08,2025-03-26,ERP
102922,PROD-102922,Realigned needs-based hierarchy,Hardware,Desktop,Lenovo,1512.89,3095.92,Active,2023-04-09,2024-10-30,ERP
102923,PROD-102923,Organized exuding initiative,Collaboration,Email,Dell,3993.18,528.95,Active,2022-12-23,2026-05-20,ERP
102924,PROD-102924,Customizable static success,Hardware,Desktop,Dell,2822.32,1593.56,Active,2026-06-10,2025-04-17,ERP
102925,PROD-102925,Focused real-time alliance,Cloud,Compute,HP,2718.18,946.41,Active,2022-07-25,2026-03-06,ERP
102926,PROD-102926,User-friendly uniform instruction set,Cloud,Storage,Microsoft,2566.66,2437.43,Active,2024-03-21,2026-04-09,ERP
102927,PROD-102927,Compatible maximized capacity,Software,Database,Dell,1728.6,2161.83,Active,2025-02-22,2025-01-05,ERP
102928,PROD-102928,User-centric client-driven artificial intelligence,Security,Threat Protection,Citrix,2767.09,3316.74,Active,2025-06-12,2026-04-17,ERP
102929,PROD-102929,Stand-alone exuding utilization,Hardware,Monitor,Adobe,4258.71,841.07,Active,2024-07-30,2026-06-08,ERP
102930,PROD-102930,Synergized multimedia definition,Networking,Router,HP,3142.96,308.96,Active,2022-07-25,2024-09-04,ERP
102931,PROD-102931,Integrated content-based capability,Software,Analytics,Adobe,864.94,1123.34,Active,2024-12-09,2025-07-01,ERP
102932,PROD-102932,Centralized global solution,Services,Consulting,Microsoft,3839.12,3125.69,Active,2023-08-12,2025-03-13,ERP
102933,PROD-102933,Programmable system-worthy initiative,Hardware,Laptop,Dell,1646.36,3036.3,Active,2025-07-31,2026-03-23,ERP
102934,PROD-102934,Front-line cohesive archive,Software,Operating System,Cisco,2429.86,3226.36,Active,2022-05-29,2025-04-05,ERP
102935,PROD-102935,Front-line value-added structure,Collaboration,Voice,Microsoft,3947.96,3000.18,Active,2024-04-25,2026-01-06,ERP
102936,PROD-102936,Programmable scalable success,Hardware,Desktop,Citrix,1598.58,2696.91,Active,2026-02-04,2025-11-29,ERP
102937,PROD-102937,Secured fault-tolerant hierarchy,Security,Threat Protection,VMware,838.41,2194.46,Active,2023-07-11,2025-02-22,ERP
102938,PROD-102938,Persistent encompassing projection,Cloud,Networking,VMware,2481.14,3643.26,Active,2023-03-03,2026-01-24,ERP
102939,PROD-102939,Fundamental human-resource workforce,Software,Database,HP,4130.57,1173.68,Active,2025-02-10,2025-01-11,ERP
102940,PROD-102940,Optional uniform workforce,Hardware,Server,Lenovo,2370.93,2040.9,Active,2024-11-28,2025-02-14,ERP
102941,PROD-102941,Public-key national solution,Collaboration,Email,Microsoft,3016.1,36.11,Active,2025-01-26,2026-02-20,ERP
102942,PROD-102942,Operative attitude-oriented project,Security,Endpoint,Lenovo,1759.49,1382.42,Active,2026-06-12,2025-03-23,ERP
102943,PROD-102943,Decentralized 5thgeneration hub,Services,Training,HP,2055.66,2262.93,Active,2023-04-27,2025-01-28,ERP
102944,PROD-102944,Organized object-oriented budgetary management,Networking,Wireless,HP,3998.62,2058.94,Active,2022-01-14,2026-01-25,ERP
102945,PROD-102945,Enterprise-wide tangible contingency,Services,Training,Microsoft,1862.74,3290.77,Active,2021-11-21,2025-06-05,ERP
102946,PROD-102946,De-engineered impactful projection,Storage,SAN,Microsoft,3143.83,235.82,Active,2023-11-25,2026-04-15,ERP
102947,PROD-102947,Centralized 4thgeneration service-desk,Networking,Switch,Lenovo,3030.41,2466.48,Active,2021-08-15,2025-03-08,ERP
102948,PROD-102948,Universal global application,Collaboration,Voice,Microsoft,3873.21,3119.99,Active,2023-09-10,2026-04-07,ERP
102949,PROD-102949,Devolved high-level groupware,Cloud,Storage,Dell,350.52,3212.93,Active,2024-01-19,2026-05-11,ERP
102950,PROD-102950,Down-sized heuristic alliance,Software,Office,VMware,4182.75,518.95,Active,2025-04-01,2024-08-04,ERP
102951,PROD-102951,Secured system-worthy throughput,Hardware,Server,VMware,4812.65,2584.02,Active,2025-04-08,2026-01-06,ERP
102952,PROD-102952,Digitized optimizing synergy,Collaboration,Productivity,Cisco,2602.53,1527.9,Active,2023-04-21,2026-02-22,ERP
102953,PROD-102953,Enterprise-wide hybrid adapter,Networking,Router,Lenovo,1375.61,640.57,Active,2023-03-08,2024-11-10,ERP
102954,PROD-102954,Vision-oriented interactive functionalities,Software,Database,Lenovo,3114.42,1198.23,Active,2022-05-30,2025-02-06,ERP
102955,PROD-102955,Expanded value-added analyzer,Cloud,AI,Lenovo,1523.05,107.32,Active,2023-11-24,2025-05-03,ERP
102956,PROD-102956,Universal solution-oriented definition,Storage,NAS,Citrix,3625.13,3384.03,Active,2024-10-25,2026-04-12,ERP
102957,PROD-102957,Advanced uniform architecture,Storage,NAS,Dell,1582.45,3118.72,Active,2022-10-25,2026-05-03,ERP
102958,PROD-102958,Balanced background software,Software,Office,Microsoft,4119.08,1184.21,Active,2026-07-10,2024-12-07,ERP
102959,PROD-102959,Business-focused web-enabled firmware,Storage,NAS,Citrix,4733.4,1510.32,Active,2026-05-10,2026-01-10,ERP
102960,PROD-102960,Business-focused multimedia concept,Security,Identity,HP,2046.23,935.59,Active,2023-11-27,2026-03-08,ERP
102961,PROD-102961,Function-based multi-tasking superstructure,Services,Training,HP,1504.47,3837.89,Active,2026-07-02,2025-09-03,ERP
102962,PROD-102962,Configurable asynchronous support,Hardware,Laptop,Adobe,1917.49,1659.49,Active,2022-11-11,2025-10-12,ERP
102963,PROD-102963,Focused logistical function,Security,Threat Protection,Microsoft,3871.58,2929.85,Active,2023-01-28,2024-12-21,ERP
102964,PROD-102964,Robust tangible software,Services,Support,HP,4160.56,1119.85,Active,2026-07-25,2026-04-05,ERP
102965,PROD-102965,Triple-buffered optimizing middleware,Cloud,Networking,Microsoft,3384.71,1376.22,Active,2025-10-18,2025-02-22,ERP
102966,PROD-102966,Open-source radical pricing structure,Security,Identity,VMware,1232.14,3668.03,Active,2025-04-15,2026-02-12,ERP
102967,PROD-102967,Multi-channeled modular success,Networking,Firewall,Cisco,4151.2,1049.43,Active,2025-09-18,2026-02-11,ERP
102968,PROD-102968,De-engineered needs-based process improvement,Services,Consulting,Lenovo,3655.83,3231.65,Active,2022-08-26,2025-08-08,ERP
102969,PROD-102969,Synergistic empowering Graphical User Interface,Software,Operating System,Dell,3570.96,1832.61,Active,2026-02-02,2026-07-14,ERP
102970,PROD-102970,Object-based coherent analyzer,Collaboration,Email,Microsoft,3051.96,814.51,Active,2023-04-27,2025-01-02,ERP
102971,PROD-102971,Ameliorated systematic secured line,Software,Database,Adobe,1123.07,1634.85,Active,2022-06-15,2024-11-23,ERP
102972,PROD-102972,User-centric uniform array,Services,Support,Microsoft,4417.79,3422.88,Active,2024-01-10,2025-01-02,ERP
102973,PROD-102973,Realigned optimizing infrastructure,Software,Operating System,Adobe,3804.07,1326.58,Active,2023-06-19,2025-12-07,ERP
102974,PROD-102974,Universal radical database,Storage,SAN,Adobe,4805.66,3437.05,Active,2023-10-16,2025-05-11,ERP
102975,PROD-102975,Digitized foreground access,Hardware,Laptop,HP,1083.08,130.61,Active,2024-11-11,2024-09-05,ERP
102976,PROD-102976,Multi-lateral tertiary challenge,Hardware,Laptop,Citrix,3904.23,470.26,Active,2026-03-31,2024-08-14,ERP
102977,PROD-102977,Open-architected hybrid moratorium,Cloud,Compute,Cisco,3457.56,1352.06,Active,2022-10-01,2025-03-05,ERP
102978,PROD-102978,Synergistic radical instruction set,Collaboration,Voice,VMware,4124.05,2394.39,Active,2023-06-17,2024-10-30,ERP
102979,PROD-102979,User-centric 6thgeneration website,Storage,SAN,Cisco,1989.22,2448.73,Active,2022-01-04,2025-12-30,ERP
102980,PROD-102980,Intuitive fresh-thinking standardization,Services,Support,Microsoft,427.45,2424.67,Active,2023-04-14,2026-05-19,ERP
102981,PROD-102981,Exclusive eco-centric info-mediaries,Software,Analytics,Dell,2719.19,922.73,Active,2026-04-22,2026-06-28,ERP
102982,PROD-102982,Up-sized mission-critical alliance,Storage,Archive,Citrix,4198.42,2356.56,Active,2022-10-02,2025-10-15,ERP
102983,PROD-102983,Visionary static hierarchy,Storage,NAS,HP,4083.98,651.77,Active,2024-12-06,2025-04-23,ERP
102984,PROD-102984,Virtual grid-enabled synergy,Networking,Switch,Dell,1238.7,1118.2,Active,2025-09-24,2026-07-09,ERP
102985,PROD-102985,Centralized asymmetric database,Services,Implementation,Dell,506.51,3736.77,Active,2025-08-01,2025-12-23,ERP
102986,PROD-102986,Grass-roots maximized definition,Security,Endpoint,Lenovo,4706.31,195.34,Active,2023-05-25,2025-08-15,ERP
102987,PROD-102987,Adaptive secondary algorithm,Services,Consulting,Citrix,1226.36,3743.98,Active,2024-04-20,2026-01-08,ERP
102988,PROD-102988,Phased regional secured line,Storage,Archive,Microsoft,2620.73,406.54,Active,2025-01-18,2025-08-19,ERP
102989,PROD-102989,Centralized systematic infrastructure,Cloud,Networking,Microsoft,4697.28,3776.8,Active,2026-05-01,2026-02-20,ERP
102990,PROD-102990,Front-line explicit instruction set,Hardware,Desktop,Citrix,1983.42,3541.04,Active,2025-05-28,2024-08-06,ERP
102991,PROD-102991,Cross-group 24/7 data-warehouse,Software,Operating System,Lenovo,812.26,1836.12,Active,2025-07-22,2025-07-16,ERP
102992,PROD-102992,De-engineered analyzing strategy,Services,Support,Dell,4766.29,3076.19,Active,2025-09-30,2026-06-02,ERP
102993,PROD-102993,Virtual analyzing migration,Security,Threat Protection,Citrix,307.66,1733.43,Active,2025-06-15,2026-02-26,ERP
102994,PROD-102994,Persistent tangible application,Cloud,Networking,Dell,2452.66,3393.54,Active,2023-07-14,2026-01-05,ERP
102995,PROD-102995,Customer-focused system-worthy approach,Storage,NAS,Cisco,4920.4,3329.78,Active,2026-07-13,2024-08-05,ERP
102996,PROD-102996,Cloned user-facing complexity,Security,Identity,Dell,1248.4,3588.03,Active,2023-02-22,2024-11-23,ERP
102997,PROD-102997,Streamlined 3rdgeneration monitoring,Hardware,Monitor,Cisco,1745.92,968.77,Active,2021-11-13,2025-12-21,ERP
102998,PROD-102998,Multi-channeled fresh-thinking model,Cloud,Networking,Microsoft,1099.21,2589.41,Active,2021-09-01,2024-08-24,ERP
102999,PROD-102999,Phased hybrid help-desk,Software,Operating System,Dell,3351.78,1819.85,Active,2022-09-25,2026-01-22,ERP
103000,PROD-103000,User-centric executive flexibility,Hardware,Laptop,Citrix,4966.29,2333.85,Active,2023-10-02,2025-10-16,ERP
103001,PROD-103001,Integrated transitional moderator,Software,Analytics,VMware,2891.73,3741.47,Active,2025-11-09,2025-01-30,ERP
103002,PROD-103002,User-centric background methodology,Collaboration,Voice,HP,2044.13,2401.46,Active,2025-09-11,2026-07-12,ERP
103003,PROD-103003,Optimized executive website,Storage,Archive,VMware,4159.9,2575.95,Active,2024-04-26,2025-01-14,ERP
103004,PROD-103004,Quality-focused high-level protocol,Collaboration,Email,VMware,768.65,3139.53,Active,2022-06-04,2025-02-14,ERP
103005,PROD-103005,Focused analyzing approach,Storage,NAS,HP,1685.25,434.2,Active,2026-01-25,2025-05-31,ERP
103006,PROD-103006,Sharable discrete emulation,Hardware,Server,Cisco,4768.78,3564.9,Active,2022-06-04,2024-08-25,ERP
103007,PROD-103007,Cross-group bifurcated implementation,Software,Database,Cisco,1507.44,586.64,Active,2025-09-13,2025-04-11,ERP
103008,PROD-103008,Switchable global neural-net,Storage,Archive,Microsoft,2068.7,2806.22,Active,2022-06-14,2026-02-16,ERP
103009,PROD-103009,Vision-oriented client-driven conglomeration,Collaboration,Meetings,Lenovo,3219.19,1842.3,Active,2024-07-12,2026-03-15,ERP
103010,PROD-103010,Progressive well-modulated emulation,Storage,SAN,Adobe,910.88,883.23,Active,2024-02-07,2025-03-28,ERP
103011,PROD-103011,Persistent holistic support,Networking,Switch,Citrix,3367.23,2419.54,Active,2022-08-14,2026-02-27,ERP
103012,PROD-103012,Persevering zero administration approach,Services,Support,HP,3303.43,2255.58,Active,2026-06-23,2026-07-11,ERP
103013,PROD-103013,Devolved analyzing Local Area Network,Hardware,Server,Microsoft,4491.39,3841.08,Active,2024-03-15,2024-12-22,ERP
103014,PROD-103014,Customizable fresh-thinking system engine,Software,Database,Lenovo,1739.63,2208.28,Active,2023-09-18,2025-05-20,ERP
103015,PROD-103015,Persevering tangible monitoring,Cloud,Networking,Citrix,2745.28,607.78,Active,2021-09-07,2025-10-15,ERP
103016,PROD-103016,Stand-alone client-server functionalities,Security,Identity,Lenovo,2885.92,1395.25,Active,2026-02-06,2025-07-31,ERP
103017,PROD-103017,Profit-focused clear-thinking adapter,Software,Database,Microsoft,2830.88,3239.75,Active,2025-07-05,2024-10-06,ERP
103018,PROD-103018,Team-oriented human-resource extranet,Software,Database,Cisco,4045.8,1271.94,Active,2025-08-15,2026-01-15,ERP
103019,PROD-103019,Implemented interactive benchmark,Services,Consulting,VMware,4224.37,3114.44,Active,2022-04-07,2026-03-12,ERP
103020,PROD-103020,Extended dedicated hardware,Storage,NAS,Cisco,2958.68,3098.25,Active,2025-03-17,2025-12-28,ERP
103021,PROD-103021,Function-based non-volatile groupware,Security,Identity,Microsoft,4171.02,677.88,Active,2021-12-18,2025-02-08,ERP
103022,PROD-103022,Vision-oriented didactic contingency,Networking,Router,Microsoft,3355.2,2067.75,Active,2025-03-23,2025-09-27,ERP
103023,PROD-103023,Multi-lateral discrete workforce,Storage,Archive,Dell,4992.3,489.22,Active,2022-06-09,2025-03-28,ERP
103024,PROD-103024,Focused explicit encryption,Storage,NAS,Dell,452.01,793.5,Active,2023-02-12,2026-05-17,ERP
103025,PROD-103025,Operative regional challenge,Services,Consulting,Microsoft,4729.45,1516.39,Active,2021-11-28,2026-04-11,ERP
103026,PROD-103026,Team-oriented encompassing ability,Hardware,Server,Dell,1500.52,2435.97,Active,2024-08-20,2025-07-30,ERP
103027,PROD-103027,Assimilated transitional protocol,Services,Consulting,Adobe,2068.57,729.33,Active,2022-03-03,2025-04-20,ERP
103028,PROD-103028,Persevering well-modulated installation,Networking,Wireless,Lenovo,3153.54,224.94,Active,2024-11-25,2026-02-10,ERP
103029,PROD-103029,Intuitive modular help-desk,Services,Support,VMware,1387.1,3585.48,Active,2024-03-17,2025-12-19,ERP
103030,PROD-103030,Ameliorated object-oriented migration,Collaboration,Productivity,VMware,1984.15,256.27,Active,2022-05-30,2025-07-05,ERP
103031,PROD-103031,Multi-layered composite initiative,Collaboration,Meetings,Lenovo,3826.68,1661.29,Active,2022-07-25,2026-07-08,ERP
103032,PROD-103032,Innovative web-enabled monitoring,Cloud,Storage,Citrix,146.34,3199.7,Active,2024-06-06,2026-06-20,ERP
103033,PROD-103033,Down-sized value-added knowledgebase,Collaboration,Productivity,Lenovo,4619.3,3928.38,Active,2026-05-16,2024-11-25,ERP
103034,PROD-103034,Multi-lateral interactive moderator,Software,Analytics,Microsoft,2016.53,2107.83,Active,2023-01-20,2025-08-10,ERP
103035,PROD-103035,Fundamental multi-tasking flexibility,Security,Identity,Cisco,1032.27,1829.12,Active,2023-04-07,2024-11-06,ERP
103036,PROD-103036,Operative asymmetric array,Software,Database,Citrix,1821.5,3724.18,Active,2022-11-11,2024-10-29,ERP
103037,PROD-103037,Switchable cohesive support,Networking,Firewall,Lenovo,588.13,2190.12,Active,2025-03-30,2026-02-20,ERP
103038,PROD-103038,Automated mobile matrix,Software,Office,Microsoft,1064.34,3984.54,Active,2021-11-09,2024-11-26,ERP
103039,PROD-103039,Multi-layered 24/7 budgetary management,Cloud,Compute,Dell,3034.49,26.85,Active,2023-08-21,2026-01-16,ERP
103040,PROD-103040,Cloned tertiary installation,Software,Database,Lenovo,1227.97,2065.35,Active,2025-08-30,2026-03-17,ERP
103041,PROD-103041,Operative interactive paradigm,Services,Support,Adobe,2503.95,2304.41,Active,2023-07-29,2025-10-31,ERP
103042,PROD-103042,Fully-configurable actuating customer loyalty,Services,Implementation,Dell,992.42,1803.77,Active,2022-08-17,2024-10-22,ERP
103043,PROD-103043,Stand-alone hybrid intranet,Security,Threat Protection,VMware,2983.15,2910.8,Active,2021-11-25,2025-09-17,ERP
103044,PROD-103044,Devolved 24hour Graphical User Interface,Cloud,AI,Microsoft,747.21,1597.46,Active,2023-04-13,2024-12-18,ERP
103045,PROD-103045,Ameliorated intangible algorithm,Hardware,Laptop,Lenovo,1413.19,3979.84,Active,2021-10-05,2025-10-19,ERP
103046,PROD-103046,Re-contextualized optimal complexity,Networking,Wireless,Cisco,3426.14,3332.2,Active,2024-12-28,2025-09-10,ERP
103047,PROD-103047,Open-architected homogeneous projection,Storage,Archive,Dell,4642.04,3622.55,Active,2024-06-16,2025-07-15,ERP
103048,PROD-103048,Progressive analyzing contingency,Collaboration,Meetings,HP,422.13,3339.98,Active,2023-11-10,2025-11-27,ERP
103049,PROD-103049,Horizontal radical alliance,Software,Office,HP,556.57,793.71,Active,2026-03-25,2026-06-05,ERP
103050,PROD-103050,Future-proofed analyzing hardware,Storage,NAS,Citrix,3686.01,1977.94,Active,2022-11-07,2025-05-24,ERP
103051,PROD-103051,Business-focused analyzing function,Collaboration,Meetings,Lenovo,4339.59,945.72,Active,2024-09-20,2025-09-26,ERP
103052,PROD-103052,Realigned directional extranet,Networking,Router,HP,2740.38,3983.76,Active,2022-03-10,2026-01-01,ERP
103053,PROD-103053,Open-source zero administration circuit,Storage,SAN,Citrix,1183.1,3007.33,Active,2024-08-07,2024-11-08,ERP
103054,PROD-103054,Enhanced responsive software,Hardware,Monitor,Lenovo,2043.77,3710.24,Active,2022-08-15,2025-02-25,ERP
103055,PROD-103055,Horizontal cohesive orchestration,Software,Office,Adobe,3515.55,1625.57,Active,2021-12-01,2025-12-31,ERP
103056,PROD-103056,Self-enabling didactic neural-net,Collaboration,Meetings,Lenovo,2615.47,3235.23,Active,2022-06-16,2026-01-31,ERP
103057,PROD-103057,Reactive global standardization,Hardware,Server,Microsoft,1911.78,595.93,Active,2022-10-19,2025-08-16,ERP
103058,PROD-103058,Organized analyzing matrices,Cloud,Storage,Cisco,3164.42,1328.37,Active,2024-03-04,2025-01-21,ERP
103059,PROD-103059,Focused 3rdgeneration extranet,Cloud,Compute,Lenovo,3409.8,2646.73,Active,2024-07-13,2025-02-15,ERP
103060,PROD-103060,Total 3rdgeneration policy,Hardware,Server,Adobe,4688.44,2754.82,Active,2024-04-05,2025-01-17,ERP
103061,PROD-103061,Multi-lateral explicit synergy,Storage,NAS,Dell,2638.05,3086.11,Active,2024-09-11,2026-05-01,ERP
103062,PROD-103062,Automated 6thgeneration emulation,Cloud,Compute,HP,1670.59,1606.77,Active,2023-12-28,2025-12-01,ERP
103063,PROD-103063,User-centric asynchronous infrastructure,Collaboration,Email,VMware,1214.33,2503.16,Active,2025-09-14,2024-12-03,ERP
103064,PROD-103064,Focused 4thgeneration success,Security,Identity,HP,678.03,3676.38,Active,2025-06-10,2026-04-11,ERP
103065,PROD-103065,Grass-roots explicit hub,Services,Consulting,Cisco,3328.45,2180.57,Active,2024-08-07,2025-06-16,ERP
103066,PROD-103066,Monitored optimizing functionalities,Security,Threat Protection,HP,1525.78,2432.25,Active,2023-12-31,2025-03-03,ERP
103067,PROD-103067,Organic intangible concept,Software,Operating System,VMware,1766.56,2513.61,Active,2025-03-10,2025-04-03,ERP
103068,PROD-103068,Multi-channeled bifurcated software,Collaboration,Email,Adobe,503.75,3696.51,Active,2025-06-21,2026-07-19,ERP
103069,PROD-103069,Automated static Local Area Network,Networking,Wireless,Adobe,1982.96,804.06,Active,2023-02-03,2025-07-15,ERP
103070,PROD-103070,Reverse-engineered motivating structure,Cloud,Compute,Adobe,1410.76,3126.49,Active,2025-03-09,2024-11-03,ERP
103071,PROD-103071,Pre-emptive didactic extranet,Software,Office,Adobe,3071.64,1982.57,Active,2022-09-19,2026-04-21,ERP
103072,PROD-103072,Programmable hybrid frame,Cloud,Networking,Adobe,3606.77,636.81,Active,2022-10-30,2024-10-26,ERP
103073,PROD-103073,De-engineered heuristic system engine,Cloud,AI,Cisco,2494.84,3005.31,Active,2023-12-27,2025-10-02,ERP
103074,PROD-103074,Synergized upward-trending application,Services,Consulting,Lenovo,3235.57,2737.3,Active,2025-07-07,2025-11-02,ERP
103075,PROD-103075,Up-sized responsive open architecture,Networking,Firewall,Microsoft,3492.73,3535.01,Active,2024-08-04,2025-03-10,ERP
103076,PROD-103076,Up-sized static initiative,Services,Implementation,Lenovo,3652.06,1344.21,Active,2025-03-24,2025-08-23,ERP
103077,PROD-103077,De-engineered content-based middleware,Collaboration,Email,Microsoft,3381.41,692.48,Active,2024-04-03,2025-12-21,ERP
103078,PROD-103078,Enhanced maximized alliance,Cloud,AI,Citrix,1378.2,750.66,Active,2025-01-26,2024-12-13,ERP
103079,PROD-103079,Self-enabling neutral synergy,Storage,Archive,Lenovo,1020.73,1428.25,Active,2022-02-05,2026-01-20,ERP
103080,PROD-103080,Proactive reciprocal middleware,Security,Endpoint,Cisco,3188.05,554.06,Active,2022-02-04,2025-10-08,ERP
103081,PROD-103081,Reverse-engineered asynchronous adapter,Security,Encryption,Cisco,4338.15,798.41,Active,2022-11-23,2024-10-16,ERP
103082,PROD-103082,Reduced systemic concept,Software,Analytics,Lenovo,863.89,341.44,Active,2025-02-13,2025-09-18,ERP
103083,PROD-103083,Grass-roots global Graphic Interface,Services,Support,Citrix,3625.98,3730.34,Active,2023-08-24,2024-10-11,ERP
103084,PROD-103084,Multi-layered explicit strategy,Cloud,AI,Lenovo,880.01,2312.39,Active,2026-08-01,2025-03-14,ERP
103085,PROD-103085,Virtual eco-centric flexibility,Storage,NAS,Cisco,1749.46,2441.55,Active,2022-05-24,2026-06-03,ERP
103086,PROD-103086,Managed intangible success,Services,Consulting,Cisco,4309.23,3759.83,Active,2024-05-21,2024-10-30,ERP
103087,PROD-103087,Digitized 3rdgeneration implementation,Software,Office,Citrix,1860.73,3807.72,Active,2025-01-18,2024-11-17,ERP
103088,PROD-103088,Compatible analyzing workforce,Collaboration,Voice,Lenovo,4750.41,2245.77,Active,2024-06-13,2024-09-07,ERP
103089,PROD-103089,Cross-group secondary array,Hardware,Server,Adobe,3876.37,1167.04,Active,2021-12-16,2025-11-23,ERP
103090,PROD-103090,Monitored asymmetric challenge,Security,Endpoint,Microsoft,1011.09,2521.81,Active,2025-04-23,2025-09-09,ERP
103091,PROD-103091,Monitored actuating adapter,Software,Operating System,Dell,4573.71,2406.03,Active,2026-01-27,2025-10-28,ERP
103092,PROD-103092,Synergistic local core,Cloud,Compute,Cisco,2631.64,2826.13,Active,2024-08-24,2025-03-18,ERP
103093,PROD-103093,Re-contextualized tangible hardware,Networking,Firewall,Microsoft,475.75,1472.79,Active,2025-09-08,2026-02-08,ERP
103094,PROD-103094,Reactive well-modulated instruction set,Storage,Backup,Dell,1659.97,1828.37,Active,2024-12-21,2025-09-27,ERP
103095,PROD-103095,Seamless didactic contingency,Services,Training,Cisco,580.75,2922.51,Active,2025-08-12,2024-12-03,ERP
103096,PROD-103096,Virtual radical throughput,Services,Support,Lenovo,2405.49,3387.35,Active,2025-08-31,2026-02-12,ERP
103097,PROD-103097,Up-sized asynchronous info-mediaries,Software,Database,Lenovo,2264.27,1286.35,Active,2024-12-31,2025-12-02,ERP
103098,PROD-103098,Virtual upward-trending standardization,Hardware,Server,HP,3500.77,2582.17,Active,2025-11-20,2024-08-14,ERP
103099,PROD-103099,Automated client-server solution,Software,Analytics,Dell,224.2,1431.59,Active,2025-02-03,2025-02-14,ERP
103100,PROD-103100,Upgradable dedicated hardware,Collaboration,Productivity,Dell,3495.59,2106.79,Active,2023-08-09,2024-10-01,ERP
103101,PROD-103101,Synergized static secured line,Hardware,Desktop,Adobe,83.3,1459.92,Active,2024-08-14,2025-12-12,ERP
103102,PROD-103102,Persevering contextually-based product,Networking,Firewall,Lenovo,855.81,568.98,Active,2024-08-01,2024-11-22,ERP
103103,PROD-103103,Optional bifurcated ability,Services,Implementation,Lenovo,338.93,1314.71,Active,2026-06-23,2024-12-31,ERP
103104,PROD-103104,Total regional help-desk,Storage,Archive,Adobe,1433.71,3453.81,Active,2025-09-23,2026-01-23,ERP
103105,PROD-103105,Future-proofed regional parallelism,Cloud,Networking,Citrix,2575.53,3933.04,Active,2023-04-17,2025-03-29,ERP
103106,PROD-103106,Stand-alone web-enabled alliance,Security,Threat Protection,Lenovo,4824.45,3191.49,Active,2024-08-24,2025-02-15,ERP
103107,PROD-103107,Diverse clear-thinking Internet solution,Services,Training,HP,2535.05,1235.55,Active,2024-11-06,2026-04-15,ERP
103108,PROD-103108,Automated zero tolerance database,Software,Operating System,Lenovo,4927.66,125.95,Active,2025-03-06,2025-07-26,ERP
103109,PROD-103109,Expanded uniform function,Hardware,Laptop,Microsoft,821.92,1244.69,Active,2025-05-26,2026-05-26,ERP
103110,PROD-103110,Business-focused content-based Local Area Network,Networking,Switch,Dell,4794.38,546.23,Active,2025-12-08,2024-11-07,ERP
103111,PROD-103111,Secured transitional infrastructure,Software,Analytics,Citrix,392.75,47.14,Active,2023-01-17,2025-08-15,ERP
103112,PROD-103112,Persistent value-added algorithm,Services,Implementation,Microsoft,2632.85,2542.84,Active,2023-01-28,2025-12-23,ERP
103113,PROD-103113,Realigned full-range capacity,Storage,NAS,Dell,1455.35,1155.34,Active,2025-07-28,2025-04-01,ERP
103114,PROD-103114,Centralized radical application,Storage,Archive,Adobe,763.16,3853.3,Active,2024-02-03,2026-06-19,ERP
103115,PROD-103115,Secured incremental infrastructure,Networking,Wireless,Adobe,4499.4,3160.59,Active,2022-03-16,2025-05-30,ERP
103116,PROD-103116,Networked exuding frame,Security,Encryption,HP,3747.16,540.7,Active,2022-10-10,2025-04-08,ERP
103117,PROD-103117,Stand-alone multimedia interface,Cloud,AI,VMware,1085.3,3835.8,Active,2023-04-16,2025-03-02,ERP
103118,PROD-103118,Right-sized non-volatile utilization,Networking,Switch,Dell,3698.38,781.93,Active,2024-06-16,2025-04-27,ERP
103119,PROD-103119,Pre-emptive asynchronous algorithm,Software,Database,Cisco,3052.57,3517.69,Active,2023-03-10,2024-11-01,ERP
103120,PROD-103120,Open-source static installation,Hardware,Server,Dell,341.97,2959.73,Active,2026-03-14,2026-05-05,ERP
103121,PROD-103121,Persevering zero tolerance array,Software,Database,Lenovo,1348.83,661.6,Active,2025-12-01,2024-10-12,ERP
103122,PROD-103122,User-centric asynchronous knowledgebase,Collaboration,Voice,Microsoft,2685.94,3073.57,Active,2022-04-22,2025-07-22,ERP
103123,PROD-103123,Expanded mobile process improvement,Storage,SAN,Adobe,925.86,743.14,Active,2025-07-06,2024-12-04,ERP
103124,PROD-103124,Fully-configurable 6thgeneration methodology,Services,Implementation,Adobe,1638.2,2993.64,Active,2023-12-18,2025-11-19,ERP
103125,PROD-103125,Configurable object-oriented collaboration,Services,Training,Adobe,721.55,640.15,Active,2026-03-12,2024-08-03,ERP
103126,PROD-103126,Profound multimedia firmware,Hardware,Server,HP,3112.13,2055.94,Active,2022-09-17,2025-07-18,ERP
103127,PROD-103127,Total bottom-line intranet,Collaboration,Productivity,Cisco,3661.3,1585.17,Active,2024-11-12,2025-06-20,ERP
103128,PROD-103128,Cross-platform eco-centric adapter,Cloud,Networking,Dell,3244.83,722.81,Active,2024-09-08,2025-12-05,ERP
103129,PROD-103129,Operative intermediate migration,Collaboration,Meetings,Cisco,2242.35,2875.85,Active,2022-06-23,2024-08-14,ERP
103130,PROD-103130,Profit-focused zero tolerance pricing structure,Networking,Switch,Microsoft,1662.82,710.86,Active,2021-09-13,2025-09-21,ERP
103131,PROD-103131,Enhanced context-sensitive middleware,Networking,Wireless,HP,4778.94,2937.9,Active,2026-03-25,2025-09-30,ERP
103132,PROD-103132,Managed attitude-oriented capability,Services,Consulting,VMware,1219.55,2213.87,Active,2024-07-23,2025-05-26,ERP
103133,PROD-103133,Networked didactic policy,Networking,Switch,Citrix,3283.93,2817.32,Active,2026-07-03,2024-12-16,ERP
103134,PROD-103134,Multi-layered multimedia initiative,Networking,Switch,Citrix,2801.92,1249.54,Active,2021-09-18,2026-03-26,ERP
103135,PROD-103135,Decentralized intangible infrastructure,Storage,SAN,Adobe,3637.69,1865.53,Active,2024-09-27,2025-01-27,ERP
103136,PROD-103136,Fundamental contextually-based focus group,Collaboration,Meetings,HP,4050.8,1177.13,Active,2023-02-14,2026-03-24,ERP
103137,PROD-103137,Multi-tiered tangible complexity,Hardware,Server,VMware,4333.89,2321.0,Active,2021-10-09,2025-03-23,ERP
103138,PROD-103138,Self-enabling disintermediate knowledge user,Collaboration,Email,HP,4471.7,2424.34,Active,2022-01-15,2024-08-14,ERP
103139,PROD-103139,Operative high-level framework,Collaboration,Email,HP,2876.66,1774.56,Active,2026-03-23,2025-02-25,ERP
103140,PROD-103140,Mandatory value-added application,Cloud,Compute,Citrix,1270.12,3606.76,Active,2024-08-05,2026-06-23,ERP
103141,PROD-103141,Enterprise-wide background interface,Collaboration,Productivity,Dell,1110.47,2838.98,Active,2022-02-03,2024-11-21,ERP
103142,PROD-103142,Digitized grid-enabled framework,Services,Support,Cisco,696.81,136.61,Active,2024-04-30,2025-03-26,ERP
103143,PROD-103143,Total user-facing core,Software,Database,Citrix,2015.8,3167.58,Active,2023-03-04,2026-01-29,ERP
103144,PROD-103144,Persistent system-worthy system engine,Hardware,Desktop,HP,236.4,201.75,Active,2025-04-20,2025-02-10,ERP
103145,PROD-103145,Upgradable human-resource secured line,Collaboration,Productivity,Adobe,1779.1,862.08,Active,2024-05-20,2025-04-22,ERP
103146,PROD-103146,Multi-tiered modular productivity,Services,Training,HP,1222.14,2151.58,Active,2023-03-02,2026-04-22,ERP
103147,PROD-103147,Ameliorated actuating emulation,Hardware,Laptop,Cisco,135.82,3912.51,Active,2023-11-17,2025-03-17,ERP
103148,PROD-103148,Intuitive optimizing structure,Networking,Wireless,Dell,4082.63,3424.36,Active,2025-07-11,2024-10-06,ERP
103149,PROD-103149,Compatible 4thgeneration instruction set,Services,Consulting,Adobe,378.72,3344.86,Active,2024-02-25,2025-12-07,ERP
103150,PROD-103150,Balanced tertiary definition,Cloud,Storage,Dell,163.06,618.13,Active,2023-04-28,2026-03-10,ERP
103151,PROD-103151,Switchable bottom-line adapter,Cloud,AI,Microsoft,507.75,815.39,Active,2023-05-27,2025-06-21,ERP
103152,PROD-103152,Versatile incremental software,Security,Endpoint,Microsoft,3079.8,805.42,Active,2022-12-22,2025-12-28,ERP
103153,PROD-103153,Stand-alone bandwidth-monitored policy,Hardware,Monitor,Adobe,459.11,2754.92,Active,2024-10-14,2026-07-08,ERP
103154,PROD-103154,User-centric upward-trending structure,Collaboration,Email,Dell,768.66,217.46,Active,2024-05-11,2026-06-19,ERP
103155,PROD-103155,Configurable motivating product,Cloud,Storage,Dell,1075.87,494.36,Active,2025-09-13,2025-05-03,ERP
103156,PROD-103156,Adaptive cohesive toolset,Collaboration,Productivity,Adobe,3775.67,580.05,Active,2024-01-30,2025-04-20,ERP
103157,PROD-103157,Persistent holistic artificial intelligence,Software,Operating System,Dell,607.91,1625.72,Active,2025-11-03,2025-11-08,ERP
103158,PROD-103158,Reactive encompassing moderator,Cloud,Storage,Microsoft,648.74,2893.64,Active,2022-11-13,2024-08-11,ERP
103159,PROD-103159,Optimized context-sensitive installation,Collaboration,Meetings,Citrix,3325.5,3703.98,Active,2025-06-30,2025-07-23,ERP
103160,PROD-103160,Diverse next generation service-desk,Collaboration,Meetings,Cisco,4631.14,2993.42,Active,2024-07-20,2025-11-12,ERP
103161,PROD-103161,Persistent static neural-net,Networking,Router,VMware,2880.83,1740.01,Active,2023-01-17,2026-04-19,ERP
103162,PROD-103162,Assimilated neutral contingency,Services,Support,Microsoft,3318.67,1834.99,Active,2024-08-29,2024-11-30,ERP
103163,PROD-103163,Open-architected scalable software,Security,Identity,HP,3833.58,1146.13,Active,2023-07-07,2024-09-08,ERP
103164,PROD-103164,Profit-focused composite migration,Software,Operating System,VMware,162.41,2244.59,Active,2023-06-06,2025-01-01,ERP
103165,PROD-103165,Synergized optimal encoding,Storage,NAS,Citrix,4306.23,2316.31,Active,2021-08-10,2026-03-14,ERP
103166,PROD-103166,Optimized transitional forecast,Services,Support,HP,3001.8,1517.92,Active,2025-12-27,2025-03-08,ERP
103167,PROD-103167,Mandatory fresh-thinking neural-net,Hardware,Desktop,Citrix,4973.11,1416.15,Active,2023-02-03,2024-11-09,ERP
103168,PROD-103168,Upgradable foreground initiative,Storage,SAN,Microsoft,4036.54,878.11,Active,2023-01-10,2025-10-12,ERP
103169,PROD-103169,Future-proofed static software,Services,Support,Adobe,4126.29,3111.04,Active,2024-09-01,2025-09-26,ERP
103170,PROD-103170,Vision-oriented clear-thinking open system,Networking,Wireless,Dell,752.3,783.26,Active,2023-11-12,2025-08-30,ERP
103171,PROD-103171,Universal local firmware,Services,Training,Citrix,1967.48,3056.22,Active,2023-03-10,2024-08-23,ERP
103172,PROD-103172,Multi-tiered neutral installation,Cloud,Storage,Microsoft,1333.82,322.92,Active,2022-05-23,2025-08-07,ERP
103173,PROD-103173,Cloned clear-thinking collaboration,Cloud,Compute,HP,4950.99,3722.49,Active,2021-08-25,2024-09-29,ERP
103174,PROD-103174,Intuitive context-sensitive protocol,Storage,SAN,Citrix,3090.54,1930.26,Active,2025-05-03,2025-05-11,ERP
103175,PROD-103175,Persevering next generation project,Collaboration,Voice,Microsoft,873.44,2487.21,Active,2024-12-31,2026-05-05,ERP
103176,PROD-103176,Switchable next generation focus group,Collaboration,Email,Lenovo,2159.68,2373.48,Active,2024-08-29,2025-07-01,ERP
103177,PROD-103177,Right-sized holistic system engine,Storage,NAS,HP,676.09,1143.56,Active,2024-11-01,2025-07-03,ERP
103178,PROD-103178,Optional content-based encryption,Software,Analytics,Citrix,1342.26,3459.62,Active,2024-12-15,2026-05-26,ERP
103179,PROD-103179,Cloned executive alliance,Hardware,Desktop,VMware,210.3,258.12,Active,2024-06-04,2025-12-13,ERP
103180,PROD-103180,Configurable analyzing circuit,Hardware,Server,Lenovo,4785.12,2268.6,Active,2021-09-18,2025-08-09,ERP
103181,PROD-103181,Multi-layered 3rdgeneration open architecture,Collaboration,Voice,Lenovo,4470.56,1250.33,Active,2023-12-09,2024-11-20,ERP
103182,PROD-103182,Ergonomic attitude-oriented flexibility,Software,Analytics,Adobe,2971.11,3119.06,Active,2025-10-28,2026-04-12,ERP
103183,PROD-103183,Grass-roots zero tolerance hardware,Services,Training,VMware,2154.59,710.62,Active,2023-04-23,2025-03-19,ERP
103184,PROD-103184,Organized grid-enabled attitude,Networking,Firewall,Adobe,4215.81,569.02,Active,2025-04-30,2026-04-14,ERP
103185,PROD-103185,Inverse actuating leverage,Security,Encryption,Lenovo,63.52,200.39,Active,2024-06-28,2024-12-22,ERP
103186,PROD-103186,Horizontal human-resource algorithm,Hardware,Laptop,Dell,241.72,130.92,Active,2024-06-13,2025-04-20,ERP
103187,PROD-103187,Decentralized mobile focus group,Storage,NAS,Dell,2274.16,1122.78,Active,2025-12-28,2026-03-25,ERP
103188,PROD-103188,Cross-platform fault-tolerant encryption,Software,Office,HP,2147.84,194.43,Active,2022-06-14,2025-07-18,ERP
103189,PROD-103189,Open-architected directional strategy,Hardware,Laptop,Citrix,2266.42,613.83,Active,2022-10-12,2026-03-28,ERP
103190,PROD-103190,Persevering asymmetric approach,Hardware,Laptop,Citrix,3536.3,1867.23,Active,2023-12-18,2025-03-16,ERP
103191,PROD-103191,Future-proofed asymmetric approach,Networking,Router,Lenovo,2292.17,1004.85,Active,2026-05-16,2026-07-09,ERP
103192,PROD-103192,Synergized local help-desk,Collaboration,Meetings,Citrix,444.55,215.0,Active,2025-12-26,2025-03-30,ERP
103193,PROD-103193,Centralized 3rdgeneration matrices,Security,Threat Protection,VMware,2485.56,817.99,Active,2024-09-09,2024-11-29,ERP
103194,PROD-103194,Total bandwidth-monitored encoding,Storage,NAS,Dell,3535.12,123.54,Active,2025-06-15,2025-09-19,ERP
103195,PROD-103195,Cross-group multi-state alliance,Storage,NAS,Citrix,2681.87,2124.29,Active,2023-09-03,2024-08-31,ERP
103196,PROD-103196,Re-engineered interactive analyzer,Services,Implementation,Lenovo,3531.87,2394.74,Active,2022-12-18,2024-11-30,ERP
103197,PROD-103197,Customer-focused impactful forecast,Collaboration,Email,Cisco,646.46,46.73,Active,2025-09-22,2026-07-04,ERP
103198,PROD-103198,Synergistic empowering parallelism,Networking,Switch,Lenovo,825.09,3244.22,Active,2023-03-20,2025-09-06,ERP
103199,PROD-103199,Focused bandwidth-monitored hub,Collaboration,Voice,Lenovo,4453.7,1761.32,Active,2024-09-27,2026-04-30,ERP
103200,PROD-103200,User-centric non-volatile service-desk,Cloud,Compute,Citrix,2946.48,2110.35,Active,2023-01-06,2025-09-23,ERP
103201,PROD-103201,Open-architected explicit initiative,Cloud,Networking,Microsoft,208.82,3919.8,Active,2023-02-26,2024-10-08,ERP
103202,PROD-103202,Automated well-modulated parallelism,Storage,Archive,Lenovo,545.83,3861.2,Active,2024-01-29,2026-03-01,ERP
103203,PROD-103203,Open-source dedicated orchestration,Hardware,Laptop,Dell,300.36,2364.34,Active,2025-01-21,2025-12-09,ERP
103204,PROD-103204,Persistent object-oriented hardware,Collaboration,Email,VMware,234.89,3002.37,Active,2022-11-10,2025-01-22,ERP
103205,PROD-103205,Multi-lateral hybrid synergy,Security,Endpoint,Dell,4111.71,2262.61,Active,2024-12-01,2025-02-11,ERP
103206,PROD-103206,Triple-buffered heuristic framework,Security,Identity,Citrix,1283.99,3990.0,Active,2023-04-09,2026-05-09,ERP
103207,PROD-103207,Cross-platform actuating encoding,Software,Analytics,HP,259.37,2451.97,Active,2025-08-27,2025-07-15,ERP
103208,PROD-103208,Realigned cohesive standardization,Hardware,Server,Adobe,4649.84,1595.13,Active,2023-06-13,2025-10-22,ERP
103209,PROD-103209,Reverse-engineered homogeneous adapter,Collaboration,Meetings,Dell,1033.39,2371.51,Active,2021-08-14,2025-09-12,ERP
103210,PROD-103210,Adaptive discrete website,Software,Office,Lenovo,3034.79,3005.88,Active,2023-08-12,2026-03-17,ERP
103211,PROD-103211,Triple-buffered foreground Local Area Network,Software,Office,Lenovo,4779.49,615.05,Active,2025-08-14,2024-08-24,ERP
103212,PROD-103212,Balanced multi-state focus group,Collaboration,Voice,Microsoft,2450.86,2294.8,Active,2022-09-12,2026-01-09,ERP
103213,PROD-103213,Configurable holistic monitoring,Networking,Switch,HP,3822.87,1761.65,Active,2025-05-29,2026-07-29,ERP
103214,PROD-103214,Secured holistic data-warehouse,Networking,Firewall,Dell,4978.57,1798.12,Active,2022-11-24,2025-12-19,ERP
103215,PROD-103215,Adaptive hybrid leverage,Hardware,Laptop,VMware,867.46,1737.38,Active,2024-12-09,2026-03-21,ERP
103216,PROD-103216,Triple-buffered context-sensitive frame,Cloud,Compute,Cisco,2362.98,2074.4,Active,2023-08-17,2025-04-23,ERP
103217,PROD-103217,Enhanced multi-state middleware,Cloud,Compute,Dell,2083.17,3368.08,Active,2026-04-13,2025-05-14,ERP
103218,PROD-103218,Optional global info-mediaries,Hardware,Server,Dell,4255.62,3610.2,Active,2024-06-10,2024-09-19,ERP
103219,PROD-103219,Persevering bottom-line encoding,Software,Database,Citrix,3437.51,3009.93,Active,2023-02-02,2026-05-18,ERP
103220,PROD-103220,Diverse regional migration,Collaboration,Meetings,Dell,463.33,1791.72,Active,2024-04-09,2025-08-12,ERP
103221,PROD-103221,Down-sized bi-directional Graphic Interface,Hardware,Server,Microsoft,4085.83,3409.32,Active,2025-06-21,2026-03-13,ERP
103222,PROD-103222,Devolved neutral circuit,Storage,Backup,VMware,2698.76,663.85,Active,2023-01-12,2024-11-02,ERP
103223,PROD-103223,Configurable content-based array,Software,Office,Citrix,2633.63,2956.35,Active,2022-06-17,2025-01-05,ERP
103224,PROD-103224,Open-architected impactful frame,Networking,Wireless,Citrix,2216.46,70.85,Active,2022-12-06,2025-03-24,ERP
103225,PROD-103225,Upgradable bandwidth-monitored initiative,Cloud,Compute,Microsoft,1334.53,211.12,Active,2024-08-17,2026-05-30,ERP
103226,PROD-103226,Total 6thgeneration collaboration,Collaboration,Voice,Adobe,3349.59,3319.52,Active,2024-11-03,2025-01-31,ERP
103227,PROD-103227,Robust homogeneous policy,Cloud,Storage,Lenovo,2838.97,1215.73,Active,2026-05-11,2024-08-15,ERP
103228,PROD-103228,Polarized holistic paradigm,Storage,SAN,Dell,4674.04,2055.82,Active,2025-02-17,2026-04-01,ERP
103229,PROD-103229,Persistent demand-driven ability,Collaboration,Voice,HP,3019.51,1708.31,Active,2025-07-23,2025-02-11,ERP
103230,PROD-103230,Polarized logistical approach,Cloud,Networking,Lenovo,2914.05,3996.22,Active,2022-04-25,2025-03-04,ERP
103231,PROD-103231,Ergonomic web-enabled hardware,Collaboration,Email,VMware,263.52,1434.7,Active,2021-08-19,2024-08-05,ERP
103232,PROD-103232,Multi-channeled systematic framework,Software,Analytics,Dell,3961.08,1708.5,Active,2025-10-06,2024-11-11,ERP
103233,PROD-103233,Streamlined fresh-thinking focus group,Services,Implementation,Microsoft,2497.06,2218.6,Active,2024-08-22,2024-09-16,ERP
103234,PROD-103234,Right-sized tangible hierarchy,Networking,Switch,Adobe,1456.38,3577.71,Active,2026-03-17,2025-06-16,ERP
103235,PROD-103235,Focused hybrid algorithm,Networking,Firewall,Lenovo,1802.51,3121.65,Active,2022-03-17,2025-01-28,ERP
103236,PROD-103236,Reactive regional hub,Collaboration,Productivity,HP,1499.61,204.54,Active,2026-07-23,2024-08-09,ERP
103237,PROD-103237,Pre-emptive upward-trending Local Area Network,Storage,Backup,Lenovo,1949.47,1013.4,Active,2026-05-18,2025-06-10,ERP
103238,PROD-103238,Versatile tangible project,Security,Encryption,Microsoft,1364.94,2059.01,Active,2023-09-20,2026-07-05,ERP
103239,PROD-103239,Re-contextualized directional throughput,Cloud,Compute,Adobe,107.5,2254.31,Active,2026-03-12,2026-01-29,ERP
103240,PROD-103240,Reduced discrete frame,Software,Office,HP,841.05,3735.33,Active,2022-09-04,2026-05-19,ERP
103241,PROD-103241,User-centric background structure,Networking,Wireless,VMware,2735.97,522.1,Active,2022-07-13,2025-02-07,ERP
103242,PROD-103242,Seamless local complexity,Networking,Firewall,Lenovo,2686.88,2019.69,Active,2022-09-12,2026-03-26,ERP
103243,PROD-103243,Intuitive zero administration open architecture,Hardware,Monitor,HP,4925.81,1595.87,Active,2024-01-09,2025-07-19,ERP
103244,PROD-103244,Inverse global approach,Cloud,Networking,Dell,2153.33,2502.38,Active,2021-08-13,2025-05-23,ERP
103245,PROD-103245,Function-based tangible algorithm,Software,Operating System,VMware,415.57,3994.88,Active,2021-08-11,2024-08-25,ERP
103246,PROD-103246,Re-contextualized asynchronous array,Software,Database,Citrix,3322.85,3948.86,Active,2023-01-01,2024-08-23,ERP
103247,PROD-103247,Customer-focused 4thgeneration firmware,Cloud,Storage,Lenovo,584.4,873.04,Active,2025-08-16,2024-10-18,ERP
103248,PROD-103248,Triple-buffered systematic synergy,Storage,SAN,Citrix,973.57,1013.29,Active,2024-09-17,2025-06-25,ERP
103249,PROD-103249,Synergized non-volatile archive,Security,Threat Protection,Dell,2033.01,3124.54,Active,2022-12-09,2025-08-12,ERP
103250,PROD-103250,Organic attitude-oriented hierarchy,Hardware,Desktop,Citrix,4536.82,1131.71,Active,2025-07-25,2025-01-16,ERP
103251,PROD-103251,Devolved directional middleware,Security,Encryption,HP,1347.8,2474.71,Active,2023-09-23,2024-12-21,ERP
103252,PROD-103252,Organic disintermediate help-desk,Storage,Backup,Microsoft,4371.56,2795.63,Active,2026-02-09,2025-04-30,ERP
103253,PROD-103253,Programmable bottom-line service-desk,Security,Identity,Lenovo,2040.22,276.14,Active,2024-09-02,2024-10-17,ERP
103254,PROD-103254,De-engineered needs-based open system,Collaboration,Email,HP,3515.96,2388.33,Active,2022-03-13,2026-06-18,ERP
103255,PROD-103255,Synergistic solution-oriented challenge,Hardware,Laptop,Lenovo,2335.54,2215.83,Active,2022-08-28,2026-02-22,ERP
103256,PROD-103256,Reverse-engineered optimal project,Software,Analytics,Dell,2242.11,1669.46,Active,2025-02-28,2026-01-06,ERP
103257,PROD-103257,Face-to-face mission-critical adapter,Software,Database,Citrix,3131.61,3678.49,Active,2022-03-10,2025-09-15,ERP
103258,PROD-103258,Profound uniform groupware,Storage,Backup,Lenovo,3101.52,2165.15,Active,2024-08-01,2024-11-30,ERP
103259,PROD-103259,Multi-layered tangible matrix,Networking,Wireless,Adobe,1592.5,2039.22,Active,2024-08-06,2024-09-01,ERP
103260,PROD-103260,Customer-focused background capability,Security,Identity,Citrix,1734.41,1063.35,Active,2026-07-02,2025-08-30,ERP
103261,PROD-103261,Front-line dedicated circuit,Services,Consulting,Dell,664.38,560.7,Active,2024-07-02,2024-11-14,ERP
103262,PROD-103262,Polarized transitional system engine,Cloud,Compute,Adobe,4973.69,1004.43,Active,2024-11-14,2025-02-16,ERP
103263,PROD-103263,Grass-roots regional neural-net,Storage,SAN,Citrix,611.27,1911.06,Active,2021-08-18,2025-01-18,ERP
103264,PROD-103264,Assimilated impactful attitude,Storage,SAN,Cisco,4170.99,2162.82,Active,2025-07-24,2026-06-09,ERP
103265,PROD-103265,Face-to-face 5thgeneration matrices,Storage,NAS,Lenovo,1606.22,1657.89,Active,2025-07-14,2025-06-24,ERP
103266,PROD-103266,Multi-lateral holistic collaboration,Cloud,Compute,VMware,1671.89,2407.99,Active,2025-11-26,2024-11-09,ERP
103267,PROD-103267,Horizontal upward-trending strategy,Storage,Archive,Microsoft,293.3,2386.62,Active,2024-07-16,2025-03-29,ERP
103268,PROD-103268,Reactive next generation hub,Security,Endpoint,VMware,2675.25,2331.95,Active,2022-12-13,2024-10-18,ERP
103269,PROD-103269,Business-focused methodical circuit,Cloud,Compute,VMware,4606.52,3994.59,Active,2024-01-03,2025-07-10,ERP
103270,PROD-103270,Upgradable client-driven extranet,Security,Encryption,Lenovo,2512.64,223.76,Active,2023-12-28,2026-01-16,ERP
103271,PROD-103271,Future-proofed zero administration focus group,Storage,Backup,HP,121.06,3167.25,Active,2024-07-21,2025-04-28,ERP
103272,PROD-103272,Streamlined uniform ability,Security,Threat Protection,Lenovo,4332.63,1972.87,Active,2025-02-23,2024-12-26,ERP
103273,PROD-103273,Organic analyzing core,Collaboration,Voice,Microsoft,2877.49,3135.5,Active,2021-11-10,2026-07-06,ERP
103274,PROD-103274,Open-architected fault-tolerant initiative,Security,Threat Protection,Cisco,1001.82,2038.03,Active,2024-04-09,2025-03-06,ERP
103275,PROD-103275,Upgradable impactful emulation,Hardware,Monitor,HP,1250.46,3134.37,Active,2025-11-19,2026-06-03,ERP
103276,PROD-103276,Organized object-oriented protocol,Security,Encryption,Lenovo,3927.23,3420.8,Active,2025-10-24,2026-06-23,ERP
103277,PROD-103277,Vision-oriented context-sensitive productivity,Cloud,Networking,Citrix,3517.96,240.41,Active,2025-07-24,2025-05-16,ERP
103278,PROD-103278,Centralized explicit extranet,Storage,Backup,Citrix,1183.07,238.45,Active,2021-11-20,2025-05-18,ERP
103279,PROD-103279,Reactive analyzing implementation,Storage,NAS,HP,636.15,629.82,Active,2025-07-23,2025-12-09,ERP
103280,PROD-103280,Team-oriented intangible neural-net,Cloud,Networking,Lenovo,4823.45,1926.5,Active,2024-03-27,2025-07-14,ERP
103281,PROD-103281,Extended modular firmware,Collaboration,Voice,Lenovo,714.97,1281.12,Active,2024-07-19,2025-10-08,ERP
103282,PROD-103282,Integrated upward-trending data-warehouse,Software,Office,Microsoft,563.1,728.09,Active,2022-09-12,2025-08-19,ERP
103283,PROD-103283,Right-sized global website,Software,Operating System,Citrix,4558.06,3410.85,Active,2023-10-12,2026-06-01,ERP
103284,PROD-103284,Persistent object-oriented analyzer,Security,Encryption,Microsoft,80.29,3620.14,Active,2023-01-28,2024-10-16,ERP
103285,PROD-103285,Adaptive user-facing parallelism,Hardware,Laptop,Adobe,2964.61,3928.36,Active,2022-08-07,2024-12-07,ERP
103286,PROD-103286,Optional needs-based ability,Collaboration,Productivity,HP,1019.62,339.55,Active,2023-10-01,2026-04-01,ERP
103287,PROD-103287,Progressive bandwidth-monitored pricing structure,Services,Implementation,Microsoft,4658.38,1110.96,Active,2024-12-15,2025-05-13,ERP
103288,PROD-103288,Optional zero tolerance infrastructure,Cloud,Networking,VMware,4271.07,2563.41,Active,2021-08-22,2025-05-08,ERP
103289,PROD-103289,Customer-focused systemic structure,Storage,SAN,HP,3665.71,3680.1,Active,2025-02-09,2025-06-27,ERP
103290,PROD-103290,Organic web-enabled Graphical User Interface,Hardware,Desktop,VMware,1182.6,3044.9,Active,2024-12-12,2026-01-04,ERP
103291,PROD-103291,Self-enabling attitude-oriented knowledge user,Collaboration,Voice,Cisco,2178.91,2793.33,Active,2023-03-30,2025-01-09,ERP
103292,PROD-103292,Optional secondary complexity,Storage,SAN,Adobe,2792.83,3895.47,Active,2025-06-21,2026-05-09,ERP
103293,PROD-103293,Optional empowering artificial intelligence,Cloud,AI,VMware,4742.54,719.94,Active,2023-06-13,2025-04-17,ERP
103294,PROD-103294,Exclusive methodical groupware,Cloud,Compute,Cisco,2542.14,3517.63,Active,2026-02-13,2025-12-03,ERP
103295,PROD-103295,Secured motivating policy,Services,Training,Microsoft,205.61,3779.68,Active,2025-08-06,2025-03-31,ERP
103296,PROD-103296,Progressive non-volatile orchestration,Security,Threat Protection,Citrix,1461.77,1882.22,Active,2022-10-31,2025-04-23,ERP
103297,PROD-103297,Operative contextually-based complexity,Cloud,Storage,Dell,601.45,3779.25,Active,2023-04-01,2025-11-10,ERP
103298,PROD-103298,Assimilated exuding functionalities,Cloud,Networking,VMware,3860.27,2468.74,Active,2022-10-07,2025-04-04,ERP
103299,PROD-103299,Synchronized explicit support,Collaboration,Email,Adobe,2220.02,3099.88,Active,2022-02-13,2025-07-02,ERP
103300,PROD-103300,Cross-group systemic success,Networking,Switch,VMware,3243.07,2722.11,Active,2026-01-17,2025-09-09,ERP
103301,PROD-103301,Triple-buffered multi-state benchmark,Cloud,Networking,HP,201.99,3473.75,Active,2024-01-24,2025-08-26,ERP
103302,PROD-103302,Polarized even-keeled standardization,Storage,NAS,Dell,4493.81,1430.68,Active,2025-07-23,2026-04-12,ERP
103303,PROD-103303,Stand-alone zero tolerance emulation,Hardware,Laptop,Dell,3053.37,1563.42,Active,2025-01-23,2026-01-27,ERP
103304,PROD-103304,Self-enabling zero-defect extranet,Networking,Router,VMware,1678.31,2550.48,Active,2026-02-02,2025-12-03,ERP
103305,PROD-103305,Customer-focused homogeneous contingency,Hardware,Monitor,Cisco,1658.75,2192.64,Active,2024-02-02,2026-05-11,ERP
103306,PROD-103306,Open-source static info-mediaries,Cloud,AI,Cisco,1688.57,937.34,Active,2023-10-21,2026-01-30,ERP
103307,PROD-103307,Multi-tiered impactful moderator,Security,Identity,Microsoft,4296.3,3456.31,Active,2023-09-01,2025-04-05,ERP
103308,PROD-103308,Profit-focused tangible superstructure,Software,Operating System,Lenovo,2230.68,2033.0,Active,2022-03-09,2025-12-21,ERP
103309,PROD-103309,Synergized 3rdgeneration moratorium,Software,Office,Citrix,4945.05,1133.45,Active,2026-01-31,2025-03-10,ERP
103310,PROD-103310,Grass-roots context-sensitive framework,Security,Threat Protection,VMware,1346.34,237.61,Active,2026-03-08,2025-09-14,ERP
103311,PROD-103311,Front-line client-driven strategy,Networking,Firewall,Dell,2401.8,2487.68,Active,2023-09-16,2024-08-09,ERP
103312,PROD-103312,Grass-roots mission-critical model,Collaboration,Email,Microsoft,3226.85,2612.37,Active,2026-02-02,2025-11-12,ERP
103313,PROD-103313,Multi-layered didactic archive,Services,Support,Dell,778.06,1839.56,Active,2026-06-22,2025-04-10,ERP
103314,PROD-103314,Team-oriented bandwidth-monitored model,Security,Encryption,Lenovo,4941.45,2122.58,Active,2023-05-08,2024-10-10,ERP
103315,PROD-103315,Optimized 24/7 software,Cloud,Compute,VMware,4966.38,1275.15,Active,2022-06-19,2026-06-26,ERP
103316,PROD-103316,Triple-buffered web-enabled challenge,Cloud,Networking,Dell,1407.49,1811.42,Active,2022-02-21,2025-03-01,ERP
103317,PROD-103317,Enhanced impactful archive,Cloud,AI,Lenovo,1201.13,3245.64,Active,2023-11-24,2026-01-09,ERP
103318,PROD-103318,Open-source hybrid approach,Storage,Backup,HP,1375.61,3620.62,Active,2021-11-14,2026-07-28,ERP
103319,PROD-103319,Integrated homogeneous budgetary management,Networking,Wireless,HP,2631.24,972.11,Active,2025-01-29,2026-01-25,ERP
103320,PROD-103320,Robust multi-tasking conglomeration,Software,Database,Dell,4927.39,2646.64,Active,2022-10-06,2025-03-10,ERP
103321,PROD-103321,Programmable real-time conglomeration,Collaboration,Email,Lenovo,4603.76,649.54,Active,2025-10-14,2025-09-03,ERP
103322,PROD-103322,Innovative hybrid moderator,Networking,Switch,Microsoft,3572.87,2239.26,Active,2022-12-31,2024-12-15,ERP
103323,PROD-103323,Inverse encompassing flexibility,Networking,Switch,HP,649.58,3269.45,Active,2022-03-12,2025-12-31,ERP
103324,PROD-103324,Total client-server intranet,Hardware,Desktop,Cisco,919.86,33.4,Active,2025-09-06,2026-06-01,ERP
103325,PROD-103325,Balanced clear-thinking task-force,Software,Office,Adobe,2198.15,480.59,Active,2023-03-12,2025-06-20,ERP
103326,PROD-103326,Open-architected high-level hardware,Hardware,Monitor,Lenovo,652.43,2202.27,Active,2022-01-21,2024-08-17,ERP
103327,PROD-103327,Function-based mobile support,Security,Endpoint,Citrix,1949.39,394.44,Active,2026-01-19,2025-07-31,ERP
103328,PROD-103328,Triple-buffered uniform solution,Hardware,Desktop,VMware,4646.35,2608.26,Active,2024-11-19,2025-05-18,ERP
103329,PROD-103329,Business-focused actuating methodology,Software,Operating System,Adobe,1418.0,3137.58,Active,2025-11-21,2025-08-07,ERP
103330,PROD-103330,Fully-configurable secondary interface,Cloud,Storage,Citrix,1581.18,3468.76,Active,2025-10-29,2026-01-20,ERP
103331,PROD-103331,Compatible homogeneous software,Services,Consulting,Microsoft,68.07,2940.01,Active,2023-01-13,2026-04-11,ERP
103332,PROD-103332,Compatible intangible encoding,Hardware,Monitor,Lenovo,4584.2,38.95,Active,2024-03-02,2025-10-26,ERP
103333,PROD-103333,Customer-focused holistic knowledge user,Security,Threat Protection,Lenovo,2215.8,321.27,Active,2024-07-03,2025-10-01,ERP
103334,PROD-103334,Synergized intermediate definition,Hardware,Laptop,Lenovo,2192.61,3590.12,Active,2024-12-05,2025-11-08,ERP
103335,PROD-103335,Profound logistical structure,Storage,Archive,VMware,505.54,76.84,Active,2023-10-15,2024-12-17,ERP
103336,PROD-103336,Front-line hybrid model,Storage,Backup,VMware,4344.14,2843.11,Active,2025-09-01,2025-05-21,ERP
103337,PROD-103337,Business-focused regional core,Networking,Firewall,Microsoft,4048.43,2178.07,Active,2021-10-13,2025-03-24,ERP
103338,PROD-103338,Object-based 3rdgeneration concept,Software,Office,VMware,3873.51,1891.0,Active,2023-04-01,2026-01-08,ERP
103339,PROD-103339,Phased static strategy,Hardware,Server,Cisco,2177.99,2204.23,Active,2023-03-25,2026-03-26,ERP
103340,PROD-103340,Re-engineered heuristic hierarchy,Security,Endpoint,Lenovo,2694.76,2280.69,Active,2025-07-28,2025-07-05,ERP
103341,PROD-103341,Synchronized demand-driven capability,Storage,NAS,Lenovo,3054.32,3145.02,Active,2024-11-19,2025-11-08,ERP
103342,PROD-103342,Decentralized empowering focus group,Networking,Wireless,Dell,2388.77,3980.15,Active,2024-05-09,2026-07-31,ERP
103343,PROD-103343,Managed background groupware,Collaboration,Email,Citrix,201.64,3216.33,Active,2025-10-12,2025-12-21,ERP
103344,PROD-103344,User-friendly solution-oriented analyzer,Storage,NAS,Citrix,2294.99,333.2,Active,2023-06-25,2025-10-23,ERP
103345,PROD-103345,Down-sized non-volatile pricing structure,Collaboration,Productivity,Microsoft,3481.41,966.07,Active,2023-11-07,2026-03-31,ERP
103346,PROD-103346,Re-engineered fault-tolerant strategy,Hardware,Laptop,HP,2186.48,2813.63,Active,2024-01-22,2025-03-01,ERP
103347,PROD-103347,Integrated context-sensitive customer loyalty,Services,Implementation,HP,1931.7,1228.33,Active,2024-12-15,2024-12-29,ERP
103348,PROD-103348,Multi-channeled object-oriented encryption,Software,Operating System,Citrix,4675.9,3764.46,Active,2025-10-30,2026-07-15,ERP
103349,PROD-103349,Proactive impactful system engine,Collaboration,Voice,Citrix,2576.96,3886.77,Active,2024-11-30,2025-12-27,ERP
103350,PROD-103350,Function-based non-volatile hierarchy,Software,Office,Adobe,2311.74,2831.61,Active,2023-02-18,2026-01-27,ERP
103351,PROD-103351,Multi-tiered solution-oriented Graphic Interface,Cloud,Networking,VMware,1956.23,759.89,Active,2024-04-18,2024-11-02,ERP
103352,PROD-103352,Synergistic didactic application,Software,Operating System,HP,1437.64,2443.99,Active,2023-06-06,2026-05-19,ERP
103353,PROD-103353,Balanced mobile protocol,Storage,NAS,Lenovo,1368.04,671.81,Active,2024-12-12,2025-07-30,ERP
103354,PROD-103354,Focused executive time-frame,Collaboration,Voice,Dell,2273.93,3249.37,Active,2026-06-19,2026-05-03,ERP
103355,PROD-103355,Pre-emptive user-facing firmware,Security,Threat Protection,VMware,4585.43,443.31,Active,2024-11-09,2024-11-22,ERP
103356,PROD-103356,Operative incremental model,Services,Training,Citrix,2456.23,3344.16,Active,2024-05-11,2025-05-06,ERP
103357,PROD-103357,Upgradable interactive website,Services,Implementation,HP,64.29,2322.46,Active,2024-03-05,2026-01-03,ERP
103358,PROD-103358,Ameliorated hybrid pricing structure,Cloud,AI,Adobe,4161.0,2848.47,Active,2024-12-20,2026-06-21,ERP
103359,PROD-103359,Self-enabling hybrid framework,Hardware,Laptop,Dell,3178.99,897.74,Active,2022-10-28,2025-01-18,ERP
103360,PROD-103360,Open-architected national paradigm,Services,Implementation,VMware,4755.66,1850.95,Active,2022-07-24,2024-08-09,ERP
103361,PROD-103361,Down-sized logistical paradigm,Networking,Switch,VMware,4245.71,1893.26,Active,2021-09-30,2025-05-12,ERP
103362,PROD-103362,Up-sized reciprocal matrices,Cloud,Storage,Citrix,4442.75,3544.78,Active,2022-06-24,2026-01-25,ERP
103363,PROD-103363,Programmable executive infrastructure,Security,Identity,Microsoft,490.35,2092.68,Active,2024-08-16,2024-10-22,ERP
103364,PROD-103364,Cloned 24hour toolset,Cloud,Storage,VMware,3599.53,980.47,Active,2023-02-05,2025-04-21,ERP
103365,PROD-103365,Operative dedicated architecture,Cloud,Networking,Dell,1977.96,3737.49,Active,2022-06-21,2026-04-27,ERP
103366,PROD-103366,Centralized multi-state methodology,Services,Consulting,Adobe,376.26,3150.55,Active,2022-03-26,2025-04-09,ERP
103367,PROD-103367,Multi-channeled dynamic focus group,Hardware,Laptop,Dell,2893.09,3899.53,Active,2022-04-21,2024-08-28,ERP
103368,PROD-103368,Monitored disintermediate algorithm,Cloud,Networking,Dell,4906.22,2636.33,Active,2022-02-22,2026-06-09,ERP
103369,PROD-103369,Multi-channeled analyzing extranet,Services,Support,Lenovo,450.31,3523.44,Active,2025-10-29,2025-10-19,ERP
103370,PROD-103370,Self-enabling modular superstructure,Services,Support,Adobe,313.54,2288.81,Active,2023-08-06,2026-05-04,ERP
103371,PROD-103371,Multi-layered national database,Networking,Router,Microsoft,2338.76,3243.41,Active,2022-02-02,2025-01-25,ERP
103372,PROD-103372,Assimilated heuristic parallelism,Services,Consulting,Microsoft,4787.06,1044.29,Active,2025-11-30,2025-06-23,ERP
103373,PROD-103373,Synergistic context-sensitive knowledgebase,Software,Analytics,Citrix,3510.68,927.34,Active,2024-01-01,2024-10-27,ERP
103374,PROD-103374,Automated 24/7 concept,Cloud,Networking,Lenovo,2985.84,2303.01,Active,2023-04-18,2024-08-11,ERP
103375,PROD-103375,Re-contextualized empowering strategy,Storage,Backup,HP,2996.13,1134.14,Active,2024-08-25,2025-07-07,ERP
103376,PROD-103376,Up-sized non-volatile hub,Collaboration,Email,Lenovo,4189.85,375.16,Active,2024-04-14,2025-10-19,ERP
103377,PROD-103377,Customer-focused tangible website,Cloud,Networking,Cisco,4033.63,3248.47,Active,2025-12-02,2025-05-26,ERP
103378,PROD-103378,Synergistic solution-oriented workforce,Software,Database,Dell,225.83,1345.85,Active,2022-01-29,2025-10-26,ERP
103379,PROD-103379,Enhanced static neural-net,Cloud,AI,Lenovo,1147.81,753.12,Active,2022-01-31,2026-06-03,ERP
103380,PROD-103380,Triple-buffered fresh-thinking conglomeration,Collaboration,Voice,Cisco,4855.56,3140.09,Active,2025-03-05,2025-03-14,ERP
103381,PROD-103381,Future-proofed full-range middleware,Services,Implementation,VMware,2643.89,3528.2,Active,2024-05-28,2025-06-02,ERP
103382,PROD-103382,Realigned high-level middleware,Networking,Firewall,HP,2132.35,265.39,Active,2025-07-04,2025-12-07,ERP
103383,PROD-103383,De-engineered clear-thinking open system,Security,Encryption,Microsoft,3739.39,1805.02,Active,2021-10-10,2024-10-21,ERP
103384,PROD-103384,Re-engineered attitude-oriented strategy,Networking,Firewall,VMware,4658.2,2025.93,Active,2023-12-06,2026-04-10,ERP
103385,PROD-103385,Synergized clear-thinking alliance,Security,Endpoint,Citrix,4011.0,1545.93,Active,2025-02-15,2026-04-20,ERP
103386,PROD-103386,Robust composite frame,Security,Encryption,HP,2723.95,1340.12,Active,2022-12-30,2024-10-26,ERP
103387,PROD-103387,Cloned bottom-line project,Hardware,Monitor,Adobe,4638.71,2826.13,Active,2026-06-21,2026-06-18,ERP
103388,PROD-103388,Total bifurcated definition,Storage,Backup,Adobe,3118.38,1425.95,Active,2026-04-01,2024-08-12,ERP
103389,PROD-103389,Open-architected reciprocal functionalities,Services,Implementation,HP,1069.65,751.52,Active,2021-10-15,2024-10-16,ERP
103390,PROD-103390,Reduced 5thgeneration encryption,Hardware,Laptop,Citrix,4516.45,1315.1,Active,2021-09-07,2025-09-17,ERP
103391,PROD-103391,Customer-focused 5thgeneration product,Hardware,Monitor,VMware,3666.57,2672.68,Active,2022-10-26,2025-01-06,ERP
103392,PROD-103392,Reduced client-server system engine,Software,Database,Dell,4757.66,3987.21,Active,2025-03-13,2026-06-14,ERP
103393,PROD-103393,Reactive directional process improvement,Collaboration,Productivity,Dell,3025.08,2754.55,Active,2026-03-29,2026-07-11,ERP
103394,PROD-103394,Customizable 24hour concept,Cloud,AI,VMware,3535.59,1794.61,Active,2023-05-12,2026-01-18,ERP
103395,PROD-103395,Re-contextualized fault-tolerant complexity,Storage,SAN,HP,882.54,119.58,Active,2022-11-13,2025-01-24,ERP
103396,PROD-103396,Future-proofed optimizing matrices,Services,Support,Citrix,4096.98,3730.37,Active,2023-09-03,2024-10-27,ERP
103397,PROD-103397,Vision-oriented high-level encoding,Software,Database,Microsoft,4470.2,2675.77,Active,2021-09-21,2026-06-11,ERP
103398,PROD-103398,Multi-layered upward-trending secured line,Cloud,Networking,Citrix,3935.42,3602.89,Active,2022-06-06,2025-03-25,ERP
103399,PROD-103399,Sharable optimal neural-net,Services,Consulting,Microsoft,831.65,1685.28,Active,2024-03-03,2026-03-18,ERP
103400,PROD-103400,Enhanced 5thgeneration emulation,Hardware,Laptop,Citrix,599.42,878.03,Active,2021-12-17,2024-08-18,ERP
103401,PROD-103401,Switchable optimizing utilization,Cloud,AI,VMware,2228.77,3565.12,Active,2024-01-26,2025-05-23,ERP
103402,PROD-103402,Polarized static system engine,Services,Consulting,Adobe,1448.47,3824.55,Active,2026-02-11,2025-07-22,ERP
103403,PROD-103403,Horizontal next generation product,Collaboration,Email,Adobe,3535.71,3381.99,Active,2022-02-17,2025-09-19,ERP
103404,PROD-103404,Fully-configurable object-oriented success,Collaboration,Email,Citrix,3556.07,2369.8,Active,2024-04-26,2025-06-14,ERP
103405,PROD-103405,Cross-platform interactive structure,Services,Consulting,Cisco,3348.81,3321.2,Active,2023-11-29,2025-07-26,ERP
103406,PROD-103406,Expanded interactive structure,Hardware,Laptop,Lenovo,1474.84,2718.22,Active,2024-11-26,2024-11-30,ERP
103407,PROD-103407,Proactive attitude-oriented concept,Networking,Firewall,Microsoft,1056.15,3591.62,Active,2025-09-06,2026-01-30,ERP
103408,PROD-103408,Business-focused responsive emulation,Software,Operating System,VMware,1773.64,3752.31,Active,2023-12-03,2024-11-28,ERP
103409,PROD-103409,Customer-focused client-driven benchmark,Networking,Wireless,Microsoft,2557.09,2802.45,Active,2021-08-23,2025-01-15,ERP
103410,PROD-103410,Customer-focused 5thgeneration initiative,Security,Identity,Dell,2736.67,2516.77,Active,2025-08-23,2026-01-28,ERP
103411,PROD-103411,Mandatory dynamic monitoring,Software,Database,Citrix,4408.48,2475.98,Active,2023-10-20,2025-06-18,ERP
103412,PROD-103412,Configurable client-server solution,Cloud,AI,Citrix,3811.83,993.43,Active,2022-06-11,2024-08-09,ERP
103413,PROD-103413,Open-source context-sensitive conglomeration,Services,Training,HP,276.24,1566.99,Active,2026-03-27,2026-04-13,ERP
103414,PROD-103414,Object-based human-resource methodology,Hardware,Laptop,Lenovo,4820.58,2288.34,Active,2023-09-16,2025-08-26,ERP
103415,PROD-103415,Public-key context-sensitive challenge,Hardware,Laptop,Lenovo,2877.41,3773.05,Active,2026-01-30,2024-12-06,ERP
103416,PROD-103416,Customer-focused client-driven function,Hardware,Laptop,Lenovo,3599.79,1923.07,Active,2022-09-22,2024-10-12,ERP
103417,PROD-103417,Networked local intranet,Hardware,Desktop,Adobe,2529.72,2785.19,Active,2022-03-08,2026-07-08,ERP
103418,PROD-103418,Centralized homogeneous intranet,Cloud,Storage,Cisco,2872.87,1173.68,Active,2024-11-25,2026-05-25,ERP
103419,PROD-103419,Enterprise-wide bottom-line portal,Services,Support,Microsoft,63.76,1975.84,Active,2024-04-20,2026-06-24,ERP
103420,PROD-103420,Total needs-based contingency,Storage,NAS,Citrix,1674.05,891.42,Active,2021-10-18,2026-01-10,ERP
103421,PROD-103421,Triple-buffered value-added help-desk,Services,Consulting,Dell,2491.49,3941.84,Active,2026-06-02,2024-09-10,ERP
103422,PROD-103422,Enhanced 3rdgeneration support,Services,Training,HP,4499.28,754.99,Active,2025-04-07,2025-03-30,ERP
103423,PROD-103423,Focused 5thgeneration ability,Software,Office,VMware,959.66,268.06,Active,2024-10-20,2025-10-15,ERP
103424,PROD-103424,Reactive exuding conglomeration,Cloud,Storage,Cisco,3956.92,1248.17,Active,2024-03-21,2025-12-16,ERP
103425,PROD-103425,Managed background algorithm,Software,Operating System,Microsoft,3699.28,151.99,Active,2022-10-30,2025-07-31,ERP
103426,PROD-103426,Phased transitional model,Hardware,Monitor,Microsoft,1813.04,47.33,Active,2026-06-08,2025-10-31,ERP
103427,PROD-103427,Total zero administration benchmark,Storage,Backup,Cisco,119.03,3548.43,Active,2021-10-07,2025-05-20,ERP
103428,PROD-103428,De-engineered homogeneous neural-net,Software,Operating System,Lenovo,1993.28,899.28,Active,2023-10-27,2024-12-10,ERP
103429,PROD-103429,Re-engineered 5thgeneration artificial intelligence,Cloud,Compute,VMware,4487.1,1354.68,Active,2025-01-06,2024-12-15,ERP
103430,PROD-103430,Open-architected web-enabled Internet solution,Collaboration,Voice,Adobe,1650.22,2273.23,Active,2022-05-20,2026-04-11,ERP
103431,PROD-103431,User-centric mission-critical pricing structure,Cloud,Compute,HP,2987.42,2384.55,Active,2023-04-30,2025-11-06,ERP
103432,PROD-103432,Synergized multimedia core,Storage,Backup,HP,2006.44,943.01,Active,2022-06-29,2026-04-04,ERP
103433,PROD-103433,Team-oriented zero administration artificial intelligence,Networking,Wireless,HP,3996.83,3541.86,Active,2025-12-05,2024-12-21,ERP
103434,PROD-103434,User-friendly client-server approach,Cloud,Networking,Citrix,1800.93,766.49,Active,2023-08-16,2026-06-11,ERP
103435,PROD-103435,Re-contextualized upward-trending encryption,Security,Encryption,Adobe,4455.14,2787.24,Active,2023-03-21,2026-07-05,ERP
103436,PROD-103436,Face-to-face intangible structure,Cloud,Compute,Adobe,616.95,3209.58,Active,2024-03-11,2024-12-27,ERP
103437,PROD-103437,Sharable directional help-desk,Cloud,Storage,Microsoft,945.62,1740.01,Active,2026-02-20,2024-10-14,ERP
103438,PROD-103438,Inverse tertiary support,Cloud,Compute,HP,384.25,3629.94,Active,2022-04-04,2025-12-02,ERP
103439,PROD-103439,Object-based directional hub,Software,Office,Microsoft,3447.66,2273.03,Active,2021-09-12,2025-04-28,ERP
103440,PROD-103440,Re-engineered didactic parallelism,Storage,SAN,Dell,2540.51,865.46,Active,2025-01-09,2025-12-07,ERP
103441,PROD-103441,Cloned zero-defect paradigm,Services,Training,Dell,3665.13,3525.88,Active,2026-01-21,2025-10-03,ERP
103442,PROD-103442,Self-enabling contextually-based intranet,Collaboration,Productivity,HP,3534.69,399.43,Active,2026-01-14,2026-04-13,ERP
103443,PROD-103443,Self-enabling motivating knowledge user,Hardware,Laptop,Citrix,4589.98,1928.03,Active,2026-01-04,2025-06-20,ERP
103444,PROD-103444,Secured multi-tasking task-force,Networking,Router,Lenovo,3062.85,639.43,Active,2025-01-03,2024-08-06,ERP
103445,PROD-103445,Profit-focused asymmetric challenge,Collaboration,Meetings,VMware,1691.91,3531.22,Active,2022-12-08,2024-12-02,ERP
103446,PROD-103446,Exclusive intermediate framework,Hardware,Laptop,HP,882.2,3022.12,Active,2024-05-20,2024-11-01,ERP
103447,PROD-103447,User-centric asynchronous complexity,Cloud,Compute,Microsoft,929.28,874.66,Active,2026-06-15,2026-07-02,ERP
103448,PROD-103448,Proactive contextually-based open system,Security,Endpoint,Cisco,719.59,3783.42,Active,2026-02-10,2024-10-14,ERP
103449,PROD-103449,Face-to-face directional secured line,Hardware,Server,Dell,1423.25,1961.92,Active,2023-07-30,2025-09-02,ERP
103450,PROD-103450,Automated non-volatile time-frame,Security,Endpoint,HP,4626.55,3444.51,Active,2025-06-11,2024-10-13,ERP
103451,PROD-103451,Expanded client-server archive,Software,Operating System,Lenovo,4870.99,3827.32,Active,2024-08-09,2025-01-07,ERP
103452,PROD-103452,Virtual dedicated attitude,Networking,Router,HP,3691.81,2945.78,Active,2021-12-14,2025-08-19,ERP
103453,PROD-103453,Centralized multi-tasking extranet,Cloud,Compute,Cisco,4894.44,1126.07,Active,2025-04-27,2026-02-15,ERP
103454,PROD-103454,Business-focused interactive contingency,Cloud,Storage,HP,696.39,1769.65,Active,2023-07-12,2025-08-21,ERP
103455,PROD-103455,Balanced 4thgeneration info-mediaries,Services,Support,Dell,1256.31,2878.46,Active,2026-02-10,2024-11-15,ERP
103456,PROD-103456,Intuitive content-based methodology,Hardware,Desktop,Dell,2118.75,3548.19,Active,2023-09-09,2024-12-18,ERP
103457,PROD-103457,Cross-group grid-enabled implementation,Storage,Backup,Lenovo,1025.36,2736.67,Active,2023-05-23,2025-09-22,ERP
103458,PROD-103458,Assimilated national open system,Hardware,Server,Cisco,4677.77,1773.88,Active,2023-12-07,2026-07-18,ERP
103459,PROD-103459,Stand-alone logistical functionalities,Collaboration,Voice,Lenovo,4520.31,406.42,Active,2022-05-21,2024-08-24,ERP
103460,PROD-103460,Expanded bifurcated Graphical User Interface,Networking,Switch,Dell,3434.75,2615.75,Active,2023-10-25,2025-07-19,ERP
103461,PROD-103461,Versatile asynchronous analyzer,Software,Office,Dell,2374.9,1528.03,Active,2025-08-09,2024-10-23,ERP
103462,PROD-103462,Open-architected impactful application,Hardware,Desktop,Cisco,640.69,3146.0,Active,2025-08-23,2025-08-16,ERP
103463,PROD-103463,Monitored asynchronous synergy,Security,Endpoint,VMware,381.06,1563.72,Active,2022-02-20,2024-10-08,ERP
103464,PROD-103464,Phased global hub,Cloud,Storage,Dell,4017.22,832.02,Active,2024-07-03,2025-05-28,ERP
103465,PROD-103465,Ameliorated content-based utilization,Software,Office,Adobe,119.26,247.11,Active,2024-10-22,2024-12-05,ERP
103466,PROD-103466,Enhanced impactful hardware,Storage,Backup,Lenovo,4215.1,3631.96,Active,2022-11-04,2024-10-04,ERP
103467,PROD-103467,Public-key web-enabled product,Collaboration,Email,Lenovo,1207.65,1591.15,Active,2024-02-05,2025-05-05,ERP
103468,PROD-103468,Robust reciprocal paradigm,Cloud,Compute,Lenovo,1842.15,265.27,Active,2024-03-20,2025-11-15,ERP
103469,PROD-103469,Synergistic bifurcated software,Security,Threat Protection,VMware,3297.33,1777.88,Active,2022-10-25,2025-06-06,ERP
103470,PROD-103470,Virtual modular challenge,Storage,Archive,Cisco,3440.05,2428.52,Active,2026-05-30,2026-04-05,ERP
103471,PROD-103471,Distributed web-enabled hierarchy,Networking,Switch,Lenovo,1751.76,1226.65,Active,2025-05-30,2025-09-29,ERP
103472,PROD-103472,Open-architected mobile implementation,Storage,NAS,Adobe,989.38,3389.87,Active,2026-07-21,2026-02-08,ERP
103473,PROD-103473,Re-contextualized bi-directional framework,Storage,NAS,Lenovo,4416.22,491.95,Active,2025-02-12,2026-01-29,ERP
103474,PROD-103474,Visionary user-facing algorithm,Security,Endpoint,VMware,1121.39,1658.47,Active,2023-09-30,2026-03-31,ERP
103475,PROD-103475,Seamless bandwidth-monitored strategy,Cloud,AI,Citrix,1369.45,626.44,Active,2023-07-03,2025-08-12,ERP
103476,PROD-103476,Ameliorated global protocol,Hardware,Monitor,Dell,3712.53,3722.96,Active,2023-01-21,2026-04-15,ERP
103477,PROD-103477,Compatible 24hour customer loyalty,Cloud,Storage,VMware,4541.83,2852.08,Active,2023-01-20,2024-11-12,ERP
103478,PROD-103478,Ameliorated secondary open system,Storage,Backup,Cisco,1045.02,1371.87,Active,2026-02-15,2026-06-13,ERP
103479,PROD-103479,Compatible methodical monitoring,Networking,Switch,VMware,4738.81,3897.08,Active,2025-05-30,2024-09-28,ERP
103480,PROD-103480,Ameliorated zero administration challenge,Cloud,AI,Microsoft,1855.12,962.5,Active,2025-10-18,2024-08-30,ERP
103481,PROD-103481,De-engineered methodical system engine,Networking,Firewall,Cisco,4749.35,163.07,Active,2026-04-08,2025-07-16,ERP
103482,PROD-103482,Reactive 5thgeneration parallelism,Networking,Router,Dell,3546.71,1479.23,Active,2025-08-23,2026-05-03,ERP
103483,PROD-103483,Switchable holistic help-desk,Collaboration,Productivity,Microsoft,1900.62,2882.1,Active,2026-02-26,2025-08-11,ERP
103484,PROD-103484,Multi-channeled radical solution,Services,Implementation,Lenovo,4584.88,2265.77,Active,2021-10-13,2026-05-26,ERP
103485,PROD-103485,Digitized interactive policy,Security,Encryption,Citrix,3990.53,1620.47,Active,2025-12-07,2026-07-24,ERP
103486,PROD-103486,Phased radical info-mediaries,Security,Threat Protection,Cisco,1834.44,978.72,Active,2025-11-04,2026-04-06,ERP
103487,PROD-103487,Vision-oriented hybrid customer loyalty,Services,Implementation,VMware,1995.49,3726.49,Active,2022-07-12,2025-04-02,ERP
103488,PROD-103488,Robust next generation solution,Storage,SAN,Lenovo,1082.68,1139.42,Active,2025-09-19,2024-08-31,ERP
103489,PROD-103489,Managed user-facing info-mediaries,Software,Database,Citrix,1463.48,112.95,Active,2023-12-24,2025-04-10,ERP
103490,PROD-103490,Integrated mission-critical info-mediaries,Hardware,Server,VMware,2564.83,3263.69,Active,2021-09-07,2026-02-19,ERP
103491,PROD-103491,Open-architected static capability,Cloud,Networking,HP,1649.33,3761.31,Active,2026-05-27,2024-11-29,ERP
103492,PROD-103492,Distributed responsive hardware,Storage,Archive,VMware,4228.99,747.35,Active,2022-04-16,2025-12-14,ERP
103493,PROD-103493,Face-to-face didactic contingency,Networking,Router,Adobe,4357.07,1122.83,Active,2025-01-20,2025-11-13,ERP
103494,PROD-103494,Diverse logistical hardware,Networking,Firewall,Dell,1365.19,1554.6,Active,2023-02-14,2026-03-11,ERP
103495,PROD-103495,Virtual user-facing flexibility,Security,Identity,VMware,3270.79,2344.5,Active,2024-11-23,2026-07-28,ERP
103496,PROD-103496,Implemented object-oriented orchestration,Networking,Switch,Lenovo,4092.06,1221.46,Active,2021-08-26,2025-04-23,ERP
103497,PROD-103497,User-friendly bifurcated throughput,Services,Training,Cisco,3606.05,246.95,Active,2021-09-20,2025-10-28,ERP
103498,PROD-103498,Quality-focused motivating open architecture,Storage,NAS,Adobe,1168.73,3845.18,Active,2023-07-04,2026-05-02,ERP
103499,PROD-103499,Future-proofed encompassing website,Hardware,Laptop,Dell,2503.63,2135.05,Active,2023-05-14,2025-06-10,ERP
103500,PROD-103500,Multi-channeled homogeneous encryption,Services,Support,HP,4663.01,340.62,Active,2025-03-01,2025-05-10,ERP
103501,PROD-103501,Seamless 24hour functionalities,Collaboration,Email,VMware,1625.76,856.23,Active,2022-02-21,2025-01-29,ERP
103502,PROD-103502,Organized user-facing interface,Security,Endpoint,Lenovo,4451.44,2034.31,Active,2025-04-05,2026-02-01,ERP
103503,PROD-103503,Multi-tiered grid-enabled groupware,Collaboration,Voice,VMware,4228.5,2610.69,Active,2022-03-22,2026-06-12,ERP
103504,PROD-103504,Reduced eco-centric firmware,Collaboration,Email,Dell,2511.24,2580.19,Active,2025-09-23,2025-10-23,ERP
103505,PROD-103505,Team-oriented multimedia knowledge user,Cloud,Compute,Lenovo,3993.33,3504.37,Active,2022-04-02,2025-08-22,ERP
103506,PROD-103506,Multi-tiered explicit access,Cloud,Storage,Adobe,2340.86,549.93,Active,2025-04-04,2025-09-07,ERP
103507,PROD-103507,Front-line high-level framework,Storage,Archive,Citrix,2063.35,800.04,Active,2021-11-09,2025-06-24,ERP
103508,PROD-103508,Synergistic scalable neural-net,Hardware,Laptop,VMware,4559.58,2591.68,Active,2022-03-09,2025-04-18,ERP
103509,PROD-103509,Phased leadingedge emulation,Hardware,Server,HP,4077.67,3731.41,Active,2021-09-29,2025-12-26,ERP
103510,PROD-103510,Reverse-engineered high-level utilization,Software,Operating System,Citrix,1661.14,2088.6,Active,2025-03-22,2026-02-18,ERP
103511,PROD-103511,Organic directional model,Hardware,Laptop,Microsoft,4607.84,1948.28,Active,2025-07-16,2026-02-15,ERP
103512,PROD-103512,Polarized grid-enabled help-desk,Cloud,Storage,Dell,1580.48,1296.16,Active,2023-04-03,2026-07-06,ERP
103513,PROD-103513,Customizable maximized flexibility,Networking,Router,Lenovo,181.03,1221.97,Active,2024-07-27,2024-10-25,ERP
103514,PROD-103514,Sharable transitional service-desk,Software,Database,Lenovo,2668.98,2519.5,Active,2023-01-03,2026-02-14,ERP
103515,PROD-103515,Progressive analyzing infrastructure,Software,Office,HP,4546.74,813.88,Active,2026-05-20,2026-07-18,ERP
103516,PROD-103516,Pre-emptive content-based archive,Networking,Wireless,Citrix,1787.77,637.84,Active,2025-10-05,2025-02-03,ERP
103517,PROD-103517,Public-key user-facing firmware,Storage,NAS,Microsoft,3024.62,766.29,Active,2022-08-30,2025-01-27,ERP
103518,PROD-103518,Optional attitude-oriented circuit,Collaboration,Meetings,Citrix,682.71,1509.78,Active,2023-03-09,2025-11-26,ERP
103519,PROD-103519,Exclusive bi-directional portal,Services,Support,Cisco,784.38,624.34,Active,2025-07-08,2026-02-08,ERP
103520,PROD-103520,Object-based bottom-line toolset,Collaboration,Meetings,Cisco,4473.43,2423.47,Active,2022-11-13,2025-08-27,ERP
103521,PROD-103521,Team-oriented bandwidth-monitored hierarchy,Cloud,Compute,VMware,1849.77,1907.88,Active,2023-03-10,2024-12-19,ERP
103522,PROD-103522,Persistent motivating focus group,Networking,Firewall,Cisco,689.55,1707.33,Active,2024-10-01,2025-04-11,ERP
103523,PROD-103523,Upgradable bifurcated knowledge user,Software,Analytics,Microsoft,2374.24,389.26,Active,2022-12-01,2025-10-20,ERP
103524,PROD-103524,Balanced zero tolerance function,Hardware,Monitor,Microsoft,2581.68,1571.63,Active,2022-10-16,2025-01-02,ERP
103525,PROD-103525,Compatible needs-based array,Collaboration,Email,HP,4157.34,819.62,Active,2023-11-15,2024-09-01,ERP
103526,PROD-103526,Profit-focused content-based task-force,Hardware,Laptop,Microsoft,2482.39,644.98,Active,2025-05-26,2026-04-10,ERP
103527,PROD-103527,Integrated demand-driven product,Software,Analytics,Cisco,4470.09,2244.15,Active,2026-04-26,2025-06-30,ERP
103528,PROD-103528,Balanced well-modulated core,Cloud,Compute,Adobe,3347.79,3371.21,Active,2025-08-31,2025-03-15,ERP
103529,PROD-103529,Assimilated heuristic moderator,Storage,Backup,VMware,3907.79,1926.94,Active,2022-09-12,2025-09-02,ERP
103530,PROD-103530,Open-source user-facing artificial intelligence,Services,Implementation,VMware,698.57,859.04,Active,2023-11-04,2024-12-18,ERP
103531,PROD-103531,Synergistic logistical open system,Networking,Switch,HP,4763.81,3680.58,Active,2022-10-14,2026-02-23,ERP
103532,PROD-103532,Customer-focused bandwidth-monitored firmware,Hardware,Laptop,VMware,1306.09,637.03,Active,2025-08-14,2024-11-22,ERP
103533,PROD-103533,Focused content-based framework,Cloud,Storage,HP,3684.55,1431.11,Active,2023-12-18,2024-08-24,ERP
103534,PROD-103534,Sharable value-added utilization,Hardware,Monitor,HP,4114.21,2481.28,Active,2025-11-29,2025-01-19,ERP
103535,PROD-103535,Organized radical encryption,Services,Support,Citrix,3297.64,3603.37,Active,2023-04-12,2026-02-15,ERP
103536,PROD-103536,Seamless real-time service-desk,Networking,Wireless,Cisco,380.01,2599.82,Active,2026-04-21,2024-12-09,ERP
103537,PROD-103537,Exclusive high-level architecture,Hardware,Server,Lenovo,3434.19,1979.81,Active,2024-05-09,2026-01-05,ERP
103538,PROD-103538,Profound leadingedge adapter,Software,Database,Microsoft,2453.56,1278.14,Active,2025-06-03,2024-10-18,ERP
103539,PROD-103539,Multi-layered scalable product,Security,Identity,Citrix,785.06,3556.7,Active,2024-08-23,2025-10-09,ERP
103540,PROD-103540,Polarized 3rdgeneration ability,Software,Database,Lenovo,913.85,2652.87,Active,2024-06-02,2025-05-10,ERP
103541,PROD-103541,Compatible client-server flexibility,Security,Encryption,Cisco,2876.01,2887.38,Active,2021-10-09,2026-04-07,ERP
103542,PROD-103542,Assimilated neutral monitoring,Services,Implementation,Dell,1603.46,1125.47,Active,2023-02-10,2025-08-11,ERP
103543,PROD-103543,Implemented transitional encryption,Collaboration,Email,Citrix,1626.18,2285.49,Active,2022-10-29,2025-02-19,ERP
103544,PROD-103544,Polarized regional middleware,Cloud,Compute,Citrix,478.07,3909.98,Active,2024-09-29,2025-10-11,ERP
103545,PROD-103545,Intuitive system-worthy system engine,Security,Identity,Dell,2852.82,3675.29,Active,2025-11-18,2025-01-06,ERP
103546,PROD-103546,Proactive optimizing core,Services,Training,Lenovo,1394.51,2289.06,Active,2023-06-08,2026-01-26,ERP
103547,PROD-103547,Optional didactic focus group,Software,Office,Cisco,2975.13,1817.17,Active,2023-04-04,2026-01-27,ERP
103548,PROD-103548,Programmable 24hour intranet,Collaboration,Voice,HP,347.98,3218.63,Active,2024-01-23,2026-04-21,ERP
103549,PROD-103549,Decentralized bifurcated access,Cloud,Compute,VMware,885.2,3906.17,Active,2022-12-05,2026-06-10,ERP
103550,PROD-103550,Pre-emptive intangible toolset,Hardware,Laptop,Adobe,525.67,2922.63,Active,2021-10-23,2025-11-09,ERP
103551,PROD-103551,Customizable 3rdgeneration interface,Software,Database,VMware,412.79,827.1,Active,2022-06-24,2026-05-15,ERP
103552,PROD-103552,Function-based coherent open system,Networking,Wireless,Lenovo,2340.65,2276.95,Active,2023-07-29,2026-02-07,ERP
103553,PROD-103553,Assimilated fresh-thinking paradigm,Collaboration,Productivity,Microsoft,2853.65,2104.8,Active,2025-12-15,2026-02-06,ERP
103554,PROD-103554,Monitored 6thgeneration info-mediaries,Networking,Router,HP,2160.49,3575.46,Active,2022-05-14,2025-11-04,ERP
103555,PROD-103555,Polarized bandwidth-monitored Local Area Network,Networking,Router,HP,702.67,2616.84,Active,2026-05-18,2025-05-10,ERP
103556,PROD-103556,Phased user-facing adapter,Hardware,Monitor,Citrix,3492.49,3856.24,Active,2022-03-07,2025-05-02,ERP
103557,PROD-103557,Programmable systemic customer loyalty,Collaboration,Productivity,Citrix,1224.3,2558.67,Active,2021-09-11,2025-09-25,ERP
103558,PROD-103558,Re-engineered responsive policy,Networking,Firewall,Cisco,620.68,389.49,Active,2022-07-27,2025-07-15,ERP
103559,PROD-103559,Stand-alone analyzing adapter,Storage,Backup,VMware,982.46,3816.41,Active,2025-06-29,2026-02-27,ERP
103560,PROD-103560,Distributed 24hour extranet,Services,Support,Cisco,667.21,206.58,Active,2022-04-14,2024-10-04,ERP
103561,PROD-103561,Inverse contextually-based Local Area Network,Software,Operating System,Citrix,4218.72,3104.02,Active,2022-02-03,2026-07-21,ERP
103562,PROD-103562,Upgradable responsive open system,Collaboration,Productivity,VMware,4966.28,2263.09,Active,2023-05-12,2026-05-29,ERP
103563,PROD-103563,Object-based logistical open architecture,Collaboration,Voice,Adobe,84.09,223.52,Active,2023-01-26,2026-07-11,ERP
103564,PROD-103564,Polarized content-based parallelism,Cloud,Networking,Adobe,2008.43,1254.02,Active,2021-08-21,2025-08-13,ERP
103565,PROD-103565,Exclusive actuating definition,Storage,Archive,Lenovo,1523.83,1805.11,Active,2022-06-29,2024-08-26,ERP
103566,PROD-103566,Automated grid-enabled conglomeration,Collaboration,Voice,Dell,2127.96,825.19,Active,2022-08-25,2025-10-18,ERP
103567,PROD-103567,Centralized background alliance,Services,Implementation,Microsoft,1321.81,1339.24,Active,2022-08-09,2025-03-28,ERP
103568,PROD-103568,Managed even-keeled leverage,Hardware,Monitor,Cisco,1797.37,2803.65,Active,2025-06-29,2025-01-19,ERP
103569,PROD-103569,Switchable executive application,Collaboration,Meetings,Microsoft,2964.87,1559.83,Active,2022-11-25,2024-11-11,ERP
103570,PROD-103570,Automated client-server ability,Security,Encryption,HP,4816.29,1779.48,Active,2023-09-11,2026-04-15,ERP
103571,PROD-103571,Multi-lateral fault-tolerant approach,Software,Analytics,HP,2868.08,1536.12,Active,2024-04-07,2026-07-25,ERP
103572,PROD-103572,Integrated systemic emulation,Services,Support,Microsoft,3488.87,2384.42,Active,2025-06-02,2026-04-19,ERP
103573,PROD-103573,Down-sized directional frame,Hardware,Desktop,Citrix,1781.33,667.01,Active,2023-10-09,2025-07-23,ERP
103574,PROD-103574,Cloned multimedia capability,Cloud,Networking,Lenovo,3388.38,1720.6,Active,2024-02-17,2024-11-08,ERP
103575,PROD-103575,Enterprise-wide solution-oriented groupware,Networking,Router,Citrix,3089.7,3666.76,Active,2025-11-26,2024-08-08,ERP
103576,PROD-103576,Diverse web-enabled attitude,Services,Implementation,Citrix,4616.89,1670.44,Active,2025-05-04,2026-02-17,ERP
103577,PROD-103577,Open-architected full-range capacity,Storage,NAS,VMware,4863.25,3021.03,Active,2023-01-16,2025-01-15,ERP
103578,PROD-103578,Distributed bifurcated leverage,Security,Endpoint,VMware,3559.73,3147.62,Active,2021-12-29,2026-01-10,ERP
103579,PROD-103579,Multi-layered global archive,Security,Identity,Lenovo,2868.46,2423.84,Active,2025-10-24,2026-06-29,ERP
103580,PROD-103580,User-friendly executive emulation,Networking,Switch,VMware,1415.15,1817.29,Active,2022-08-29,2025-11-09,ERP
103581,PROD-103581,Phased multi-state intranet,Networking,Firewall,Lenovo,1355.78,2115.15,Active,2026-07-01,2024-09-09,ERP
103582,PROD-103582,Fundamental systemic infrastructure,Cloud,Storage,Cisco,286.33,1329.55,Active,2024-01-31,2026-06-16,ERP
103583,PROD-103583,Decentralized responsive paradigm,Storage,NAS,Adobe,3631.55,893.64,Active,2023-03-06,2025-11-22,ERP
103584,PROD-103584,Intuitive user-facing array,Security,Identity,Cisco,830.58,3870.17,Active,2026-06-08,2026-05-24,ERP
103585,PROD-103585,Advanced responsive knowledgebase,Collaboration,Meetings,Microsoft,3471.8,482.7,Active,2021-08-07,2024-10-01,ERP
103586,PROD-103586,Customizable intangible software,Collaboration,Email,Adobe,1667.78,3599.47,Active,2026-06-22,2026-04-21,ERP
103587,PROD-103587,Down-sized client-server flexibility,Services,Support,VMware,3169.97,3142.87,Active,2024-06-03,2025-02-17,ERP
103588,PROD-103588,Enhanced methodical monitoring,Services,Training,Adobe,4011.75,549.35,Active,2026-01-25,2024-10-23,ERP
103589,PROD-103589,Self-enabling high-level strategy,Cloud,Compute,Cisco,100.3,1224.54,Active,2024-11-02,2026-03-24,ERP
103590,PROD-103590,Adaptive static approach,Storage,Backup,Lenovo,4648.06,614.82,Active,2023-02-22,2024-11-13,ERP
103591,PROD-103591,Upgradable full-range middleware,Networking,Router,Microsoft,750.1,2955.75,Active,2024-05-11,2025-12-12,ERP
103592,PROD-103592,Compatible contextually-based paradigm,Services,Consulting,HP,3904.99,836.06,Active,2022-06-15,2025-01-23,ERP
103593,PROD-103593,Networked 24hour workforce,Collaboration,Voice,Lenovo,4328.38,2126.84,Active,2025-11-30,2024-12-20,ERP
103594,PROD-103594,Realigned exuding Local Area Network,Storage,NAS,Citrix,2932.63,2521.32,Active,2026-04-20,2025-04-18,ERP
103595,PROD-103595,Proactive systemic complexity,Collaboration,Email,Lenovo,4855.72,338.55,Active,2026-05-13,2024-12-30,ERP
103596,PROD-103596,Right-sized heuristic emulation,Networking,Router,VMware,3543.79,2221.39,Active,2023-01-15,2025-09-29,ERP
103597,PROD-103597,User-friendly 24hour firmware,Networking,Firewall,Citrix,2012.92,904.62,Active,2023-03-07,2025-05-01,ERP
103598,PROD-103598,Down-sized composite parallelism,Software,Database,Citrix,287.89,838.7,Active,2024-05-20,2025-09-27,ERP
103599,PROD-103599,Universal asynchronous standardization,Cloud,Storage,Lenovo,829.98,2691.23,Active,2024-10-13,2026-03-28,ERP
103600,PROD-103600,Multi-layered directional standardization,Cloud,Compute,Cisco,1014.77,1843.64,Active,2025-05-19,2025-11-04,ERP
103601,PROD-103601,Right-sized empowering flexibility,Cloud,AI,Lenovo,1079.17,453.43,Active,2023-12-31,2024-10-14,ERP
103602,PROD-103602,Implemented directional moratorium,Security,Endpoint,Adobe,3585.32,1677.35,Active,2024-05-14,2025-02-23,ERP
103603,PROD-103603,Cross-platform static artificial intelligence,Storage,SAN,Microsoft,2783.24,3608.89,Active,2024-06-01,2025-10-29,ERP
103604,PROD-103604,Synergistic bi-directional adapter,Services,Support,VMware,1938.07,2340.7,Active,2022-02-07,2026-01-13,ERP
103605,PROD-103605,Upgradable analyzing functionalities,Hardware,Desktop,Dell,3250.83,3889.81,Active,2024-06-12,2024-12-08,ERP
103606,PROD-103606,Robust incremental forecast,Collaboration,Voice,Dell,2355.79,773.59,Active,2022-11-11,2025-06-07,ERP
103607,PROD-103607,Implemented motivating moratorium,Hardware,Server,Cisco,4215.29,257.32,Active,2026-03-18,2025-06-22,ERP
103608,PROD-103608,Expanded secondary utilization,Networking,Firewall,Microsoft,858.68,3264.89,Active,2021-09-04,2025-03-06,ERP
103609,PROD-103609,Monitored multi-state open architecture,Security,Encryption,Lenovo,1724.79,1807.61,Active,2021-10-14,2024-12-12,ERP
103610,PROD-103610,Object-based analyzing solution,Services,Support,Cisco,1045.16,2093.25,Active,2025-09-23,2025-07-22,ERP
103611,PROD-103611,Customer-focused intermediate adapter,Cloud,Storage,Microsoft,724.65,559.41,Active,2024-03-10,2025-08-13,ERP
103612,PROD-103612,Configurable solution-oriented secured line,Storage,SAN,Cisco,1061.84,64.59,Active,2025-02-06,2025-12-06,ERP
103613,PROD-103613,Business-focused responsive standardization,Hardware,Desktop,Cisco,1305.51,1887.07,Active,2021-10-29,2025-05-22,ERP
103614,PROD-103614,Up-sized static structure,Software,Operating System,Lenovo,3927.4,1476.67,Active,2023-03-15,2026-03-17,ERP
103615,PROD-103615,Centralized attitude-oriented utilization,Hardware,Monitor,Lenovo,752.87,1926.59,Active,2024-01-14,2025-08-21,ERP
103616,PROD-103616,Function-based hybrid Graphical User Interface,Services,Training,Cisco,4498.29,250.25,Active,2023-08-29,2025-01-23,ERP
103617,PROD-103617,Total 6thgeneration alliance,Security,Threat Protection,Cisco,327.45,3767.71,Active,2023-04-13,2025-12-08,ERP
103618,PROD-103618,Stand-alone uniform collaboration,Cloud,Storage,VMware,4089.52,703.24,Active,2021-10-09,2024-10-23,ERP
103619,PROD-103619,Stand-alone interactive time-frame,Hardware,Desktop,VMware,3597.86,3804.28,Active,2025-03-21,2025-09-01,ERP
103620,PROD-103620,Reactive 24/7 matrix,Cloud,Compute,HP,2723.91,1847.35,Active,2023-12-20,2025-07-03,ERP
103621,PROD-103621,Cloned high-level standardization,Hardware,Laptop,Adobe,3602.61,3831.51,Active,2023-02-11,2024-08-28,ERP
103622,PROD-103622,Upgradable cohesive encryption,Cloud,AI,Microsoft,4411.35,257.5,Active,2025-09-19,2025-02-10,ERP
103623,PROD-103623,Centralized multi-tasking moratorium,Storage,Backup,Adobe,3661.75,3834.8,Active,2023-02-21,2025-01-26,ERP
103624,PROD-103624,Stand-alone eco-centric info-mediaries,Collaboration,Productivity,Citrix,4132.96,1670.33,Active,2021-11-03,2025-10-24,ERP
103625,PROD-103625,Synergistic 3rdgeneration knowledgebase,Cloud,AI,Microsoft,1962.27,2568.28,Active,2024-07-27,2025-04-23,ERP
103626,PROD-103626,Synchronized well-modulated workforce,Networking,Wireless,HP,3953.67,1889.91,Active,2024-05-09,2026-07-21,ERP
103627,PROD-103627,Compatible stable collaboration,Cloud,AI,Dell,940.4,1283.72,Active,2024-10-10,2026-04-21,ERP
103628,PROD-103628,Robust web-enabled data-warehouse,Hardware,Server,Lenovo,2001.3,2146.76,Active,2025-10-17,2024-12-15,ERP
103629,PROD-103629,Exclusive interactive initiative,Security,Endpoint,Cisco,2453.07,2518.12,Active,2022-08-31,2024-09-05,ERP
103630,PROD-103630,Seamless multi-tasking collaboration,Collaboration,Email,HP,543.66,361.03,Active,2025-05-10,2026-06-25,ERP
103631,PROD-103631,Centralized mobile algorithm,Hardware,Laptop,Adobe,4831.75,191.81,Active,2023-08-28,2024-11-14,ERP
103632,PROD-103632,Open-architected next generation application,Services,Implementation,Microsoft,3364.57,3566.15,Active,2021-12-23,2026-06-10,ERP
103633,PROD-103633,De-engineered 3rdgeneration focus group,Software,Office,Microsoft,4321.62,1951.81,Active,2023-09-02,2025-12-02,ERP
103634,PROD-103634,Stand-alone holistic implementation,Hardware,Desktop,HP,1794.98,2361.33,Active,2026-01-26,2026-06-25,ERP
103635,PROD-103635,Programmable dynamic Graphic Interface,Security,Threat Protection,HP,3010.98,2947.49,Active,2023-11-26,2026-02-14,ERP
103636,PROD-103636,Quality-focused local neural-net,Software,Office,Dell,904.68,589.87,Active,2023-04-29,2024-09-11,ERP
103637,PROD-103637,Re-contextualized logistical synergy,Collaboration,Productivity,VMware,1286.38,2241.29,Active,2022-03-25,2026-06-01,ERP
103638,PROD-103638,Open-source full-range protocol,Cloud,Storage,Microsoft,1835.55,1174.81,Active,2022-04-18,2024-11-22,ERP
103639,PROD-103639,Seamless optimizing hub,Cloud,Compute,Lenovo,921.93,2724.53,Active,2024-09-12,2025-10-03,ERP
103640,PROD-103640,Phased web-enabled model,Security,Encryption,Cisco,4548.42,2966.65,Active,2025-01-03,2024-10-16,ERP
103641,PROD-103641,Progressive bandwidth-monitored customer loyalty,Hardware,Desktop,Cisco,4882.0,1195.35,Active,2025-07-18,2025-03-17,ERP
103642,PROD-103642,Inverse bi-directional superstructure,Collaboration,Email,VMware,2535.91,2086.3,Active,2025-05-18,2026-06-16,ERP
103643,PROD-103643,Optimized client-driven parallelism,Services,Consulting,VMware,2349.89,3222.65,Active,2025-11-02,2026-05-08,ERP
103644,PROD-103644,Persistent real-time Graphical User Interface,Hardware,Server,Lenovo,3841.48,2745.31,Active,2022-05-29,2024-12-14,ERP
103645,PROD-103645,De-engineered 6thgeneration function,Software,Analytics,Cisco,3950.71,1806.58,Active,2023-03-21,2026-04-24,ERP
103646,PROD-103646,Object-based multimedia contingency,Security,Endpoint,Lenovo,2164.34,2640.28,Active,2025-06-21,2024-11-17,ERP
103647,PROD-103647,Triple-buffered mobile algorithm,Cloud,AI,Lenovo,1204.2,760.32,Active,2024-12-21,2024-09-11,ERP
103648,PROD-103648,Operative tangible function,Collaboration,Productivity,Citrix,3984.21,661.07,Active,2021-08-31,2024-08-07,ERP
103649,PROD-103649,Synergistic national groupware,Services,Support,Microsoft,2120.89,3546.14,Active,2023-04-17,2025-05-16,ERP
103650,PROD-103650,Face-to-face web-enabled customer loyalty,Services,Consulting,HP,4057.13,556.94,Active,2022-11-07,2025-06-28,ERP
103651,PROD-103651,Adaptive real-time neural-net,Services,Support,HP,2983.02,490.18,Active,2026-07-06,2026-01-28,ERP
103652,PROD-103652,Re-contextualized modular Local Area Network,Services,Implementation,Cisco,258.11,2375.86,Active,2022-07-08,2025-08-18,ERP
103653,PROD-103653,Automated methodical collaboration,Services,Implementation,Cisco,2207.66,1866.51,Active,2025-11-27,2025-02-09,ERP
103654,PROD-103654,Automated systematic architecture,Cloud,Networking,HP,4142.01,2897.81,Active,2025-01-26,2026-02-12,ERP
103655,PROD-103655,Integrated object-oriented adapter,Cloud,Compute,Lenovo,1916.07,1357.52,Active,2023-04-24,2025-05-26,ERP
103656,PROD-103656,Future-proofed real-time budgetary management,Security,Identity,Citrix,530.63,838.93,Active,2021-09-09,2024-12-02,ERP
103657,PROD-103657,Front-line explicit Graphical User Interface,Software,Database,Microsoft,265.87,2306.24,Active,2024-03-21,2026-01-21,ERP
103658,PROD-103658,Stand-alone asynchronous Internet solution,Networking,Switch,Dell,4103.66,357.74,Active,2026-05-25,2025-07-05,ERP
103659,PROD-103659,Monitored client-driven structure,Cloud,Compute,HP,3921.45,1504.15,Active,2024-07-14,2025-08-19,ERP
103660,PROD-103660,Pre-emptive asynchronous Graphic Interface,Security,Identity,Citrix,2714.72,3482.18,Active,2026-04-06,2026-02-19,ERP
103661,PROD-103661,Ameliorated leadingedge system engine,Storage,Archive,Lenovo,1524.87,58.53,Active,2026-06-13,2025-03-26,ERP
103662,PROD-103662,Multi-channeled holistic matrices,Software,Analytics,VMware,2803.55,257.49,Active,2025-08-05,2026-01-28,ERP
103663,PROD-103663,Extended executive superstructure,Security,Threat Protection,HP,4194.0,2703.03,Active,2025-12-19,2024-11-08,ERP
103664,PROD-103664,Multi-lateral upward-trending utilization,Hardware,Monitor,HP,2871.59,2022.34,Active,2022-07-05,2026-05-26,ERP
103665,PROD-103665,Universal incremental ability,Collaboration,Productivity,Adobe,1260.53,1271.87,Active,2023-06-18,2024-10-23,ERP
103666,PROD-103666,Fundamental content-based encoding,Services,Implementation,Lenovo,1444.76,3484.11,Active,2023-10-09,2025-06-04,ERP
103667,PROD-103667,Robust secondary ability,Security,Identity,Lenovo,3634.89,890.4,Active,2023-11-11,2026-05-19,ERP
103668,PROD-103668,Face-to-face secondary monitoring,Cloud,Compute,HP,3588.55,1758.57,Active,2026-05-26,2025-10-01,ERP
103669,PROD-103669,Multi-tiered background success,Cloud,Storage,Dell,1006.87,93.0,Active,2023-01-01,2025-05-07,ERP
103670,PROD-103670,Managed clear-thinking knowledge user,Software,Operating System,VMware,857.32,1030.42,Active,2024-04-20,2024-11-05,ERP
103671,PROD-103671,Organized methodical throughput,Networking,Router,VMware,3677.06,3752.2,Active,2025-07-14,2025-11-01,ERP
103672,PROD-103672,Re-engineered directional flexibility,Software,Operating System,Adobe,4320.37,1799.89,Active,2021-11-11,2026-03-22,ERP
103673,PROD-103673,Total client-driven hierarchy,Storage,Backup,Dell,3275.85,2066.91,Active,2024-11-17,2025-09-04,ERP
103674,PROD-103674,Virtual eco-centric system engine,Networking,Router,Microsoft,332.21,3503.85,Active,2026-04-07,2025-08-27,ERP
103675,PROD-103675,Configurable secondary utilization,Storage,Archive,Microsoft,3700.63,2986.88,Active,2023-04-19,2025-12-12,ERP
103676,PROD-103676,Ergonomic dynamic archive,Hardware,Laptop,Microsoft,1771.79,806.92,Active,2023-02-21,2026-01-04,ERP
103677,PROD-103677,Up-sized 5thgeneration array,Cloud,AI,Cisco,2742.66,774.49,Active,2023-08-01,2025-07-04,ERP
103678,PROD-103678,Multi-lateral non-volatile superstructure,Software,Operating System,Citrix,3177.45,1323.38,Active,2021-11-05,2024-11-30,ERP
103679,PROD-103679,Robust multi-state strategy,Cloud,AI,Cisco,4437.16,3599.1,Active,2022-05-03,2025-09-02,ERP
103680,PROD-103680,Optional intangible attitude,Hardware,Server,HP,4628.28,3373.74,Active,2025-07-14,2026-01-23,ERP
103681,PROD-103681,Digitized bi-directional time-frame,Cloud,Compute,Microsoft,2282.95,2147.58,Active,2025-07-19,2026-04-10,ERP
103682,PROD-103682,Profound zero-defect algorithm,Storage,NAS,Adobe,3793.62,3735.91,Active,2025-03-07,2025-12-23,ERP
103683,PROD-103683,Optional optimal Local Area Network,Networking,Switch,Cisco,4415.97,2018.87,Active,2025-08-21,2024-10-02,ERP
103684,PROD-103684,Multi-channeled content-based firmware,Storage,NAS,Cisco,4082.06,1644.85,Active,2022-08-05,2026-04-28,ERP
103685,PROD-103685,Digitized bottom-line customer loyalty,Software,Analytics,Dell,4422.2,3854.81,Active,2022-02-01,2025-11-24,ERP
103686,PROD-103686,Universal transitional frame,Storage,NAS,Lenovo,2301.64,1010.13,Active,2026-07-03,2025-10-10,ERP
103687,PROD-103687,Secured zero tolerance moderator,Security,Identity,Microsoft,4867.08,779.74,Active,2026-02-10,2025-08-05,ERP
103688,PROD-103688,Open-architected responsive approach,Cloud,Storage,Cisco,3598.64,630.61,Active,2023-02-13,2026-03-04,ERP
103689,PROD-103689,Seamless bandwidth-monitored function,Networking,Firewall,HP,2332.38,2410.34,Active,2023-09-27,2026-04-08,ERP
103690,PROD-103690,Phased 24/7 superstructure,Software,Office,Citrix,3555.82,3062.91,Active,2026-04-17,2025-09-09,ERP
103691,PROD-103691,Proactive mobile toolset,Hardware,Monitor,Adobe,2490.39,402.51,Active,2026-03-28,2025-05-31,ERP
103692,PROD-103692,Universal tangible throughput,Hardware,Monitor,Citrix,4136.33,689.02,Active,2026-05-10,2024-09-10,ERP
103693,PROD-103693,Multi-tiered logistical encoding,Software,Analytics,Cisco,3863.11,2494.15,Active,2024-07-21,2025-05-12,ERP
103694,PROD-103694,Advanced 24/7 help-desk,Collaboration,Productivity,Lenovo,628.06,3674.93,Active,2023-11-06,2026-04-27,ERP
103695,PROD-103695,Cross-group web-enabled orchestration,Software,Analytics,Lenovo,2918.8,2144.63,Active,2022-02-16,2024-12-15,ERP
103696,PROD-103696,Profit-focused context-sensitive concept,Networking,Firewall,Citrix,3320.67,733.33,Active,2023-02-22,2026-04-29,ERP
103697,PROD-103697,Right-sized value-added structure,Hardware,Desktop,Lenovo,1915.51,2791.33,Active,2023-12-13,2025-07-21,ERP
103698,PROD-103698,Persistent national workforce,Storage,Archive,HP,3077.6,1431.76,Active,2025-10-31,2026-02-14,ERP
103699,PROD-103699,Fundamental systemic parallelism,Software,Database,Citrix,2268.68,1249.49,Active,2023-10-26,2025-02-15,ERP
103700,PROD-103700,Ergonomic stable product,Cloud,AI,Citrix,1156.4,1109.49,Active,2026-07-07,2025-12-28,ERP
103701,PROD-103701,Ameliorated foreground archive,Storage,SAN,Adobe,3703.96,3549.21,Active,2023-08-25,2026-01-21,ERP
103702,PROD-103702,Advanced full-range process improvement,Hardware,Monitor,VMware,3155.64,592.31,Active,2025-11-16,2024-09-22,ERP
103703,PROD-103703,Extended homogeneous system engine,Storage,Archive,VMware,361.5,1765.54,Active,2025-05-11,2026-01-24,ERP
103704,PROD-103704,Total real-time open architecture,Storage,Archive,Microsoft,2834.06,2224.15,Active,2025-04-19,2025-11-19,ERP
103705,PROD-103705,Fully-configurable well-modulated strategy,Collaboration,Voice,Adobe,1311.8,1423.97,Active,2025-09-08,2025-12-14,ERP
103706,PROD-103706,Triple-buffered attitude-oriented access,Security,Encryption,VMware,422.58,2048.51,Active,2021-08-04,2025-09-15,ERP
103707,PROD-103707,Synchronized methodical encryption,Security,Identity,Lenovo,2337.11,1173.68,Active,2025-09-14,2024-08-07,ERP
103708,PROD-103708,Mandatory 4thgeneration secured line,Collaboration,Voice,Cisco,2023.41,2336.56,Active,2023-12-25,2026-03-10,ERP
103709,PROD-103709,Versatile solution-oriented contingency,Software,Office,VMware,3893.21,2146.47,Active,2023-03-06,2025-05-26,ERP
103710,PROD-103710,Realigned uniform time-frame,Security,Threat Protection,Citrix,98.89,2429.59,Active,2024-01-04,2024-09-14,ERP
103711,PROD-103711,Switchable cohesive orchestration,Storage,SAN,Citrix,4826.02,495.11,Active,2024-05-23,2025-04-07,ERP
103712,PROD-103712,Seamless transitional project,Hardware,Desktop,Lenovo,740.73,1848.26,Active,2021-08-07,2024-11-18,ERP
103713,PROD-103713,Persistent explicit algorithm,Storage,Archive,VMware,2786.74,3609.38,Active,2021-08-30,2025-09-05,ERP
103714,PROD-103714,User-centric clear-thinking monitoring,Hardware,Desktop,VMware,2696.47,1029.33,Active,2026-07-20,2026-01-03,ERP
103715,PROD-103715,De-engineered fault-tolerant analyzer,Software,Database,Microsoft,2803.6,2170.01,Active,2024-11-03,2026-01-07,ERP
103716,PROD-103716,Triple-buffered client-driven project,Networking,Router,Citrix,2438.21,2675.36,Active,2025-12-18,2025-10-17,ERP
103717,PROD-103717,Synergized impactful capacity,Networking,Wireless,VMware,4175.37,2980.46,Active,2023-11-22,2025-06-12,ERP
103718,PROD-103718,Realigned even-keeled instruction set,Software,Analytics,Lenovo,4922.03,965.34,Active,2025-06-20,2026-03-04,ERP
103719,PROD-103719,Fundamental eco-centric application,Cloud,Networking,Citrix,4580.23,212.79,Active,2025-01-22,2024-12-05,ERP
103720,PROD-103720,Sharable foreground implementation,Networking,Router,Citrix,3615.01,3045.09,Active,2024-01-13,2025-12-29,ERP
103721,PROD-103721,Up-sized well-modulated implementation,Storage,SAN,Citrix,3242.99,93.72,Active,2022-11-26,2024-11-29,ERP
103722,PROD-103722,Innovative human-resource capability,Services,Implementation,VMware,530.6,1062.71,Active,2022-10-07,2025-06-13,ERP
103723,PROD-103723,Enterprise-wide incremental project,Networking,Wireless,VMware,2188.37,2288.69,Active,2023-08-25,2025-09-10,ERP
103724,PROD-103724,Self-enabling stable Graphic Interface,Collaboration,Email,Dell,2677.56,668.93,Active,2024-01-25,2024-08-31,ERP
103725,PROD-103725,Optional dedicated moderator,Hardware,Laptop,Dell,3173.57,836.08,Active,2025-07-13,2025-12-25,ERP
103726,PROD-103726,Operative grid-enabled challenge,Services,Consulting,Microsoft,1193.08,3677.76,Active,2022-03-27,2024-10-27,ERP
103727,PROD-103727,Synchronized foreground interface,Security,Threat Protection,HP,3027.19,3754.12,Active,2026-04-12,2024-11-05,ERP
103728,PROD-103728,Diverse 4thgeneration database,Storage,Archive,VMware,3343.06,3819.9,Active,2022-05-02,2026-07-09,ERP
103729,PROD-103729,Phased upward-trending strategy,Storage,Backup,HP,1539.37,178.51,Active,2024-02-07,2026-04-10,ERP
103730,PROD-103730,Up-sized clear-thinking attitude,Cloud,Storage,Dell,1651.86,1393.17,Active,2023-06-28,2025-09-28,ERP
103731,PROD-103731,Distributed 24hour toolset,Storage,Archive,HP,1611.36,1716.24,Active,2025-02-09,2026-04-27,ERP
103732,PROD-103732,Enhanced grid-enabled protocol,Cloud,Storage,HP,668.18,56.46,Active,2022-05-10,2024-10-24,ERP
103733,PROD-103733,Reverse-engineered 24/7 synergy,Networking,Switch,VMware,2225.91,141.86,Active,2022-05-09,2025-09-07,ERP
103734,PROD-103734,Inverse tertiary forecast,Collaboration,Voice,Adobe,4508.79,1231.71,Active,2022-07-09,2025-11-22,ERP
103735,PROD-103735,Quality-focused impactful approach,Security,Threat Protection,Citrix,3006.57,2413.11,Active,2025-10-12,2025-01-14,ERP
103736,PROD-103736,Expanded user-facing capacity,Services,Support,Dell,4248.11,3275.68,Active,2024-11-20,2025-11-04,ERP
103737,PROD-103737,Team-oriented responsive service-desk,Networking,Firewall,Microsoft,2471.04,350.3,Active,2025-04-27,2025-10-16,ERP
103738,PROD-103738,Virtual multi-state methodology,Cloud,AI,Citrix,3656.84,892.19,Active,2023-04-27,2025-07-15,ERP
103739,PROD-103739,Managed executive implementation,Cloud,Compute,Microsoft,3718.06,1592.69,Active,2026-07-28,2024-09-22,ERP
103740,PROD-103740,Focused eco-centric approach,Cloud,Compute,Dell,4650.01,3122.05,Active,2023-04-05,2026-01-24,ERP
103741,PROD-103741,User-friendly empowering extranet,Networking,Switch,Adobe,2498.53,1716.75,Active,2022-08-23,2026-07-03,ERP
103742,PROD-103742,Enterprise-wide transitional parallelism,Security,Endpoint,Citrix,2800.64,2856.65,Active,2024-10-17,2024-10-10,ERP
103743,PROD-103743,Balanced 4thgeneration contingency,Services,Training,HP,945.68,2682.66,Active,2025-04-25,2025-12-13,ERP
103744,PROD-103744,Fully-configurable clear-thinking methodology,Cloud,AI,HP,3578.37,1267.7,Active,2023-12-27,2025-10-10,ERP
103745,PROD-103745,Pre-emptive context-sensitive adapter,Storage,SAN,Citrix,2471.81,2469.42,Active,2026-05-11,2026-07-11,ERP
103746,PROD-103746,Re-engineered background parallelism,Collaboration,Email,Microsoft,1713.14,232.6,Active,2022-03-09,2024-12-24,ERP
103747,PROD-103747,Distributed intangible monitoring,Hardware,Server,VMware,3016.47,1051.85,Active,2021-10-29,2025-08-07,ERP
103748,PROD-103748,Right-sized heuristic task-force,Collaboration,Voice,VMware,2384.5,3064.63,Active,2024-04-09,2024-09-29,ERP
103749,PROD-103749,Right-sized 24hour emulation,Networking,Firewall,HP,1522.94,3498.53,Active,2022-01-12,2025-02-10,ERP
103750,PROD-103750,Organic intangible info-mediaries,Security,Identity,Adobe,639.46,2332.81,Active,2022-08-04,2024-10-06,ERP
103751,PROD-103751,Self-enabling full-range customer loyalty,Collaboration,Meetings,VMware,1482.46,3607.68,Active,2025-06-19,2025-01-21,ERP
103752,PROD-103752,Object-based multi-state artificial intelligence,Networking,Router,Citrix,1195.27,2054.42,Active,2026-05-14,2025-08-19,ERP
103753,PROD-103753,Monitored fresh-thinking interface,Hardware,Desktop,Cisco,667.82,890.65,Active,2026-03-06,2026-06-14,ERP
103754,PROD-103754,Streamlined radical matrices,Software,Operating System,Cisco,1236.25,2586.13,Active,2024-07-11,2025-02-11,ERP
103755,PROD-103755,Reduced executive monitoring,Cloud,Networking,Microsoft,2589.25,2036.46,Active,2024-07-02,2025-08-03,ERP
103756,PROD-103756,Persistent background hierarchy,Cloud,Compute,Citrix,3982.3,1932.68,Active,2022-08-15,2026-03-25,ERP
103757,PROD-103757,Object-based zero tolerance framework,Collaboration,Meetings,Microsoft,1461.94,2230.54,Active,2023-02-01,2026-04-20,ERP
103758,PROD-103758,Devolved client-server approach,Cloud,AI,Dell,1601.63,510.85,Active,2023-12-24,2025-03-11,ERP
103759,PROD-103759,User-friendly regional framework,Security,Encryption,Citrix,4167.07,870.51,Active,2023-11-29,2025-05-12,ERP
103760,PROD-103760,Profit-focused local middleware,Services,Support,Adobe,4070.23,3142.39,Active,2023-11-11,2026-05-25,ERP
103761,PROD-103761,Synergistic zero administration intranet,Hardware,Laptop,Dell,1813.39,2750.1,Active,2022-03-25,2026-06-23,ERP
103762,PROD-103762,Digitized neutral infrastructure,Networking,Firewall,VMware,4353.31,1998.84,Active,2023-06-08,2024-12-16,ERP
103763,PROD-103763,Operative 6thgeneration protocol,Collaboration,Productivity,Lenovo,4670.9,2380.15,Active,2022-12-14,2025-11-24,ERP
103764,PROD-103764,Synchronized human-resource methodology,Storage,SAN,VMware,1161.2,3259.19,Active,2026-01-07,2026-04-01,ERP
103765,PROD-103765,Focused attitude-oriented matrix,Cloud,AI,Lenovo,3164.07,1734.3,Active,2024-07-03,2025-11-18,ERP
103766,PROD-103766,Managed scalable Internet solution,Services,Consulting,Microsoft,3462.99,470.86,Active,2025-02-05,2025-01-07,ERP
103767,PROD-103767,Persistent regional success,Services,Implementation,Cisco,2908.33,2136.88,Active,2022-11-27,2024-12-02,ERP
103768,PROD-103768,Monitored 5thgeneration groupware,Networking,Firewall,HP,521.24,362.81,Active,2022-06-30,2025-10-23,ERP
103769,PROD-103769,Advanced asymmetric throughput,Storage,Backup,VMware,892.5,1196.87,Active,2025-04-14,2026-08-03,ERP
103770,PROD-103770,Intuitive fresh-thinking task-force,Security,Threat Protection,Adobe,2935.05,1766.21,Active,2025-05-04,2024-08-04,ERP
103771,PROD-103771,Switchable systemic website,Services,Implementation,Citrix,3193.79,2294.78,Active,2022-01-30,2025-12-28,ERP
103772,PROD-103772,Customizable heuristic model,Cloud,Compute,Microsoft,936.79,309.04,Active,2021-10-27,2025-05-29,ERP
103773,PROD-103773,Persistent context-sensitive data-warehouse,Collaboration,Email,HP,1531.24,2173.28,Active,2022-10-05,2026-03-01,ERP
103774,PROD-103774,Fundamental real-time capability,Collaboration,Email,Adobe,121.22,1329.46,Active,2025-08-15,2024-09-22,ERP
103775,PROD-103775,Secured user-facing extranet,Security,Threat Protection,Citrix,4063.88,3164.88,Active,2022-01-28,2024-10-03,ERP
103776,PROD-103776,Realigned zero tolerance middleware,Networking,Wireless,Adobe,3814.72,660.51,Active,2022-01-29,2026-05-30,ERP
103777,PROD-103777,Configurable modular customer loyalty,Storage,SAN,Dell,952.01,890.11,Active,2023-08-12,2025-07-23,ERP
103778,PROD-103778,Exclusive zero tolerance website,Hardware,Desktop,Citrix,3772.33,3399.46,Active,2024-10-12,2026-04-06,ERP
103779,PROD-103779,Ameliorated intermediate protocol,Software,Operating System,Cisco,3068.29,3943.71,Active,2021-08-19,2025-11-01,ERP
103780,PROD-103780,Inverse mobile Graphic Interface,Software,Analytics,Citrix,2903.37,3552.84,Active,2024-04-16,2025-03-19,ERP
103781,PROD-103781,Business-focused foreground benchmark,Hardware,Desktop,Dell,2254.21,2318.94,Active,2023-11-10,2024-12-13,ERP
103782,PROD-103782,Versatile global installation,Services,Training,HP,2823.36,1715.27,Active,2024-04-30,2024-11-28,ERP
103783,PROD-103783,Function-based 4thgeneration moderator,Storage,NAS,Cisco,4124.41,1510.33,Active,2025-12-01,2026-05-28,ERP
103784,PROD-103784,Organized value-added instruction set,Services,Consulting,Adobe,4807.86,72.26,Active,2023-01-03,2025-07-27,ERP
103785,PROD-103785,Function-based asymmetric groupware,Services,Support,HP,3383.01,104.4,Active,2022-10-26,2025-06-24,ERP
103786,PROD-103786,Function-based bi-directional info-mediaries,Software,Operating System,Cisco,3946.96,342.29,Active,2024-11-09,2025-12-22,ERP
103787,PROD-103787,Centralized national utilization,Networking,Switch,Adobe,1571.5,2594.12,Active,2025-06-06,2025-08-17,ERP
103788,PROD-103788,Reverse-engineered cohesive utilization,Services,Training,Dell,1254.58,1720.7,Active,2023-08-13,2025-05-21,ERP
103789,PROD-103789,Horizontal next generation productivity,Hardware,Server,Dell,4285.15,2875.79,Active,2023-02-20,2024-09-22,ERP
103790,PROD-103790,Fundamental asymmetric approach,Hardware,Server,Citrix,351.93,564.13,Active,2022-02-21,2025-05-09,ERP
103791,PROD-103791,Centralized intermediate hub,Networking,Wireless,Cisco,2032.28,3625.46,Active,2025-10-27,2024-08-06,ERP
103792,PROD-103792,Multi-layered contextually-based definition,Collaboration,Meetings,Lenovo,3799.75,580.95,Active,2021-09-02,2026-01-04,ERP
103793,PROD-103793,Pre-emptive dedicated data-warehouse,Collaboration,Email,Cisco,3466.53,2050.89,Active,2025-09-22,2026-02-26,ERP
103794,PROD-103794,Implemented logistical forecast,Storage,NAS,Cisco,1798.49,3198.95,Active,2023-08-07,2025-07-12,ERP
103795,PROD-103795,User-friendly 24/7 monitoring,Hardware,Laptop,Citrix,2745.54,3902.33,Active,2022-02-01,2024-11-21,ERP
103796,PROD-103796,Digitized bi-directional instruction set,Storage,SAN,Citrix,3182.7,1185.3,Active,2023-10-16,2026-03-19,ERP
103797,PROD-103797,Seamless next generation superstructure,Networking,Router,Citrix,4310.83,3286.14,Active,2021-08-24,2025-03-23,ERP
103798,PROD-103798,Seamless responsive extranet,Networking,Wireless,HP,1817.49,3164.67,Active,2022-07-01,2025-06-17,ERP
103799,PROD-103799,Ergonomic real-time analyzer,Software,Operating System,Lenovo,1486.38,1586.73,Active,2024-05-27,2025-08-14,ERP
103800,PROD-103800,Integrated clear-thinking throughput,Hardware,Desktop,Cisco,2384.11,747.3,Active,2024-12-08,2024-12-05,ERP
103801,PROD-103801,Versatile non-volatile Internet solution,Hardware,Desktop,Lenovo,4984.0,2609.37,Active,2025-06-20,2026-07-21,ERP
103802,PROD-103802,User-centric asymmetric neural-net,Storage,SAN,Citrix,4574.86,1197.57,Active,2021-10-06,2024-12-07,ERP
103803,PROD-103803,Managed modular attitude,Software,Office,VMware,1319.3,3272.58,Active,2023-02-06,2024-11-19,ERP
103804,PROD-103804,Proactive dynamic policy,Storage,SAN,Microsoft,4471.84,2503.22,Active,2025-06-14,2025-02-03,ERP
103805,PROD-103805,Front-line even-keeled strategy,Collaboration,Voice,Cisco,1707.07,3491.96,Active,2023-06-01,2024-09-04,ERP
103806,PROD-103806,Phased needs-based circuit,Security,Encryption,VMware,262.13,1508.89,Active,2025-05-24,2026-05-14,ERP
103807,PROD-103807,Extended dedicated projection,Software,Operating System,Cisco,3362.93,2198.78,Active,2022-09-06,2025-08-19,ERP
103808,PROD-103808,Profit-focused radical throughput,Cloud,Networking,Cisco,90.95,592.27,Active,2023-08-31,2024-08-07,ERP
103809,PROD-103809,Public-key dedicated matrix,Storage,NAS,Lenovo,714.89,3432.43,Active,2022-01-09,2025-06-06,ERP
103810,PROD-103810,Phased value-added installation,Software,Analytics,VMware,3398.34,1826.82,Active,2025-09-12,2025-07-02,ERP
103811,PROD-103811,Sharable impactful flexibility,Networking,Firewall,Cisco,4636.5,2311.99,Active,2021-11-02,2025-07-08,ERP
103812,PROD-103812,Assimilated foreground collaboration,Hardware,Monitor,Adobe,2040.55,2788.31,Active,2023-12-30,2025-03-31,ERP
103813,PROD-103813,Future-proofed zero tolerance service-desk,Hardware,Desktop,HP,2553.0,3060.04,Active,2025-07-10,2025-06-18,ERP
103814,PROD-103814,Operative high-level artificial intelligence,Security,Encryption,VMware,4362.29,3023.74,Active,2021-12-06,2024-09-20,ERP
103815,PROD-103815,Managed user-facing workforce,Services,Consulting,Cisco,4164.23,3073.5,Active,2023-04-17,2025-03-27,ERP
103816,PROD-103816,Fundamental intermediate core,Collaboration,Meetings,Adobe,660.27,1081.88,Active,2021-11-29,2024-08-13,ERP
103817,PROD-103817,Seamless grid-enabled Graphic Interface,Networking,Router,Lenovo,4039.92,3840.43,Active,2022-05-26,2025-11-23,ERP
103818,PROD-103818,Exclusive static protocol,Software,Operating System,Lenovo,4203.76,3287.52,Active,2026-07-03,2026-07-08,ERP
103819,PROD-103819,De-engineered solution-oriented budgetary management,Hardware,Desktop,VMware,4738.2,2372.82,Active,2026-05-20,2026-03-08,ERP
103820,PROD-103820,Universal bottom-line policy,Software,Office,Cisco,2764.46,1786.67,Active,2022-07-17,2026-05-27,ERP
103821,PROD-103821,Programmable full-range open architecture,Services,Support,Cisco,1111.52,1153.76,Active,2022-01-06,2025-04-29,ERP
103822,PROD-103822,Realigned logistical firmware,Collaboration,Productivity,Microsoft,4155.53,399.82,Active,2023-08-06,2025-06-19,ERP
103823,PROD-103823,Cloned client-server benchmark,Hardware,Laptop,Dell,4713.29,1412.7,Active,2022-06-17,2026-04-13,ERP
103824,PROD-103824,Innovative object-oriented customer loyalty,Storage,SAN,HP,2747.51,1598.69,Active,2023-10-14,2024-09-09,ERP
103825,PROD-103825,Customizable executive encryption,Services,Training,HP,4850.95,3697.22,Active,2024-04-26,2026-03-08,ERP
103826,PROD-103826,Adaptive empowering attitude,Software,Database,Cisco,4477.47,2454.57,Active,2024-05-15,2026-02-08,ERP
103827,PROD-103827,Grass-roots stable success,Services,Implementation,Adobe,713.06,1092.41,Active,2023-12-24,2026-07-22,ERP
103828,PROD-103828,Ergonomic fault-tolerant middleware,Security,Identity,Microsoft,330.16,2768.31,Active,2025-06-24,2025-09-11,ERP
103829,PROD-103829,Pre-emptive context-sensitive adapter,Security,Identity,Cisco,839.83,1500.64,Active,2026-03-13,2026-04-25,ERP
103830,PROD-103830,Universal even-keeled open architecture,Networking,Router,Microsoft,3125.85,2865.48,Active,2023-01-17,2024-09-25,ERP
103831,PROD-103831,Focused secondary pricing structure,Security,Identity,HP,763.78,1126.27,Active,2023-06-17,2025-07-20,ERP
103832,PROD-103832,Ameliorated motivating core,Collaboration,Email,Adobe,797.57,1574.35,Active,2025-10-16,2026-05-24,ERP
103833,PROD-103833,Universal object-oriented structure,Security,Encryption,Cisco,957.49,1508.45,Active,2024-10-10,2025-09-20,ERP
103834,PROD-103834,Stand-alone impactful functionalities,Collaboration,Voice,HP,968.33,80.61,Active,2021-11-13,2024-09-20,ERP
103835,PROD-103835,Optimized 3rdgeneration open system,Networking,Switch,Lenovo,543.41,2145.94,Active,2022-12-24,2025-06-29,ERP
103836,PROD-103836,Balanced bottom-line orchestration,Hardware,Laptop,Cisco,1562.12,2115.22,Active,2026-02-22,2025-05-22,ERP
103837,PROD-103837,Customizable system-worthy success,Software,Office,Cisco,298.79,72.7,Active,2023-12-29,2024-08-25,ERP
103838,PROD-103838,Organic bi-directional framework,Storage,Archive,HP,327.65,3721.62,Active,2025-03-20,2025-09-14,ERP
103839,PROD-103839,Grass-roots responsive architecture,Hardware,Laptop,Citrix,3908.19,964.87,Active,2023-11-21,2025-11-24,ERP
103840,PROD-103840,Implemented leadingedge methodology,Storage,NAS,Dell,2877.64,806.46,Active,2025-03-03,2025-04-04,ERP
103841,PROD-103841,Reactive mission-critical conglomeration,Hardware,Laptop,Citrix,2350.99,2429.54,Active,2024-03-19,2025-05-28,ERP
103842,PROD-103842,Synergistic multimedia artificial intelligence,Hardware,Laptop,Dell,2499.92,567.83,Active,2025-01-30,2025-08-11,ERP
103843,PROD-103843,Devolved global task-force,Hardware,Laptop,Adobe,1120.13,1859.38,Active,2024-07-12,2026-02-15,ERP
103844,PROD-103844,Open-architected global projection,Networking,Router,Adobe,899.74,396.76,Active,2024-08-13,2026-03-20,ERP
103845,PROD-103845,Configurable mobile definition,Networking,Wireless,Microsoft,3729.06,1903.64,Active,2024-04-04,2025-03-13,ERP
103846,PROD-103846,Persevering coherent Graphic Interface,Software,Office,Adobe,755.55,501.8,Active,2024-03-12,2025-03-16,ERP
103847,PROD-103847,Enterprise-wide demand-driven function,Security,Threat Protection,VMware,3730.23,3174.58,Active,2025-11-18,2024-08-28,ERP
103848,PROD-103848,Inverse transitional contingency,Collaboration,Email,HP,2758.43,3971.42,Active,2026-07-25,2026-08-02,ERP
103849,PROD-103849,Switchable cohesive benchmark,Software,Office,Microsoft,2301.2,1242.91,Active,2021-08-06,2025-09-20,ERP
103850,PROD-103850,Programmable real-time initiative,Storage,SAN,HP,4134.01,3044.32,Active,2021-08-25,2026-02-06,ERP
103851,PROD-103851,Ergonomic analyzing capability,Security,Endpoint,HP,1834.7,394.05,Active,2026-03-08,2025-05-10,ERP
103852,PROD-103852,Realigned global frame,Storage,SAN,HP,1744.49,878.33,Active,2022-07-19,2024-09-25,ERP
103853,PROD-103853,Sharable tertiary methodology,Security,Identity,HP,4774.03,3657.6,Active,2025-02-28,2026-01-24,ERP
103854,PROD-103854,Balanced modular definition,Hardware,Server,VMware,3722.44,1798.16,Active,2023-12-12,2026-04-09,ERP
103855,PROD-103855,Profound composite matrices,Collaboration,Meetings,Lenovo,3104.27,852.77,Active,2022-12-19,2025-03-27,ERP
103856,PROD-103856,Multi-channeled 4thgeneration migration,Cloud,Networking,Citrix,1613.24,917.98,Active,2023-05-14,2025-04-12,ERP
103857,PROD-103857,Intuitive 4thgeneration pricing structure,Cloud,Networking,Lenovo,440.57,1875.83,Active,2021-12-19,2025-07-19,ERP
103858,PROD-103858,Upgradable mobile instruction set,Security,Identity,HP,1388.22,1396.16,Active,2022-12-08,2025-06-10,ERP
103859,PROD-103859,Cross-group explicit core,Services,Training,Dell,1942.21,547.37,Active,2021-12-11,2025-07-12,ERP
103860,PROD-103860,Cloned didactic help-desk,Software,Operating System,Citrix,4777.66,2159.67,Active,2025-03-18,2024-09-16,ERP
103861,PROD-103861,Secured motivating time-frame,Software,Database,Lenovo,2725.44,1633.3,Active,2022-10-12,2025-01-30,ERP
103862,PROD-103862,Profit-focused 3rdgeneration challenge,Security,Encryption,VMware,2420.9,1726.14,Active,2023-03-31,2024-11-15,ERP
103863,PROD-103863,Managed 24hour customer loyalty,Storage,NAS,Cisco,2344.86,3996.53,Active,2023-01-19,2026-05-26,ERP
103864,PROD-103864,Extended zero tolerance matrices,Hardware,Server,VMware,2308.12,118.95,Active,2023-04-24,2025-05-19,ERP
103865,PROD-103865,Multi-layered tangible moratorium,Networking,Wireless,Dell,4884.77,460.4,Active,2025-02-19,2025-10-24,ERP
103866,PROD-103866,Customer-focused solution-oriented standardization,Hardware,Monitor,VMware,3117.57,2279.83,Active,2023-06-30,2025-08-18,ERP
103867,PROD-103867,Innovative interactive firmware,Software,Office,VMware,265.88,1629.56,Active,2026-06-25,2025-05-16,ERP
103868,PROD-103868,Profound optimal synergy,Networking,Wireless,HP,4176.35,3147.06,Active,2025-02-24,2025-12-14,ERP
103869,PROD-103869,Total responsive task-force,Networking,Firewall,VMware,2573.81,1099.92,Active,2024-03-25,2025-03-13,ERP
103870,PROD-103870,Front-line client-server archive,Hardware,Desktop,Dell,1158.81,3862.72,Active,2023-03-28,2024-11-03,ERP
103871,PROD-103871,Cross-group radical knowledge user,Storage,Backup,VMware,2186.88,613.44,Active,2023-09-10,2025-02-09,ERP
103872,PROD-103872,User-friendly client-driven capacity,Hardware,Desktop,Dell,4989.46,817.22,Active,2026-01-29,2025-04-07,ERP
103873,PROD-103873,Automated needs-based challenge,Collaboration,Meetings,Microsoft,1828.43,1332.19,Active,2025-02-19,2024-10-10,ERP
103874,PROD-103874,Synergistic static encryption,Networking,Switch,Microsoft,351.75,97.24,Active,2023-08-06,2024-11-27,ERP
103875,PROD-103875,Decentralized human-resource flexibility,Storage,NAS,VMware,3731.69,3976.4,Active,2021-10-27,2025-08-07,ERP
103876,PROD-103876,Customizable real-time hub,Collaboration,Meetings,Dell,3080.32,38.35,Active,2022-07-21,2026-02-03,ERP
103877,PROD-103877,Integrated didactic migration,Software,Operating System,VMware,639.6,3198.33,Active,2026-07-17,2025-11-10,ERP
103878,PROD-103878,Profound demand-driven implementation,Hardware,Laptop,Lenovo,2860.2,2972.0,Active,2026-03-16,2024-10-03,ERP
103879,PROD-103879,Realigned empowering standardization,Cloud,Storage,HP,3443.28,826.13,Active,2022-05-06,2025-12-02,ERP
103880,PROD-103880,Extended object-oriented collaboration,Collaboration,Productivity,Microsoft,1971.61,2178.56,Active,2023-01-12,2025-05-29,ERP
103881,PROD-103881,Streamlined value-added product,Services,Training,Dell,4716.87,3469.74,Active,2022-10-06,2026-03-04,ERP
103882,PROD-103882,Persistent background info-mediaries,Storage,Archive,VMware,1973.11,186.51,Active,2022-02-13,2025-12-31,ERP
103883,PROD-103883,Optimized optimal firmware,Hardware,Server,Cisco,1282.75,496.99,Active,2025-03-29,2025-03-24,ERP
103884,PROD-103884,Triple-buffered hybrid conglomeration,Software,Database,Adobe,458.29,407.08,Active,2026-04-23,2024-10-15,ERP
103885,PROD-103885,Proactive methodical architecture,Software,Analytics,Dell,3327.66,2232.3,Active,2021-10-04,2025-06-07,ERP
103886,PROD-103886,Team-oriented systematic instruction set,Services,Training,Citrix,2531.18,3042.94,Active,2023-08-02,2024-08-22,ERP
103887,PROD-103887,Customizable context-sensitive access,Security,Endpoint,Microsoft,986.11,1057.6,Active,2023-03-10,2025-03-24,ERP
103888,PROD-103888,Customizable even-keeled extranet,Hardware,Laptop,Citrix,1057.09,3056.49,Active,2022-04-02,2025-04-20,ERP
103889,PROD-103889,Object-based radical knowledgebase,Security,Encryption,Lenovo,198.36,1303.57,Active,2025-02-21,2025-05-24,ERP
103890,PROD-103890,Digitized bi-directional benchmark,Security,Threat Protection,VMware,4322.99,1741.97,Active,2023-11-09,2024-10-12,ERP
103891,PROD-103891,Versatile uniform Internet solution,Cloud,Compute,Dell,339.87,573.34,Active,2023-06-16,2025-04-06,ERP
103892,PROD-103892,Programmable clear-thinking infrastructure,Hardware,Desktop,Dell,3459.16,630.02,Active,2023-12-05,2025-10-03,ERP
103893,PROD-103893,Vision-oriented systematic archive,Cloud,Storage,Adobe,3002.49,3074.06,Active,2026-01-23,2025-04-24,ERP
103894,PROD-103894,Multi-layered exuding task-force,Hardware,Desktop,Lenovo,746.66,2135.24,Active,2022-10-16,2025-10-19,ERP
103895,PROD-103895,Cross-platform bottom-line solution,Software,Office,VMware,3459.69,3621.72,Active,2025-09-01,2026-07-28,ERP
103896,PROD-103896,Synchronized secondary matrix,Collaboration,Meetings,Citrix,3204.01,790.8,Active,2025-06-04,2024-12-05,ERP
103897,PROD-103897,Open-source value-added definition,Security,Endpoint,Cisco,1754.98,1831.37,Active,2023-01-27,2024-10-17,ERP
103898,PROD-103898,Right-sized leadingedge pricing structure,Hardware,Server,Dell,839.38,401.44,Active,2024-12-07,2024-09-14,ERP
103899,PROD-103899,Profit-focused empowering capability,Cloud,AI,Dell,2767.31,2754.31,Active,2022-06-13,2025-01-02,ERP
103900,PROD-103900,Horizontal fresh-thinking Internet solution,Software,Database,Citrix,1762.46,96.15,Active,2022-02-10,2026-03-28,ERP
103901,PROD-103901,Versatile modular extranet,Storage,SAN,Microsoft,351.12,2416.42,Active,2025-09-16,2026-05-11,ERP
103902,PROD-103902,Public-key user-facing capacity,Networking,Router,VMware,2161.03,118.54,Active,2023-03-04,2024-10-11,ERP
103903,PROD-103903,Fully-configurable homogeneous open system,Software,Database,Cisco,2635.74,1846.67,Active,2023-03-18,2024-10-01,ERP
103904,PROD-103904,Cross-group neutral frame,Hardware,Laptop,HP,1042.49,3618.72,Active,2026-03-03,2025-12-27,ERP
103905,PROD-103905,Synergized logistical archive,Storage,SAN,Citrix,493.38,141.73,Active,2025-03-30,2025-11-12,ERP
103906,PROD-103906,Cross-group dynamic time-frame,Security,Threat Protection,Microsoft,2513.9,1731.8,Active,2023-10-05,2025-12-11,ERP
103907,PROD-103907,Innovative logistical projection,Services,Support,VMware,1594.68,2908.49,Active,2022-10-07,2024-12-16,ERP
103908,PROD-103908,Re-engineered global groupware,Security,Endpoint,HP,4893.42,1690.37,Active,2023-10-30,2026-04-28,ERP
103909,PROD-103909,Multi-layered bifurcated intranet,Networking,Firewall,Lenovo,4134.83,124.98,Active,2022-09-03,2025-08-07,ERP
103910,PROD-103910,Face-to-face executive solution,Software,Analytics,Cisco,83.88,2009.4,Active,2025-03-18,2026-02-08,ERP
103911,PROD-103911,Distributed multi-tasking protocol,Networking,Firewall,Adobe,4234.45,1056.41,Active,2022-01-23,2025-09-04,ERP
103912,PROD-103912,Programmable background synergy,Services,Implementation,Dell,2481.29,1654.08,Active,2023-05-02,2026-01-09,ERP
103913,PROD-103913,Managed human-resource solution,Cloud,Storage,Citrix,3796.47,3004.08,Active,2021-09-30,2024-09-07,ERP
103914,PROD-103914,Multi-channeled multi-tasking superstructure,Cloud,Networking,HP,2001.49,3947.79,Active,2023-06-07,2024-08-19,ERP
103915,PROD-103915,Re-engineered tangible data-warehouse,Storage,Archive,Lenovo,4677.99,3729.23,Active,2021-09-10,2024-10-20,ERP
103916,PROD-103916,Managed solution-oriented application,Storage,NAS,HP,1416.51,329.44,Active,2022-04-25,2025-03-29,ERP
103917,PROD-103917,Monitored cohesive instruction set,Collaboration,Productivity,Adobe,2577.65,3381.13,Active,2023-01-29,2025-03-18,ERP
103918,PROD-103918,Visionary neutral capability,Security,Encryption,Adobe,4157.85,2658.01,Active,2021-12-13,2026-05-25,ERP
103919,PROD-103919,Face-to-face asynchronous complexity,Hardware,Desktop,Citrix,124.47,1665.8,Active,2025-08-06,2025-03-26,ERP
103920,PROD-103920,Proactive clear-thinking encryption,Software,Analytics,Adobe,4967.44,3894.88,Active,2023-05-25,2025-07-29,ERP
103921,PROD-103921,Networked context-sensitive encoding,Cloud,Storage,Citrix,4327.27,3251.49,Active,2025-08-14,2025-04-20,ERP
103922,PROD-103922,Cross-group multimedia algorithm,Security,Identity,VMware,3643.99,3517.85,Active,2025-07-13,2026-01-11,ERP
103923,PROD-103923,Sharable clear-thinking hardware,Storage,NAS,Dell,796.54,1361.71,Active,2026-05-07,2025-05-06,ERP
103924,PROD-103924,Organized interactive knowledgebase,Storage,Backup,Citrix,859.95,1045.69,Active,2025-06-20,2024-09-20,ERP
103925,PROD-103925,Devolved heuristic open architecture,Cloud,Compute,Lenovo,3316.63,1123.74,Active,2026-02-12,2026-03-03,ERP
103926,PROD-103926,Re-engineered actuating encoding,Security,Identity,Dell,550.32,2848.27,Active,2024-10-12,2026-05-19,ERP
103927,PROD-103927,Polarized methodical application,Collaboration,Meetings,Dell,2679.42,1867.81,Active,2025-01-02,2025-06-08,ERP
103928,PROD-103928,Object-based responsive knowledge user,Hardware,Monitor,Cisco,1568.28,1366.02,Active,2022-01-12,2026-03-13,ERP
103929,PROD-103929,Enhanced needs-based info-mediaries,Security,Endpoint,Dell,2664.76,1126.98,Active,2023-07-22,2026-06-25,ERP
103930,PROD-103930,Profound actuating architecture,Storage,SAN,Lenovo,2055.5,3468.03,Active,2022-10-30,2024-09-15,ERP
103931,PROD-103931,Optional empowering hub,Hardware,Server,Dell,4091.97,3972.03,Active,2024-04-02,2025-01-08,ERP
103932,PROD-103932,Realigned 3rdgeneration frame,Cloud,Compute,HP,4085.13,1500.0,Active,2024-07-28,2024-09-22,ERP
103933,PROD-103933,Function-based web-enabled paradigm,Networking,Firewall,Dell,4020.63,766.29,Active,2022-03-23,2026-01-21,ERP
103934,PROD-103934,Public-key real-time protocol,Hardware,Laptop,Lenovo,302.24,2454.92,Active,2025-01-10,2026-07-25,ERP
103935,PROD-103935,Reverse-engineered zero-defect task-force,Storage,SAN,Cisco,2508.52,424.41,Active,2024-09-30,2025-09-03,ERP
103936,PROD-103936,Grass-roots motivating portal,Storage,SAN,Microsoft,1053.05,273.37,Active,2022-03-28,2025-01-26,ERP
103937,PROD-103937,Assimilated upward-trending archive,Networking,Router,Adobe,2776.26,2379.1,Active,2025-04-12,2025-06-16,ERP
103938,PROD-103938,Persistent neutral website,Hardware,Laptop,Dell,4047.56,153.92,Active,2022-01-18,2025-03-25,ERP
103939,PROD-103939,Streamlined systemic hierarchy,Hardware,Desktop,VMware,4598.97,1912.5,Active,2023-04-28,2025-02-10,ERP
103940,PROD-103940,Function-based fresh-thinking Graphical User Interface,Software,Database,Dell,3763.55,1998.12,Active,2023-05-30,2026-01-31,ERP
103941,PROD-103941,Diverse discrete software,Software,Office,Lenovo,275.66,3003.13,Active,2022-03-03,2026-01-23,ERP
103942,PROD-103942,Self-enabling context-sensitive alliance,Storage,NAS,Citrix,3434.53,2476.94,Active,2022-09-12,2024-08-27,ERP
103943,PROD-103943,Seamless upward-trending workforce,Hardware,Server,Dell,2930.08,1157.46,Active,2023-04-05,2026-07-18,ERP
103944,PROD-103944,De-engineered 3rdgeneration complexity,Collaboration,Voice,Citrix,4610.26,2524.03,Active,2023-06-06,2024-10-04,ERP
103945,PROD-103945,Re-contextualized dedicated migration,Software,Database,Adobe,1736.59,1367.35,Active,2022-06-01,2025-09-03,ERP
103946,PROD-103946,Diverse context-sensitive paradigm,Cloud,Compute,Microsoft,2389.11,686.71,Active,2021-10-18,2026-04-02,ERP
103947,PROD-103947,Phased hybrid frame,Collaboration,Email,Adobe,731.13,1885.23,Active,2021-08-15,2025-11-16,ERP
103948,PROD-103948,Right-sized tertiary project,Hardware,Desktop,Adobe,604.16,1676.62,Active,2024-08-19,2024-11-24,ERP
103949,PROD-103949,Secured 24hour hardware,Storage,SAN,Dell,3907.03,1893.18,Active,2025-02-06,2025-05-31,ERP
103950,PROD-103950,Vision-oriented scalable capability,Cloud,Storage,Cisco,3400.39,3519.48,Active,2023-09-07,2025-04-07,ERP
103951,PROD-103951,Assimilated transitional array,Storage,Backup,Adobe,2477.53,504.44,Active,2025-02-08,2025-09-06,ERP
103952,PROD-103952,Synergistic composite pricing structure,Networking,Wireless,Citrix,4195.63,185.27,Active,2026-06-23,2025-10-09,ERP
103953,PROD-103953,Team-oriented dynamic superstructure,Storage,SAN,Microsoft,951.2,1165.01,Active,2025-01-24,2026-07-19,ERP
103954,PROD-103954,Phased responsive throughput,Hardware,Server,Citrix,2354.33,3881.87,Active,2022-11-09,2026-07-23,ERP
103955,PROD-103955,Profit-focused encompassing initiative,Hardware,Laptop,HP,3274.09,2684.79,Active,2024-11-24,2025-12-15,ERP
103956,PROD-103956,User-centric zero tolerance projection,Security,Endpoint,HP,1105.77,1596.16,Active,2025-04-17,2025-05-23,ERP
103957,PROD-103957,Virtual coherent secured line,Cloud,Storage,Dell,1983.98,176.25,Active,2025-12-21,2026-01-03,ERP
103958,PROD-103958,Seamless zero tolerance orchestration,Storage,Archive,Citrix,4242.23,1056.84,Active,2026-01-01,2024-10-13,ERP
103959,PROD-103959,Quality-focused global policy,Collaboration,Email,Lenovo,4014.19,2736.91,Active,2025-10-11,2026-07-09,ERP
103960,PROD-103960,Automated bottom-line process improvement,Services,Consulting,Lenovo,3117.73,495.62,Active,2023-01-15,2025-10-15,ERP
103961,PROD-103961,Cloned high-level model,Services,Support,Dell,1643.18,2949.8,Active,2026-07-16,2024-09-27,ERP
103962,PROD-103962,De-engineered leadingedge support,Storage,Backup,HP,1972.56,42.54,Active,2025-01-24,2025-01-22,ERP
103963,PROD-103963,Synergized 24/7 moderator,Hardware,Desktop,Cisco,1851.69,3917.42,Active,2022-01-27,2025-01-26,ERP
103964,PROD-103964,Re-contextualized dedicated workforce,Security,Endpoint,VMware,4250.25,2818.69,Active,2023-12-06,2025-08-13,ERP
103965,PROD-103965,Enhanced 3rdgeneration matrix,Software,Database,HP,1478.36,3424.74,Active,2026-02-23,2024-12-14,ERP
103966,PROD-103966,Devolved object-oriented secured line,Software,Database,Microsoft,100.58,3653.68,Active,2026-04-28,2024-10-20,ERP
103967,PROD-103967,Distributed disintermediate service-desk,Storage,SAN,Microsoft,1616.14,933.82,Active,2025-09-11,2025-05-05,ERP
103968,PROD-103968,Phased multimedia leverage,Cloud,Compute,Citrix,4562.38,1523.8,Active,2023-03-03,2026-06-18,ERP
103969,PROD-103969,Diverse zero tolerance collaboration,Services,Implementation,VMware,2051.19,3181.9,Active,2022-05-21,2025-02-04,ERP
103970,PROD-103970,Fully-configurable neutral model,Networking,Firewall,Cisco,1583.8,385.59,Active,2024-10-30,2026-01-29,ERP
103971,PROD-103971,Universal contextually-based Internet solution,Hardware,Server,Microsoft,4109.92,3524.85,Active,2026-04-28,2024-09-23,ERP
103972,PROD-103972,Innovative 3rdgeneration extranet,Security,Encryption,Lenovo,1334.9,3974.66,Active,2024-11-03,2024-08-07,ERP
103973,PROD-103973,Compatible non-volatile extranet,Collaboration,Productivity,Dell,1634.28,1005.96,Active,2022-09-13,2025-12-16,ERP
103974,PROD-103974,Visionary dynamic function,Services,Training,Dell,727.24,3087.45,Active,2024-09-22,2024-08-17,ERP
103975,PROD-103975,Versatile mission-critical structure,Collaboration,Productivity,Citrix,4045.54,557.6,Active,2022-10-27,2026-04-12,ERP
103976,PROD-103976,Persistent 24hour instruction set,Services,Implementation,Dell,1739.76,1056.9,Active,2024-01-16,2024-11-19,ERP
103977,PROD-103977,Compatible contextually-based data-warehouse,Storage,SAN,Adobe,845.84,2944.05,Active,2021-12-07,2026-01-02,ERP
103978,PROD-103978,Cross-group global implementation,Hardware,Desktop,VMware,3944.5,1754.65,Active,2022-10-03,2025-08-07,ERP
103979,PROD-103979,Customer-focused foreground adapter,Services,Training,Lenovo,3877.16,1887.54,Active,2022-01-27,2024-08-31,ERP
103980,PROD-103980,Versatile even-keeled methodology,Hardware,Server,Dell,2235.64,133.58,Active,2026-06-14,2025-04-27,ERP
103981,PROD-103981,Realigned bandwidth-monitored paradigm,Networking,Router,Adobe,656.39,1552.49,Active,2021-12-20,2024-08-24,ERP
103982,PROD-103982,Decentralized optimizing moderator,Security,Encryption,Cisco,2431.71,2897.57,Active,2022-04-03,2024-08-22,ERP
103983,PROD-103983,Down-sized reciprocal Internet solution,Networking,Router,Adobe,1624.35,3915.33,Active,2024-12-16,2024-12-04,ERP
103984,PROD-103984,Enterprise-wide needs-based success,Hardware,Desktop,Adobe,1517.71,314.76,Active,2025-11-03,2025-09-17,ERP
103985,PROD-103985,Ameliorated even-keeled hub,Security,Threat Protection,Adobe,3375.01,1548.71,Active,2025-08-28,2026-01-16,ERP
103986,PROD-103986,Persistent local flexibility,Cloud,Storage,Citrix,1334.82,3013.17,Active,2022-01-15,2025-06-20,ERP
103987,PROD-103987,Front-line zero-defect complexity,Storage,NAS,Adobe,970.39,2076.87,Active,2024-12-07,2024-09-05,ERP
103988,PROD-103988,Realigned zero tolerance paradigm,Security,Identity,Adobe,2112.27,1021.42,Active,2022-07-21,2026-01-07,ERP
103989,PROD-103989,Multi-layered reciprocal benchmark,Hardware,Monitor,Lenovo,3431.8,596.67,Active,2025-05-04,2024-11-13,ERP
103990,PROD-103990,Optional zero administration implementation,Software,Database,Citrix,1080.82,2205.25,Active,2023-07-30,2025-09-19,ERP
103991,PROD-103991,Focused executive success,Storage,Archive,Lenovo,3473.56,1448.58,Active,2026-06-04,2025-09-02,ERP
103992,PROD-103992,Digitized dedicated encryption,Cloud,Storage,Lenovo,3624.08,3347.68,Active,2026-06-19,2026-01-29,ERP
103993,PROD-103993,Re-engineered value-added moderator,Hardware,Monitor,Microsoft,3996.79,2080.12,Active,2025-06-10,2026-02-10,ERP
103994,PROD-103994,Fully-configurable mobile superstructure,Storage,NAS,HP,334.8,1355.07,Active,2024-07-18,2026-05-14,ERP
103995,PROD-103995,Synchronized upward-trending utilization,Services,Support,VMware,79.83,3158.12,Active,2025-04-23,2026-04-21,ERP
103996,PROD-103996,Optional real-time service-desk,Cloud,Networking,Cisco,2909.67,2975.26,Active,2025-04-27,2025-11-14,ERP
103997,PROD-103997,Intuitive uniform portal,Services,Implementation,Lenovo,4760.15,3111.63,Active,2024-11-07,2026-05-10,ERP
103998,PROD-103998,Fully-configurable 24hour service-desk,Services,Support,Citrix,2086.89,254.65,Active,2023-09-12,2025-12-21,ERP
103999,PROD-103999,Self-enabling demand-driven info-mediaries,Collaboration,Productivity,Adobe,3567.87,1393.44,Active,2022-07-08,2025-11-20,ERP
104000,PROD-104000,Open-architected background concept,Cloud,Networking,Dell,2954.15,3454.05,Active,2022-11-30,2026-03-14,ERP
104001,PROD-104001,Inverse transitional hardware,Networking,Firewall,HP,4233.14,1920.51,Active,2025-07-05,2025-07-01,ERP
104002,PROD-104002,Up-sized stable definition,Storage,NAS,Adobe,3656.78,741.54,Active,2023-01-04,2024-11-20,ERP
104003,PROD-104003,Optimized system-worthy system engine,Cloud,Storage,HP,2436.62,448.01,Active,2026-02-04,2026-07-25,ERP
104004,PROD-104004,Digitized composite concept,Software,Office,Citrix,3273.68,1973.13,Active,2022-10-01,2026-02-23,ERP
104005,PROD-104005,Universal full-range alliance,Software,Office,Dell,2143.53,252.39,Active,2021-10-24,2026-04-19,ERP
104006,PROD-104006,Managed next generation orchestration,Security,Endpoint,Citrix,614.4,1091.11,Active,2023-05-06,2025-09-09,ERP
104007,PROD-104007,Ameliorated local function,Storage,NAS,Microsoft,1905.24,3761.49,Active,2025-05-22,2024-08-19,ERP
104008,PROD-104008,Synergized bi-directional time-frame,Storage,SAN,Cisco,2943.34,3230.72,Active,2023-01-25,2025-05-17,ERP
104009,PROD-104009,Business-focused mission-critical installation,Cloud,Compute,HP,3747.04,3979.73,Active,2024-08-22,2024-08-11,ERP
104010,PROD-104010,Seamless didactic Graphical User Interface,Hardware,Laptop,VMware,962.7,1605.14,Active,2025-09-14,2026-03-08,ERP
104011,PROD-104011,Grass-roots client-driven framework,Collaboration,Email,Microsoft,2140.4,125.46,Active,2022-09-01,2025-10-26,ERP
104012,PROD-104012,Synergized zero tolerance architecture,Software,Office,Adobe,4423.51,3043.91,Active,2023-05-26,2024-12-15,ERP
104013,PROD-104013,Adaptive multi-tasking groupware,Networking,Router,Lenovo,4623.06,1796.45,Active,2022-03-19,2026-01-14,ERP
104014,PROD-104014,Virtual multi-tasking emulation,Hardware,Server,Microsoft,4709.74,1182.54,Active,2024-01-23,2025-05-24,ERP
104015,PROD-104015,Programmable incremental ability,Networking,Switch,HP,2095.68,1848.88,Active,2026-01-20,2025-10-27,ERP
104016,PROD-104016,Up-sized even-keeled capacity,Security,Threat Protection,Lenovo,2908.98,3414.93,Active,2024-06-08,2025-10-02,ERP
104017,PROD-104017,Reverse-engineered clear-thinking firmware,Collaboration,Meetings,VMware,3923.47,1747.09,Active,2026-01-06,2025-03-08,ERP
104018,PROD-104018,Open-source zero administration analyzer,Networking,Router,Cisco,4791.62,154.23,Active,2022-04-30,2025-12-04,ERP
104019,PROD-104019,Monitored multi-tasking Internet solution,Storage,Backup,VMware,351.28,3526.88,Active,2026-05-14,2025-10-10,ERP
104020,PROD-104020,Fully-configurable optimal flexibility,Services,Consulting,Cisco,3703.89,918.84,Active,2024-02-22,2026-01-17,ERP
104021,PROD-104021,Optimized motivating standardization,Collaboration,Meetings,Adobe,941.9,3448.19,Active,2026-01-16,2026-02-06,ERP
104022,PROD-104022,Profound zero tolerance process improvement,Cloud,Compute,Lenovo,1149.93,2617.56,Active,2023-03-09,2025-11-14,ERP
104023,PROD-104023,Vision-oriented maximized time-frame,Security,Encryption,Microsoft,670.92,1736.03,Active,2026-06-10,2025-10-28,ERP
104024,PROD-104024,Business-focused human-resource concept,Storage,Archive,Lenovo,3247.11,3300.65,Active,2022-05-12,2025-12-06,ERP
104025,PROD-104025,Fundamental intangible monitoring,Collaboration,Meetings,VMware,1811.69,841.5,Active,2024-09-19,2024-11-17,ERP
104026,PROD-104026,Multi-lateral national infrastructure,Collaboration,Voice,Citrix,165.8,2898.07,Active,2024-10-06,2025-11-23,ERP
104027,PROD-104027,Advanced 3rdgeneration help-desk,Storage,Backup,Microsoft,2122.54,1993.27,Active,2024-12-10,2025-11-29,ERP
104028,PROD-104028,Reactive national data-warehouse,Services,Implementation,Microsoft,889.75,2193.92,Active,2022-10-23,2025-08-26,ERP
104029,PROD-104029,Multi-lateral client-driven forecast,Software,Database,Microsoft,871.22,3092.3,Active,2025-02-06,2026-07-01,ERP
104030,PROD-104030,Multi-layered logistical budgetary management,Services,Training,Cisco,3117.5,1135.98,Active,2024-03-03,2025-12-06,ERP
104031,PROD-104031,Synergistic full-range groupware,Hardware,Desktop,HP,4498.82,1410.27,Active,2026-04-11,2025-03-14,ERP
104032,PROD-104032,Cross-platform composite infrastructure,Networking,Switch,Cisco,907.9,3830.68,Active,2023-10-27,2024-11-09,ERP
104033,PROD-104033,Horizontal attitude-oriented extranet,Networking,Firewall,Dell,251.65,3243.11,Active,2025-10-26,2025-05-15,ERP
104034,PROD-104034,Grass-roots system-worthy migration,Services,Training,Microsoft,611.93,3541.83,Active,2026-01-11,2025-12-29,ERP
104035,PROD-104035,Configurable non-volatile knowledgebase,Networking,Firewall,VMware,1676.38,2878.71,Active,2022-05-04,2026-03-04,ERP
104036,PROD-104036,Reverse-engineered mission-critical open system,Hardware,Desktop,Lenovo,2925.43,3257.31,Active,2022-05-12,2025-10-26,ERP
104037,PROD-104037,Advanced web-enabled open system,Security,Endpoint,Cisco,3787.51,1001.27,Active,2022-05-18,2026-05-30,ERP
104038,PROD-104038,Intuitive non-volatile support,Cloud,AI,Cisco,2000.87,673.77,Active,2024-06-03,2025-10-16,ERP
104039,PROD-104039,User-centric interactive process improvement,Storage,NAS,Microsoft,4068.64,130.94,Active,2023-06-29,2025-01-30,ERP
104040,PROD-104040,Persistent local encryption,Networking,Router,HP,4166.68,3159.92,Active,2023-06-13,2025-05-10,ERP
104041,PROD-104041,Automated zero-defect matrix,Security,Identity,HP,4404.53,253.69,Active,2021-12-24,2025-12-15,ERP
104042,PROD-104042,Programmable 24/7 knowledge user,Services,Implementation,Citrix,4542.98,2456.62,Active,2022-07-15,2026-04-01,ERP
104043,PROD-104043,Pre-emptive systematic help-desk,Cloud,Compute,Dell,756.08,3868.75,Active,2022-07-18,2026-01-28,ERP
104044,PROD-104044,Realigned clear-thinking conglomeration,Storage,NAS,Dell,2431.55,1253.24,Active,2025-09-20,2025-01-03,ERP
104045,PROD-104045,Devolved contextually-based product,Services,Training,HP,374.55,84.18,Active,2025-03-04,2026-06-17,ERP
104046,PROD-104046,Ameliorated multi-tasking framework,Cloud,AI,Dell,2853.47,3609.21,Active,2023-07-04,2026-01-20,ERP
104047,PROD-104047,Digitized 4thgeneration utilization,Services,Consulting,HP,945.02,1799.2,Active,2022-10-02,2026-03-31,ERP
104048,PROD-104048,Cross-group content-based application,Networking,Router,Adobe,1893.27,2897.12,Active,2024-09-26,2025-09-07,ERP
104049,PROD-104049,Triple-buffered 24hour open system,Cloud,Networking,VMware,2393.59,625.8,Active,2026-06-12,2024-10-03,ERP
104050,PROD-104050,Organic scalable service-desk,Storage,Backup,Lenovo,559.28,3625.18,Active,2022-10-23,2025-10-14,ERP
104051,PROD-104051,Monitored bi-directional structure,Hardware,Monitor,Dell,2270.42,3071.65,Active,2025-11-27,2025-07-13,ERP
104052,PROD-104052,Devolved systematic initiative,Hardware,Laptop,HP,3316.23,3520.45,Active,2022-10-18,2024-09-01,ERP
104053,PROD-104053,Upgradable holistic portal,Security,Threat Protection,HP,1388.89,784.43,Active,2022-05-02,2025-02-09,ERP
104054,PROD-104054,Cross-group maximized concept,Software,Operating System,Citrix,3470.86,3443.74,Active,2022-07-26,2025-04-07,ERP
104055,PROD-104055,Total empowering installation,Services,Consulting,Citrix,515.73,859.29,Active,2023-07-14,2024-08-13,ERP
104056,PROD-104056,Horizontal dynamic utilization,Cloud,Compute,Dell,1532.59,2673.11,Active,2024-10-01,2026-06-05,ERP
104057,PROD-104057,Integrated foreground architecture,Hardware,Monitor,Adobe,4590.76,1857.46,Active,2026-04-30,2026-07-03,ERP
104058,PROD-104058,Down-sized composite architecture,Cloud,AI,Adobe,3047.05,529.23,Active,2021-08-06,2025-02-03,ERP
104059,PROD-104059,Ergonomic optimal hub,Security,Endpoint,HP,4855.2,2019.33,Active,2024-07-07,2026-03-06,ERP
104060,PROD-104060,Organic logistical flexibility,Networking,Firewall,Citrix,3517.04,2170.31,Active,2026-03-26,2024-08-14,ERP
104061,PROD-104061,Decentralized incremental structure,Software,Database,Microsoft,1547.43,2182.36,Active,2024-04-25,2024-11-29,ERP
104062,PROD-104062,Business-focused demand-driven success,Collaboration,Email,Lenovo,2488.91,1544.26,Active,2025-10-24,2025-03-16,ERP
104063,PROD-104063,Centralized multi-tasking adapter,Networking,Switch,Cisco,3799.89,2365.92,Active,2024-07-01,2026-07-24,ERP
104064,PROD-104064,Compatible 24/7 hub,Storage,Backup,Dell,1821.94,2479.61,Active,2025-12-31,2024-10-23,ERP
104065,PROD-104065,De-engineered dedicated circuit,Hardware,Desktop,Citrix,2362.99,2183.03,Active,2024-12-26,2025-01-08,ERP
104066,PROD-104066,Devolved 24hour support,Security,Encryption,VMware,333.78,2091.07,Active,2024-06-09,2026-06-04,ERP
104067,PROD-104067,Digitized mobile time-frame,Services,Support,HP,4864.67,1299.54,Active,2024-03-15,2025-01-17,ERP
104068,PROD-104068,Enterprise-wide actuating open architecture,Storage,Archive,HP,2052.43,708.31,Active,2024-08-04,2026-02-03,ERP
104069,PROD-104069,Balanced web-enabled encryption,Security,Encryption,Adobe,670.38,2348.39,Active,2026-01-28,2024-08-24,ERP
104070,PROD-104070,User-friendly logistical website,Cloud,AI,VMware,4623.69,3452.5,Active,2022-12-27,2025-03-16,ERP
104071,PROD-104071,Organic stable product,Services,Training,Dell,3939.39,1582.37,Active,2021-11-04,2025-12-19,ERP
104072,PROD-104072,Synergistic tangible attitude,Cloud,Storage,HP,4354.4,59.28,Active,2022-07-17,2025-05-18,ERP
104073,PROD-104073,Advanced object-oriented attitude,Software,Database,Citrix,3660.21,2663.16,Active,2023-03-17,2025-07-27,ERP
104074,PROD-104074,User-friendly bandwidth-monitored support,Storage,NAS,VMware,2263.75,2221.07,Active,2023-07-01,2025-06-07,ERP
104075,PROD-104075,Inverse multi-tasking matrices,Networking,Firewall,HP,3248.29,385.29,Active,2026-02-27,2026-07-13,ERP
104076,PROD-104076,Customizable composite customer loyalty,Cloud,Storage,Cisco,4614.19,371.58,Active,2021-10-08,2024-10-03,ERP
104077,PROD-104077,Distributed high-level hardware,Cloud,Compute,Microsoft,3047.15,2629.12,Active,2022-01-23,2025-10-07,ERP
104078,PROD-104078,Automated fault-tolerant collaboration,Storage,NAS,Adobe,246.8,1654.39,Active,2023-02-21,2026-05-17,ERP
104079,PROD-104079,Adaptive bottom-line system engine,Hardware,Server,Citrix,4148.75,234.15,Active,2021-11-08,2025-10-05,ERP
104080,PROD-104080,Switchable multi-tasking interface,Services,Implementation,Cisco,966.3,1921.93,Active,2024-07-02,2025-11-18,ERP
104081,PROD-104081,Cross-group hybrid algorithm,Security,Identity,Microsoft,3600.02,2467.73,Active,2025-08-25,2025-05-23,ERP
104082,PROD-104082,Organized stable open architecture,Hardware,Laptop,Cisco,1265.77,3057.99,Active,2026-01-09,2025-11-11,ERP
104083,PROD-104083,Fully-configurable coherent solution,Cloud,Storage,HP,1524.5,1868.13,Active,2023-09-22,2025-01-26,ERP
104084,PROD-104084,Multi-lateral client-server implementation,Software,Database,Lenovo,4268.28,2786.94,Active,2022-03-16,2025-07-15,ERP
104085,PROD-104085,Synergistic local intranet,Storage,SAN,HP,2333.95,2644.83,Active,2024-02-06,2026-04-09,ERP
104086,PROD-104086,Assimilated stable approach,Services,Implementation,VMware,2031.15,3695.79,Active,2025-12-14,2025-03-05,ERP
104087,PROD-104087,Total encompassing toolset,Storage,SAN,Adobe,4879.3,3484.48,Active,2022-10-07,2025-09-21,ERP
104088,PROD-104088,Grass-roots user-facing interface,Storage,Backup,Cisco,3558.12,2860.08,Active,2022-11-06,2025-09-16,ERP
104089,PROD-104089,Team-oriented empowering budgetary management,Services,Consulting,Microsoft,2883.59,932.37,Active,2023-10-30,2026-07-12,ERP
104090,PROD-104090,Re-engineered intangible architecture,Cloud,Storage,VMware,2147.11,1792.65,Active,2026-01-05,2025-01-18,ERP
104091,PROD-104091,Polarized grid-enabled archive,Storage,NAS,Cisco,3382.82,842.2,Active,2021-12-29,2025-08-23,ERP
104092,PROD-104092,Networked regional archive,Networking,Wireless,Dell,111.53,3749.0,Active,2023-07-22,2026-07-28,ERP
104093,PROD-104093,Managed asynchronous infrastructure,Security,Threat Protection,Dell,4826.74,1216.19,Active,2021-09-10,2025-02-05,ERP
104094,PROD-104094,Synchronized logistical orchestration,Networking,Router,Lenovo,1777.38,3602.21,Active,2022-11-05,2025-04-10,ERP
104095,PROD-104095,Synergistic actuating projection,Security,Identity,Cisco,2325.85,1869.09,Active,2022-10-03,2025-04-02,ERP
104096,PROD-104096,Progressive incremental algorithm,Storage,Backup,Adobe,4757.56,3579.83,Active,2025-05-31,2025-06-18,ERP
104097,PROD-104097,Quality-focused 3rdgeneration frame,Hardware,Monitor,Cisco,3960.69,2427.51,Active,2022-07-29,2026-02-13,ERP
104098,PROD-104098,Vision-oriented object-oriented database,Cloud,Compute,VMware,4406.0,3240.19,Active,2023-07-26,2025-04-16,ERP
104099,PROD-104099,Assimilated dynamic hardware,Collaboration,Voice,Citrix,545.43,2213.15,Active,2024-11-30,2026-04-22,ERP
104100,PROD-104100,Object-based mission-critical flexibility,Hardware,Laptop,Adobe,3117.63,2269.41,Active,2023-09-22,2024-12-14,ERP
104101,PROD-104101,Monitored scalable adapter,Cloud,AI,HP,253.82,695.58,Active,2023-10-21,2025-06-01,ERP
104102,PROD-104102,Monitored optimizing neural-net,Networking,Wireless,VMware,1369.71,1087.59,Active,2025-08-16,2025-02-16,ERP
104103,PROD-104103,Team-oriented mission-critical throughput,Collaboration,Meetings,Cisco,1379.91,1727.89,Active,2024-08-10,2026-07-23,ERP
104104,PROD-104104,Optional directional task-force,Services,Support,Lenovo,2884.37,1808.33,Active,2021-10-02,2025-05-24,ERP
104105,PROD-104105,Fully-configurable mobile paradigm,Hardware,Desktop,Citrix,4377.03,3096.53,Active,2022-11-18,2026-02-27,ERP
104106,PROD-104106,Ergonomic hybrid workforce,Services,Support,Lenovo,4218.23,568.84,Active,2024-09-26,2025-09-10,ERP
104107,PROD-104107,Configurable motivating Graphic Interface,Hardware,Server,Adobe,906.14,2074.98,Active,2024-03-21,2024-09-11,ERP
104108,PROD-104108,Organized high-level ability,Security,Identity,Microsoft,4897.3,37.77,Active,2024-05-15,2024-10-11,ERP
104109,PROD-104109,Extended system-worthy complexity,Services,Support,Citrix,3147.82,1268.99,Active,2024-02-15,2025-05-17,ERP
104110,PROD-104110,Intuitive bi-directional budgetary management,Security,Endpoint,Dell,1984.53,1132.15,Active,2026-03-16,2025-09-23,ERP
104111,PROD-104111,Organized multi-tasking Graphic Interface,Services,Consulting,Microsoft,2928.68,900.99,Active,2024-11-23,2025-06-12,ERP
104112,PROD-104112,Phased responsive superstructure,Software,Analytics,Lenovo,297.06,1967.7,Active,2022-08-07,2025-08-04,ERP
104113,PROD-104113,Total neutral website,Storage,SAN,VMware,1149.54,2033.13,Active,2021-08-19,2025-01-22,ERP
104114,PROD-104114,Centralized intermediate standardization,Security,Threat Protection,Cisco,2312.33,1599.81,Active,2025-08-29,2025-02-18,ERP
104115,PROD-104115,Assimilated fresh-thinking initiative,Storage,SAN,Adobe,4224.04,3853.0,Active,2025-06-02,2024-12-07,ERP
104116,PROD-104116,Digitized holistic circuit,Services,Implementation,VMware,4485.68,3400.09,Active,2024-04-01,2025-01-14,ERP
104117,PROD-104117,Optional asynchronous adapter,Cloud,Networking,Cisco,2050.45,3700.35,Active,2024-06-24,2025-12-13,ERP
104118,PROD-104118,Operative global contingency,Software,Analytics,VMware,4417.23,371.33,Active,2023-09-24,2025-05-02,ERP
104119,PROD-104119,Organic 24/7 database,Services,Consulting,Microsoft,788.31,1914.63,Active,2026-01-28,2025-11-08,ERP
104120,PROD-104120,Exclusive client-server framework,Cloud,Compute,Microsoft,3896.5,1249.56,Active,2023-03-12,2026-02-22,ERP
104121,PROD-104121,Pre-emptive intermediate knowledge user,Hardware,Monitor,Lenovo,151.15,3905.76,Active,2025-11-24,2026-03-18,ERP
104122,PROD-104122,Adaptive interactive installation,Services,Implementation,Lenovo,214.67,3600.22,Active,2025-10-15,2025-08-10,ERP
104123,PROD-104123,Enhanced user-facing hub,Networking,Switch,Adobe,1371.69,1713.6,Active,2023-04-14,2026-02-02,ERP
104124,PROD-104124,Multi-layered multi-tasking productivity,Networking,Switch,Microsoft,2011.97,2587.33,Active,2023-12-31,2025-11-12,ERP
104125,PROD-104125,Multi-channeled bandwidth-monitored model,Networking,Router,Lenovo,2381.47,3171.05,Active,2026-06-15,2024-08-22,ERP
104126,PROD-104126,Inverse disintermediate extranet,Software,Database,HP,3687.73,1697.0,Active,2021-11-13,2024-08-08,ERP
104127,PROD-104127,Synergistic holistic policy,Collaboration,Voice,Dell,3090.83,3090.11,Active,2026-01-04,2024-11-19,ERP
104128,PROD-104128,Monitored real-time methodology,Collaboration,Productivity,Citrix,1129.25,3045.71,Active,2026-07-19,2026-03-06,ERP
104129,PROD-104129,Advanced transitional software,Hardware,Monitor,Adobe,3769.58,2301.25,Active,2023-05-24,2025-02-09,ERP
104130,PROD-104130,Universal client-server moratorium,Networking,Firewall,HP,3497.06,2782.06,Active,2024-11-07,2026-02-18,ERP
104131,PROD-104131,Operative multi-state algorithm,Collaboration,Productivity,Microsoft,3722.36,1276.78,Active,2024-12-09,2026-04-30,ERP
104132,PROD-104132,Expanded non-volatile initiative,Services,Consulting,VMware,2876.46,577.52,Active,2023-05-02,2024-09-23,ERP
104133,PROD-104133,Synchronized zero tolerance groupware,Software,Office,Microsoft,1348.69,3429.38,Active,2024-10-27,2025-06-24,ERP
104134,PROD-104134,Up-sized optimizing utilization,Storage,SAN,Lenovo,3429.83,1785.06,Active,2025-09-19,2025-07-27,ERP
104135,PROD-104135,Reverse-engineered attitude-oriented migration,Storage,Archive,Cisco,974.75,268.24,Active,2025-01-03,2025-02-08,ERP
104136,PROD-104136,Diverse incremental definition,Software,Office,HP,2910.51,3849.58,Active,2024-03-25,2026-04-01,ERP
104137,PROD-104137,Horizontal demand-driven neural-net,Hardware,Monitor,Cisco,4720.35,2331.36,Active,2022-05-17,2026-01-15,ERP
104138,PROD-104138,Customizable object-oriented core,Cloud,Compute,HP,2478.16,2258.36,Active,2021-08-23,2026-05-17,ERP
104139,PROD-104139,Right-sized actuating service-desk,Storage,Backup,Cisco,3874.44,952.69,Active,2025-12-30,2025-08-20,ERP
104140,PROD-104140,Diverse non-volatile productivity,Software,Office,Microsoft,2692.77,3293.88,Active,2025-12-12,2026-02-20,ERP
104141,PROD-104141,Centralized zero administration circuit,Security,Threat Protection,HP,2055.86,1185.45,Active,2026-04-15,2025-03-03,ERP
104142,PROD-104142,Pre-emptive interactive leverage,Hardware,Desktop,Cisco,4863.76,371.21,Active,2026-02-26,2026-04-24,ERP
104143,PROD-104143,Universal global data-warehouse,Networking,Firewall,VMware,3451.08,2567.94,Active,2026-05-03,2024-12-09,ERP
104144,PROD-104144,Devolved responsive application,Hardware,Laptop,VMware,1826.02,2273.18,Active,2023-05-03,2024-10-02,ERP
104145,PROD-104145,Horizontal stable structure,Storage,Archive,Microsoft,4969.73,2405.29,Active,2022-07-13,2026-01-28,ERP
104146,PROD-104146,Cross-group didactic software,Software,Analytics,Adobe,989.76,1487.26,Active,2024-07-05,2024-09-06,ERP
104147,PROD-104147,Face-to-face optimizing array,Cloud,AI,Cisco,2828.99,2062.7,Active,2025-07-26,2025-01-06,ERP
104148,PROD-104148,Cloned system-worthy service-desk,Security,Endpoint,Microsoft,3502.0,3136.67,Active,2023-09-03,2024-08-03,ERP
104149,PROD-104149,Profound analyzing collaboration,Software,Office,Dell,2100.71,2020.44,Active,2022-09-27,2024-12-20,ERP
104150,PROD-104150,Monitored optimizing instruction set,Hardware,Monitor,Lenovo,4771.55,1102.54,Active,2023-06-19,2026-05-21,ERP
104151,PROD-104151,Integrated holistic projection,Networking,Router,Citrix,4420.99,2122.62,Active,2023-01-09,2025-06-20,ERP
104152,PROD-104152,Automated web-enabled info-mediaries,Hardware,Laptop,Lenovo,3269.93,1029.08,Active,2023-12-28,2026-05-12,ERP
104153,PROD-104153,Cloned maximized capability,Cloud,Compute,Citrix,57.29,3759.44,Active,2021-08-28,2026-07-17,ERP
104154,PROD-104154,Enterprise-wide fresh-thinking algorithm,Hardware,Laptop,Adobe,319.28,2406.33,Active,2022-04-26,2024-11-12,ERP
104155,PROD-104155,Streamlined zero-defect complexity,Cloud,Networking,VMware,260.53,3522.35,Active,2024-12-11,2025-05-29,ERP
104156,PROD-104156,Programmable leadingedge system engine,Networking,Router,Microsoft,2612.03,3595.56,Active,2026-05-07,2025-02-01,ERP
104157,PROD-104157,User-friendly executive focus group,Software,Office,HP,2040.45,2126.55,Active,2024-07-17,2025-09-02,ERP
104158,PROD-104158,Digitized 3rdgeneration migration,Storage,NAS,VMware,4172.97,3373.73,Active,2022-04-14,2026-02-17,ERP
104159,PROD-104159,Automated systemic algorithm,Services,Consulting,Microsoft,2315.33,2077.45,Active,2026-04-12,2026-04-23,ERP
104160,PROD-104160,Progressive tertiary Local Area Network,Services,Support,Adobe,3175.16,378.05,Active,2023-02-21,2024-10-18,ERP
104161,PROD-104161,Public-key 5thgeneration budgetary management,Storage,SAN,Lenovo,4688.44,2749.56,Active,2024-03-14,2025-03-30,ERP
104162,PROD-104162,Cross-group foreground functionalities,Storage,SAN,HP,4009.05,1639.42,Active,2026-05-12,2025-03-31,ERP
104163,PROD-104163,Phased contextually-based service-desk,Cloud,Compute,Microsoft,2675.4,3366.67,Active,2025-03-09,2025-09-27,ERP
104164,PROD-104164,Customizable 6thgeneration forecast,Networking,Router,Adobe,331.25,3035.7,Active,2022-03-06,2024-09-09,ERP
104165,PROD-104165,Vision-oriented needs-based framework,Cloud,Networking,Cisco,3378.96,3532.39,Active,2025-04-19,2025-07-21,ERP
104166,PROD-104166,Total systemic artificial intelligence,Security,Threat Protection,Cisco,1664.01,2389.58,Active,2025-03-18,2024-11-30,ERP
104167,PROD-104167,Stand-alone logistical challenge,Cloud,AI,Citrix,4991.68,2729.86,Active,2022-08-31,2026-03-12,ERP
104168,PROD-104168,Team-oriented systemic Internet solution,Collaboration,Email,Dell,934.28,2949.74,Active,2024-10-27,2025-09-18,ERP
104169,PROD-104169,Synergized interactive success,Security,Endpoint,VMware,853.42,3510.7,Active,2021-08-09,2025-10-08,ERP
104170,PROD-104170,Organic global infrastructure,Networking,Wireless,Microsoft,2948.56,3756.68,Active,2021-12-18,2025-09-10,ERP
104171,PROD-104171,Realigned heuristic array,Cloud,Storage,Adobe,1852.95,60.6,Active,2024-09-29,2026-02-09,ERP
104172,PROD-104172,Customer-focused mission-critical customer loyalty,Security,Encryption,Lenovo,4123.44,3709.21,Active,2023-03-22,2025-01-05,ERP
104173,PROD-104173,Multi-lateral motivating archive,Hardware,Desktop,Lenovo,3262.67,1809.22,Active,2022-03-23,2025-01-17,ERP
104174,PROD-104174,Ameliorated contextually-based archive,Cloud,AI,Cisco,1908.39,553.51,Active,2023-12-07,2024-10-08,ERP
104175,PROD-104175,Implemented impactful orchestration,Security,Identity,Citrix,1806.56,2801.14,Active,2024-12-07,2025-06-28,ERP
104176,PROD-104176,Centralized asynchronous migration,Storage,Backup,Dell,3514.57,3265.23,Active,2023-11-27,2025-04-05,ERP
104177,PROD-104177,Multi-layered radical pricing structure,Services,Training,Microsoft,4855.94,3497.97,Active,2022-08-22,2025-06-23,ERP
104178,PROD-104178,Inverse zero tolerance monitoring,Security,Endpoint,Dell,1793.78,2874.48,Active,2025-11-19,2024-09-01,ERP
104179,PROD-104179,Focused maximized complexity,Collaboration,Productivity,Cisco,2612.97,1123.87,Active,2024-03-11,2026-02-01,ERP
104180,PROD-104180,Right-sized 24hour moratorium,Storage,Archive,HP,4995.36,3843.9,Active,2024-04-05,2025-02-02,ERP
104181,PROD-104181,Synchronized tertiary Graphic Interface,Networking,Wireless,Microsoft,1936.74,3232.02,Active,2023-07-25,2026-07-03,ERP
104182,PROD-104182,Right-sized stable website,Storage,Backup,Dell,690.27,2336.37,Active,2022-11-02,2025-02-15,ERP
104183,PROD-104183,Synergized dedicated parallelism,Collaboration,Meetings,HP,3755.05,3806.48,Active,2025-12-25,2024-09-06,ERP
104184,PROD-104184,Balanced 5thgeneration process improvement,Cloud,Networking,HP,870.64,1657.65,Active,2025-02-19,2025-11-07,ERP
104185,PROD-104185,Object-based global interface,Cloud,Compute,Lenovo,2113.92,313.87,Active,2024-01-18,2024-11-15,ERP
104186,PROD-104186,Cross-platform modular protocol,Collaboration,Productivity,HP,986.26,1395.39,Active,2024-09-29,2024-10-28,ERP
104187,PROD-104187,Decentralized bandwidth-monitored function,Cloud,Storage,Cisco,1637.05,2222.56,Active,2026-04-27,2024-12-03,ERP
104188,PROD-104188,User-friendly reciprocal Graphic Interface,Collaboration,Productivity,Adobe,3565.07,1817.49,Active,2024-08-17,2025-03-21,ERP
104189,PROD-104189,Multi-layered fresh-thinking forecast,Cloud,AI,Lenovo,111.17,507.64,Active,2025-09-24,2025-12-31,ERP
104190,PROD-104190,Operative bi-directional middleware,Security,Endpoint,Microsoft,2640.12,3471.06,Active,2022-12-08,2026-07-13,ERP
104191,PROD-104191,Re-contextualized coherent solution,Security,Endpoint,Dell,1670.48,2422.41,Active,2025-04-21,2026-03-11,ERP
104192,PROD-104192,Persistent bandwidth-monitored emulation,Networking,Router,HP,4955.66,1624.74,Active,2026-04-29,2025-06-04,ERP
104193,PROD-104193,User-friendly full-range data-warehouse,Hardware,Laptop,Dell,1483.48,222.44,Active,2026-01-08,2026-04-16,ERP
104194,PROD-104194,Virtual dedicated application,Collaboration,Productivity,HP,4208.38,2904.4,Active,2026-03-01,2026-03-11,ERP
104195,PROD-104195,Networked discrete hierarchy,Software,Analytics,Cisco,4271.89,3486.09,Active,2024-12-10,2025-01-18,ERP
104196,PROD-104196,Ergonomic asynchronous interface,Software,Database,VMware,635.13,836.4,Active,2025-10-09,2026-05-01,ERP
104197,PROD-104197,Ameliorated exuding strategy,Collaboration,Voice,HP,4510.61,3378.38,Active,2022-07-27,2026-01-03,ERP
104198,PROD-104198,Realigned executive groupware,Collaboration,Meetings,Microsoft,2977.61,2172.08,Active,2025-04-09,2026-04-28,ERP
104199,PROD-104199,Horizontal intangible benchmark,Services,Implementation,VMware,840.86,3148.97,Active,2024-06-17,2024-10-18,ERP
104200,PROD-104200,Function-based well-modulated array,Cloud,AI,Microsoft,1681.06,3879.24,Active,2026-01-16,2024-11-17,ERP
104201,PROD-104201,Persevering maximized alliance,Cloud,Compute,HP,1205.98,3330.81,Active,2025-07-20,2026-05-02,ERP
104202,PROD-104202,Open-architected uniform conglomeration,Hardware,Monitor,Lenovo,2169.13,3771.08,Active,2023-04-29,2025-02-26,ERP
104203,PROD-104203,Implemented analyzing focus group,Software,Analytics,Lenovo,669.26,3752.33,Active,2023-03-05,2026-01-21,ERP
104204,PROD-104204,Universal multi-tasking alliance,Hardware,Server,Lenovo,2693.04,3520.4,Active,2023-09-27,2025-04-10,ERP
104205,PROD-104205,Mandatory optimizing projection,Software,Office,Citrix,1267.72,3742.59,Active,2023-01-19,2024-08-18,ERP
104206,PROD-104206,Intuitive directional Local Area Network,Collaboration,Productivity,Lenovo,547.49,2116.61,Active,2023-12-23,2026-03-30,ERP
104207,PROD-104207,Optimized object-oriented orchestration,Services,Implementation,HP,3800.59,2615.26,Active,2022-09-25,2025-07-08,ERP
104208,PROD-104208,Customizable asynchronous migration,Security,Identity,VMware,1277.15,3759.02,Active,2022-06-22,2025-02-10,ERP
104209,PROD-104209,Polarized scalable service-desk,Collaboration,Voice,Dell,3568.57,1289.0,Active,2022-12-04,2026-05-23,ERP
104210,PROD-104210,Operative needs-based initiative,Software,Database,Adobe,3319.36,1280.1,Active,2024-04-29,2024-12-15,ERP
104211,PROD-104211,Compatible national neural-net,Storage,SAN,Microsoft,306.56,1973.51,Active,2022-10-20,2025-11-08,ERP
104212,PROD-104212,Vision-oriented bottom-line core,Networking,Switch,Dell,2506.83,3883.46,Active,2024-03-12,2026-06-29,ERP
104213,PROD-104213,Profit-focused intermediate projection,Hardware,Desktop,Lenovo,476.5,2313.0,Active,2025-08-03,2026-02-14,ERP
104214,PROD-104214,Integrated transitional budgetary management,Cloud,Compute,HP,3490.3,3337.47,Active,2024-02-01,2025-08-25,ERP
104215,PROD-104215,Advanced 3rdgeneration instruction set,Software,Database,Adobe,1007.21,1852.0,Active,2026-04-25,2026-01-07,ERP
104216,PROD-104216,Cross-group didactic attitude,Networking,Firewall,HP,4061.31,3410.84,Active,2024-01-05,2026-06-26,ERP
104217,PROD-104217,Ergonomic dynamic Internet solution,Security,Threat Protection,Adobe,1468.73,2445.51,Active,2024-09-16,2025-02-22,ERP
104218,PROD-104218,Integrated encompassing framework,Security,Encryption,Lenovo,177.08,3005.42,Active,2021-10-11,2025-11-12,ERP
104219,PROD-104219,Secured heuristic contingency,Storage,NAS,Cisco,1610.31,286.11,Active,2022-01-20,2024-12-18,ERP
104220,PROD-104220,Optional directional productivity,Hardware,Monitor,Lenovo,1640.7,3115.13,Active,2024-12-05,2024-11-12,ERP
104221,PROD-104221,Total contextually-based array,Software,Office,Microsoft,4888.41,2760.04,Active,2025-04-06,2026-07-16,ERP
104222,PROD-104222,Robust needs-based matrix,Services,Consulting,Adobe,3490.63,3845.03,Active,2025-01-07,2025-04-25,ERP
104223,PROD-104223,Customer-focused 5thgeneration Graphical User Interface,Cloud,AI,Dell,1376.52,1549.52,Active,2023-11-24,2024-09-16,ERP
104224,PROD-104224,Self-enabling background toolset,Security,Identity,Dell,2813.8,1432.22,Active,2025-11-26,2026-04-24,ERP
104225,PROD-104225,Sharable high-level contingency,Hardware,Server,Citrix,2745.81,339.24,Active,2023-03-09,2025-03-19,ERP
104226,PROD-104226,Reduced regional function,Software,Analytics,Adobe,1339.83,2880.3,Active,2025-09-14,2025-07-12,ERP
104227,PROD-104227,Persevering mobile encoding,Storage,Backup,Cisco,3031.27,489.97,Active,2025-02-08,2026-06-27,ERP
104228,PROD-104228,Public-key systematic workforce,Storage,SAN,Adobe,4115.23,35.7,Active,2025-01-11,2024-11-09,ERP
104229,PROD-104229,Decentralized non-volatile matrix,Security,Identity,Cisco,4466.69,3209.61,Active,2023-04-05,2025-01-23,ERP
104230,PROD-104230,Cross-group optimizing success,Security,Threat Protection,VMware,630.29,1123.26,Active,2024-05-04,2025-02-24,ERP
104231,PROD-104231,Phased reciprocal neural-net,Hardware,Desktop,HP,932.14,3221.98,Active,2025-05-21,2025-07-26,ERP
104232,PROD-104232,Innovative homogeneous definition,Hardware,Desktop,Lenovo,1998.6,662.27,Active,2022-06-07,2026-02-27,ERP
104233,PROD-104233,Pre-emptive optimal time-frame,Hardware,Desktop,Citrix,4580.93,2187.35,Active,2024-02-06,2026-02-05,ERP
104234,PROD-104234,Synchronized solution-oriented success,Storage,Backup,Microsoft,3317.35,2148.36,Active,2024-03-30,2025-12-04,ERP
104235,PROD-104235,Total foreground support,Hardware,Desktop,Lenovo,1642.39,2442.12,Active,2025-11-11,2026-08-02,ERP
104236,PROD-104236,Networked bifurcated intranet,Services,Consulting,Lenovo,1448.3,1763.38,Active,2024-03-09,2025-05-07,ERP
104237,PROD-104237,Multi-tiered logistical middleware,Networking,Switch,Cisco,1745.6,1684.66,Active,2021-08-28,2026-01-23,ERP
104238,PROD-104238,Robust bifurcated hardware,Networking,Router,Cisco,3044.26,1886.98,Active,2022-12-01,2025-09-08,ERP
104239,PROD-104239,Front-line zero tolerance initiative,Security,Identity,Microsoft,3822.33,3365.72,Active,2022-06-10,2026-03-04,ERP
104240,PROD-104240,Advanced multi-tasking monitoring,Collaboration,Email,Adobe,4962.38,194.18,Active,2026-01-18,2026-03-18,ERP
104241,PROD-104241,De-engineered analyzing system engine,Cloud,Compute,Dell,3017.45,2470.16,Active,2024-10-18,2026-03-08,ERP
104242,PROD-104242,Automated full-range success,Security,Endpoint,Dell,504.78,2730.98,Active,2025-06-01,2024-12-21,ERP
104243,PROD-104243,Robust needs-based Graphic Interface,Cloud,Networking,Lenovo,546.29,1357.76,Active,2024-02-07,2025-10-21,ERP
104244,PROD-104244,Seamless real-time alliance,Security,Threat Protection,Microsoft,1747.41,3206.36,Active,2026-02-24,2026-04-11,ERP
104245,PROD-104245,Secured encompassing architecture,Networking,Switch,Dell,601.62,2633.39,Active,2025-11-10,2025-01-11,ERP
104246,PROD-104246,Future-proofed incremental artificial intelligence,Hardware,Server,Adobe,4003.67,2697.14,Active,2022-07-03,2025-05-18,ERP
104247,PROD-104247,Multi-layered eco-centric methodology,Cloud,Storage,Microsoft,1602.02,2412.46,Active,2021-10-30,2025-10-01,ERP
104248,PROD-104248,Automated executive help-desk,Collaboration,Email,Adobe,2413.16,1108.73,Active,2026-07-03,2026-04-18,ERP
104249,PROD-104249,Digitized solution-oriented system engine,Security,Threat Protection,Adobe,3645.73,3835.36,Active,2023-05-19,2025-08-07,ERP
104250,PROD-104250,Devolved logistical secured line,Hardware,Desktop,Cisco,445.64,3009.09,Active,2024-09-21,2026-05-03,ERP
104251,PROD-104251,Face-to-face well-modulated standardization,Security,Encryption,Dell,4123.23,2299.87,Active,2026-01-09,2026-04-16,ERP
104252,PROD-104252,Configurable well-modulated matrix,Networking,Firewall,Lenovo,4388.18,1956.52,Active,2024-04-29,2026-02-23,ERP
104253,PROD-104253,Down-sized multi-tasking initiative,Storage,Archive,HP,4370.26,739.71,Active,2025-02-27,2025-08-06,ERP
104254,PROD-104254,Persistent zero-defect application,Services,Implementation,Microsoft,1848.35,3905.49,Active,2025-01-09,2025-04-13,ERP
104255,PROD-104255,Up-sized zero administration open architecture,Cloud,Networking,Dell,3712.32,1222.3,Active,2021-09-17,2025-05-05,ERP
104256,PROD-104256,Reduced client-driven system engine,Cloud,AI,Adobe,4074.12,3631.18,Active,2024-01-18,2026-05-26,ERP
104257,PROD-104257,Multi-channeled background success,Hardware,Desktop,Lenovo,2608.84,217.46,Active,2026-01-23,2025-07-02,ERP
104258,PROD-104258,Proactive transitional definition,Hardware,Monitor,Cisco,255.57,1598.34,Active,2024-10-26,2025-03-05,ERP
104259,PROD-104259,Operative needs-based approach,Storage,SAN,Citrix,267.88,2930.46,Active,2025-08-15,2026-03-22,ERP
104260,PROD-104260,Progressive asymmetric initiative,Software,Office,VMware,4195.23,2504.78,Active,2024-09-09,2025-09-09,ERP
104261,PROD-104261,Enhanced dynamic adapter,Software,Operating System,Cisco,2953.88,2379.65,Active,2026-08-01,2026-02-13,ERP
104262,PROD-104262,Function-based client-server approach,Cloud,Compute,Cisco,3213.52,594.07,Active,2024-06-01,2026-01-28,ERP
104263,PROD-104263,Profit-focused high-level initiative,Cloud,Compute,VMware,1727.88,2762.02,Active,2026-03-17,2025-04-03,ERP
104264,PROD-104264,Versatile motivating frame,Collaboration,Voice,Adobe,3495.76,1482.51,Active,2024-01-04,2025-01-19,ERP
104265,PROD-104265,Optional 3rdgeneration migration,Software,Database,Lenovo,256.22,2502.54,Active,2021-10-23,2026-01-12,ERP
104266,PROD-104266,Centralized fresh-thinking website,Storage,SAN,HP,4322.05,1867.29,Active,2025-11-10,2026-04-10,ERP
104267,PROD-104267,Business-focused context-sensitive core,Collaboration,Voice,Citrix,1326.06,1111.58,Active,2025-07-01,2024-08-08,ERP
104268,PROD-104268,Multi-lateral content-based moderator,Cloud,Compute,Citrix,1464.86,2238.43,Active,2023-09-22,2024-12-20,ERP
104269,PROD-104269,Synchronized foreground core,Security,Threat Protection,Citrix,1164.39,384.99,Active,2024-02-03,2024-08-09,ERP
104270,PROD-104270,Customizable zero administration Graphical User Interface,Hardware,Laptop,Lenovo,1771.91,1417.8,Active,2025-08-04,2026-02-21,ERP
104271,PROD-104271,Organized analyzing Graphical User Interface,Networking,Firewall,VMware,3822.34,1607.59,Active,2025-05-17,2025-12-05,ERP
104272,PROD-104272,Organic intangible framework,Storage,NAS,HP,3005.73,2751.17,Active,2023-09-12,2026-05-06,ERP
104273,PROD-104273,Function-based multi-tasking matrix,Cloud,Compute,Adobe,3101.83,233.02,Active,2025-01-04,2025-10-02,ERP
104274,PROD-104274,Enterprise-wide asymmetric orchestration,Storage,Archive,Microsoft,1211.93,3251.18,Active,2022-04-07,2025-02-03,ERP
104275,PROD-104275,Expanded object-oriented complexity,Software,Office,HP,1582.5,1706.65,Active,2024-07-22,2025-09-27,ERP
104276,PROD-104276,Team-oriented foreground moratorium,Collaboration,Email,VMware,2272.1,2570.38,Active,2022-12-05,2026-02-22,ERP
104277,PROD-104277,Grass-roots discrete forecast,Storage,Archive,Microsoft,698.86,1429.44,Active,2022-02-10,2025-01-28,ERP
104278,PROD-104278,Optimized full-range conglomeration,Software,Analytics,Citrix,184.51,1513.47,Active,2023-06-13,2026-02-22,ERP
104279,PROD-104279,Polarized 5thgeneration forecast,Networking,Router,Dell,2234.03,2725.58,Active,2025-03-12,2026-02-15,ERP
104280,PROD-104280,Horizontal next generation architecture,Software,Office,Adobe,4054.37,1281.23,Active,2024-11-11,2026-05-15,ERP
104281,PROD-104281,Function-based motivating website,Hardware,Server,Adobe,2881.8,1509.34,Active,2021-08-25,2025-02-23,ERP
104282,PROD-104282,Cross-group holistic pricing structure,Cloud,AI,VMware,421.51,1000.05,Active,2024-04-29,2026-03-20,ERP
104283,PROD-104283,Seamless even-keeled access,Services,Training,Adobe,2857.48,250.04,Active,2023-03-25,2025-01-15,ERP
104284,PROD-104284,Profound bifurcated moderator,Storage,Backup,Citrix,1108.28,2728.04,Active,2024-03-31,2025-07-25,ERP
104285,PROD-104285,Focused context-sensitive framework,Services,Implementation,Microsoft,1630.62,1854.43,Active,2026-04-02,2026-06-03,ERP
104286,PROD-104286,Face-to-face dedicated function,Software,Office,Lenovo,4823.9,3748.5,Active,2023-04-30,2026-08-02,ERP
104287,PROD-104287,User-centric radical ability,Storage,NAS,Lenovo,1683.98,3543.57,Active,2023-08-06,2025-09-28,ERP
104288,PROD-104288,Future-proofed zero tolerance toolset,Networking,Switch,Citrix,3581.74,1992.21,Active,2024-11-03,2025-12-25,ERP
104289,PROD-104289,Optimized intangible initiative,Collaboration,Productivity,Microsoft,1902.56,1888.11,Active,2024-12-11,2025-05-05,ERP
104290,PROD-104290,Synchronized web-enabled methodology,Cloud,Storage,Adobe,4245.45,3210.12,Active,2023-12-16,2025-01-25,ERP
104291,PROD-104291,Innovative 6thgeneration focus group,Software,Analytics,Cisco,4284.92,3227.7,Active,2022-08-13,2025-11-02,ERP
104292,PROD-104292,Persevering impactful installation,Software,Database,HP,176.39,1455.53,Active,2022-10-12,2026-05-03,ERP
104293,PROD-104293,Extended 6thgeneration knowledge user,Collaboration,Meetings,Cisco,988.79,3274.08,Active,2024-07-15,2026-08-01,ERP
104294,PROD-104294,Digitized multi-state firmware,Collaboration,Meetings,HP,1091.15,3993.21,Active,2022-12-12,2024-09-24,ERP
104295,PROD-104295,Networked asymmetric adapter,Storage,Backup,VMware,247.59,3477.59,Active,2022-11-23,2026-06-22,ERP
104296,PROD-104296,Triple-buffered contextually-based parallelism,Cloud,AI,Cisco,3827.28,3266.52,Active,2022-05-30,2025-05-10,ERP
104297,PROD-104297,Organized system-worthy product,Collaboration,Productivity,HP,1328.52,1771.2,Active,2021-11-29,2025-09-22,ERP
104298,PROD-104298,Ergonomic solution-oriented archive,Networking,Switch,Cisco,3618.6,3473.18,Active,2021-11-24,2026-04-05,ERP
104299,PROD-104299,Compatible multimedia Internet solution,Cloud,Compute,HP,1229.58,749.88,Active,2025-08-30,2026-02-14,ERP
104300,PROD-104300,Fully-configurable even-keeled circuit,Software,Analytics,Microsoft,373.03,2476.97,Active,2021-09-02,2025-04-25,ERP
104301,PROD-104301,Face-to-face secondary knowledgebase,Networking,Switch,VMware,1502.01,869.36,Active,2025-02-10,2025-03-10,ERP
104302,PROD-104302,Cross-group leadingedge architecture,Security,Encryption,Dell,3043.02,2112.95,Active,2023-06-22,2025-03-11,ERP
104303,PROD-104303,Advanced human-resource middleware,Hardware,Monitor,Citrix,4108.4,3451.52,Active,2022-06-24,2025-03-07,ERP
104304,PROD-104304,Cloned object-oriented migration,Services,Training,Citrix,677.85,1571.29,Active,2023-02-01,2026-06-26,ERP
104305,PROD-104305,Vision-oriented mission-critical encryption,Collaboration,Voice,Lenovo,2863.55,2447.17,Active,2024-12-04,2025-08-29,ERP
104306,PROD-104306,Proactive multi-state complexity,Software,Database,Cisco,665.37,40.03,Active,2026-06-06,2025-01-20,ERP
104307,PROD-104307,Streamlined impactful alliance,Storage,Backup,Cisco,1106.55,640.03,Active,2022-01-29,2025-02-17,ERP
104308,PROD-104308,Re-contextualized encompassing open architecture,Storage,NAS,HP,2489.18,1883.07,Active,2021-12-09,2026-05-25,ERP
104309,PROD-104309,Multi-lateral modular attitude,Networking,Switch,Dell,2100.13,2910.76,Active,2025-03-08,2024-11-22,ERP
104310,PROD-104310,Re-contextualized methodical artificial intelligence,Hardware,Monitor,Lenovo,4646.47,2927.2,Active,2022-11-20,2026-05-30,ERP
104311,PROD-104311,Progressive tangible capability,Hardware,Monitor,Microsoft,1076.31,1461.99,Active,2025-11-27,2025-12-24,ERP
104312,PROD-104312,Future-proofed national definition,Networking,Wireless,Microsoft,1708.54,1269.94,Active,2021-12-14,2025-07-25,ERP
104313,PROD-104313,Networked homogeneous frame,Security,Endpoint,VMware,469.83,3300.76,Active,2022-07-29,2026-06-04,ERP
104314,PROD-104314,Monitored contextually-based support,Collaboration,Voice,Microsoft,704.77,1996.83,Active,2022-03-15,2025-06-28,ERP
104315,PROD-104315,Optimized actuating contingency,Hardware,Monitor,Adobe,3918.43,1483.12,Active,2024-03-12,2025-09-21,ERP
104316,PROD-104316,Integrated bifurcated software,Cloud,Networking,Adobe,2130.23,1500.72,Active,2023-01-18,2026-03-20,ERP
104317,PROD-104317,Devolved fresh-thinking monitoring,Hardware,Monitor,HP,118.28,184.04,Active,2025-11-29,2026-01-26,ERP
104318,PROD-104318,Stand-alone incremental portal,Storage,NAS,Citrix,3189.75,3180.59,Active,2023-10-01,2026-03-18,ERP
104319,PROD-104319,Profound radical initiative,Storage,Backup,Lenovo,3658.2,1148.83,Active,2025-07-13,2026-01-31,ERP
104320,PROD-104320,Front-line zero tolerance portal,Collaboration,Voice,Citrix,2995.31,2591.61,Active,2026-03-20,2026-07-17,ERP
104321,PROD-104321,Team-oriented heuristic conglomeration,Networking,Router,Cisco,4905.65,2803.46,Active,2024-08-14,2026-07-21,ERP
104322,PROD-104322,Multi-layered multimedia process improvement,Collaboration,Voice,Dell,1325.55,3657.73,Active,2026-05-22,2026-01-10,ERP
104323,PROD-104323,Stand-alone asynchronous groupware,Storage,SAN,Citrix,4078.64,81.47,Active,2021-08-19,2025-05-02,ERP
104324,PROD-104324,Configurable 3rdgeneration hub,Security,Endpoint,HP,4126.55,3105.93,Active,2023-08-03,2026-04-04,ERP
104325,PROD-104325,Realigned even-keeled functionalities,Storage,Backup,Cisco,681.42,2987.57,Active,2025-09-09,2025-03-01,ERP
104326,PROD-104326,Synergized bi-directional system engine,Security,Encryption,Dell,697.27,648.87,Active,2021-12-21,2025-08-01,ERP
104327,PROD-104327,Horizontal object-oriented encryption,Software,Operating System,Citrix,3098.79,2260.48,Active,2024-02-25,2025-09-28,ERP
104328,PROD-104328,Stand-alone executive support,Services,Support,VMware,130.6,2806.72,Active,2022-01-16,2025-05-20,ERP
104329,PROD-104329,Down-sized asynchronous monitoring,Cloud,Networking,Lenovo,3719.5,3951.15,Active,2022-04-29,2026-02-15,ERP
104330,PROD-104330,Devolved national complexity,Cloud,Storage,Cisco,4092.27,3889.37,Active,2025-03-13,2025-12-29,ERP
104331,PROD-104331,Customer-focused systemic support,Security,Encryption,VMware,904.49,3560.78,Active,2025-05-03,2025-10-15,ERP
104332,PROD-104332,Integrated fault-tolerant Graphical User Interface,Cloud,AI,Lenovo,3589.91,2992.43,Active,2022-09-04,2024-10-03,ERP
104333,PROD-104333,Streamlined systemic encryption,Collaboration,Email,HP,4549.52,536.85,Active,2025-02-11,2026-02-17,ERP
104334,PROD-104334,Programmable asymmetric adapter,Collaboration,Productivity,Microsoft,1682.65,2197.96,Active,2022-07-18,2024-08-10,ERP
104335,PROD-104335,Fully-configurable methodical task-force,Security,Identity,Lenovo,2634.67,1553.07,Active,2023-11-28,2026-01-11,ERP
104336,PROD-104336,Distributed client-server knowledgebase,Software,Database,VMware,2898.9,1496.06,Active,2024-06-17,2026-07-25,ERP
104337,PROD-104337,Quality-focused well-modulated solution,Security,Encryption,VMware,1987.5,3018.33,Active,2026-01-12,2026-05-26,ERP
104338,PROD-104338,Multi-tiered incremental open architecture,Services,Implementation,Adobe,3136.48,2280.29,Active,2022-05-24,2025-04-08,ERP
104339,PROD-104339,Open-architected reciprocal structure,Storage,NAS,Cisco,4856.77,3428.86,Active,2022-06-09,2025-09-27,ERP
104340,PROD-104340,Enhanced heuristic alliance,Collaboration,Meetings,Cisco,2005.11,499.34,Active,2024-02-15,2024-12-15,ERP
104341,PROD-104341,Future-proofed multi-tasking hardware,Hardware,Desktop,Lenovo,464.19,1618.08,Active,2022-12-27,2025-07-17,ERP
104342,PROD-104342,Managed stable infrastructure,Hardware,Laptop,Lenovo,1647.13,3605.95,Active,2024-11-30,2024-11-23,ERP
104343,PROD-104343,Sharable multi-tasking implementation,Collaboration,Productivity,VMware,1686.19,2670.4,Active,2022-06-13,2025-10-14,ERP
104344,PROD-104344,Virtual systematic migration,Storage,Backup,Citrix,3770.46,1449.93,Active,2024-12-01,2025-09-22,ERP
104345,PROD-104345,Programmable client-server hub,Collaboration,Voice,Dell,4956.43,709.29,Active,2025-10-16,2025-06-25,ERP
104346,PROD-104346,Sharable multimedia infrastructure,Collaboration,Productivity,VMware,78.32,232.9,Active,2022-05-29,2025-02-14,ERP
104347,PROD-104347,Customizable static benchmark,Collaboration,Voice,Lenovo,4051.37,3426.95,Active,2024-03-09,2026-06-09,ERP
104348,PROD-104348,Customer-focused motivating architecture,Security,Identity,Citrix,402.89,1545.89,Active,2023-12-23,2026-06-11,ERP
104349,PROD-104349,Intuitive 3rdgeneration forecast,Security,Threat Protection,Dell,811.84,3569.8,Active,2021-12-17,2025-11-03,ERP
104350,PROD-104350,Team-oriented dedicated architecture,Security,Threat Protection,Dell,3860.71,2365.2,Active,2026-01-13,2025-04-18,ERP
104351,PROD-104351,Devolved grid-enabled leverage,Collaboration,Voice,Microsoft,761.42,3395.92,Active,2024-10-03,2025-09-02,ERP
104352,PROD-104352,Intuitive static implementation,Networking,Switch,Lenovo,4565.14,3992.49,Active,2025-08-26,2026-04-25,ERP
104353,PROD-104353,Synergized discrete migration,Hardware,Desktop,Citrix,4111.88,3472.37,Active,2023-01-29,2026-08-02,ERP
104354,PROD-104354,Open-source coherent support,Software,Office,Microsoft,4793.74,1647.63,Active,2024-07-20,2026-01-24,ERP
104355,PROD-104355,Advanced stable firmware,Hardware,Server,VMware,811.72,868.34,Active,2022-11-16,2025-05-21,ERP
104356,PROD-104356,User-friendly zero-defect data-warehouse,Storage,SAN,HP,273.85,2782.4,Active,2025-08-24,2025-02-28,ERP
104357,PROD-104357,Seamless user-facing knowledgebase,Hardware,Desktop,Microsoft,4916.44,3113.01,Active,2023-03-28,2025-10-08,ERP
104358,PROD-104358,Assimilated systematic forecast,Security,Identity,Cisco,1382.12,2324.09,Active,2023-06-10,2024-10-17,ERP
104359,PROD-104359,Multi-lateral analyzing flexibility,Storage,SAN,Adobe,3002.06,3475.33,Active,2025-06-26,2025-02-26,ERP
104360,PROD-104360,Robust zero tolerance standardization,Collaboration,Meetings,VMware,1716.35,632.6,Active,2024-07-14,2025-01-11,ERP
104361,PROD-104361,Business-focused leadingedge flexibility,Security,Identity,Cisco,1844.76,2447.34,Active,2023-09-30,2024-09-21,ERP
104362,PROD-104362,Operative even-keeled alliance,Hardware,Server,Citrix,4576.15,1869.55,Active,2024-06-27,2025-05-25,ERP
104363,PROD-104363,Decentralized leadingedge solution,Services,Implementation,Adobe,1530.82,2050.02,Active,2023-04-15,2026-06-01,ERP
104364,PROD-104364,Pre-emptive radical firmware,Hardware,Server,Adobe,3219.09,3814.53,Active,2023-10-30,2024-11-16,ERP
104365,PROD-104365,Versatile actuating definition,Security,Identity,Citrix,2943.17,2521.05,Active,2022-11-05,2025-05-17,ERP
104366,PROD-104366,Multi-lateral static Internet solution,Hardware,Desktop,Lenovo,55.39,2875.98,Active,2026-01-26,2025-05-28,ERP
104367,PROD-104367,Switchable maximized infrastructure,Security,Threat Protection,HP,3270.83,3239.75,Active,2022-08-22,2025-12-29,ERP
104368,PROD-104368,Right-sized asynchronous installation,Hardware,Desktop,Dell,1801.18,2133.52,Active,2024-09-21,2025-08-20,ERP
104369,PROD-104369,Switchable contextually-based Graphical User Interface,Cloud,AI,VMware,3072.09,3487.24,Active,2024-09-07,2024-09-01,ERP
104370,PROD-104370,Automated regional interface,Collaboration,Meetings,VMware,810.15,928.75,Active,2021-09-07,2026-04-06,ERP
104371,PROD-104371,Secured multi-tasking project,Collaboration,Productivity,Adobe,1464.23,1761.23,Active,2024-02-20,2024-08-20,ERP
104372,PROD-104372,Optional real-time protocol,Services,Training,Dell,3298.71,290.11,Active,2023-03-07,2026-06-29,ERP
104373,PROD-104373,Grass-roots cohesive framework,Storage,Backup,HP,1047.26,2015.92,Active,2025-08-03,2025-04-07,ERP
104374,PROD-104374,Seamless transitional access,Cloud,AI,Lenovo,3496.84,3228.77,Active,2025-11-20,2025-03-17,ERP
104375,PROD-104375,Streamlined human-resource paradigm,Security,Identity,Lenovo,837.91,2595.64,Active,2021-09-20,2025-12-27,ERP
104376,PROD-104376,Synergistic modular challenge,Networking,Switch,Lenovo,204.08,2580.23,Active,2023-02-21,2026-03-16,ERP
104377,PROD-104377,Re-engineered real-time firmware,Storage,Backup,HP,2323.27,3358.61,Active,2026-03-24,2025-01-28,ERP
104378,PROD-104378,Proactive didactic artificial intelligence,Security,Endpoint,Dell,4254.07,1787.72,Active,2024-07-30,2026-02-28,ERP
104379,PROD-104379,Customer-focused solution-oriented solution,Hardware,Monitor,Lenovo,949.88,2371.66,Active,2025-10-08,2026-01-07,ERP
104380,PROD-104380,Fully-configurable zero administration encryption,Software,Analytics,Dell,4909.54,2130.28,Active,2026-06-06,2024-12-09,ERP
104381,PROD-104381,Function-based client-server synergy,Software,Office,HP,1509.76,608.06,Active,2022-02-04,2025-05-14,ERP
104382,PROD-104382,Quality-focused intermediate artificial intelligence,Storage,Backup,Citrix,2837.48,1671.92,Active,2025-03-30,2026-04-01,ERP
104383,PROD-104383,Monitored zero administration moderator,Hardware,Monitor,HP,1216.05,1854.17,Active,2022-12-04,2025-06-12,ERP
104384,PROD-104384,Customer-focused client-driven standardization,Cloud,Storage,Adobe,639.28,2508.08,Active,2024-01-20,2025-06-15,ERP
104385,PROD-104385,Vision-oriented upward-trending encoding,Hardware,Desktop,HP,1178.6,2725.26,Active,2025-09-12,2025-09-14,ERP
104386,PROD-104386,Customer-focused impactful open architecture,Hardware,Laptop,Lenovo,1615.97,1109.11,Active,2022-01-14,2026-05-08,ERP
104387,PROD-104387,Proactive bandwidth-monitored hierarchy,Collaboration,Email,VMware,4059.1,3938.11,Active,2022-01-03,2026-03-24,ERP
104388,PROD-104388,Reduced transitional open architecture,Services,Training,Dell,3154.24,1794.55,Active,2026-07-12,2026-06-08,ERP
104389,PROD-104389,Upgradable explicit Internet solution,Collaboration,Voice,Citrix,1052.5,2111.2,Active,2024-09-01,2026-04-18,ERP
104390,PROD-104390,Intuitive tertiary ability,Hardware,Monitor,Cisco,2340.71,288.58,Active,2024-09-08,2026-01-01,ERP
104391,PROD-104391,Adaptive homogeneous infrastructure,Software,Analytics,Adobe,3032.51,2242.36,Active,2024-10-07,2025-03-23,ERP
104392,PROD-104392,Progressive contextually-based utilization,Security,Threat Protection,Lenovo,879.86,3311.43,Active,2024-05-21,2025-06-24,ERP
104393,PROD-104393,Object-based encompassing application,Networking,Firewall,Adobe,2084.57,2112.37,Active,2024-02-10,2025-07-20,ERP
104394,PROD-104394,Quality-focused user-facing orchestration,Cloud,Compute,Adobe,2023.04,624.98,Active,2022-04-09,2024-09-03,ERP
104395,PROD-104395,Extended clear-thinking archive,Storage,SAN,HP,616.86,2535.6,Active,2023-09-28,2025-01-31,ERP
104396,PROD-104396,De-engineered well-modulated adapter,Hardware,Server,Dell,2758.55,3233.94,Active,2025-08-09,2024-11-23,ERP
104397,PROD-104397,Advanced bifurcated success,Software,Database,Lenovo,4244.31,3141.95,Active,2022-04-22,2024-10-27,ERP
104398,PROD-104398,Universal composite middleware,Software,Database,Microsoft,3261.84,1966.61,Active,2024-12-09,2025-01-05,ERP
104399,PROD-104399,Right-sized intangible structure,Storage,Archive,Microsoft,4371.73,212.12,Active,2022-10-28,2025-01-05,ERP
104400,PROD-104400,Progressive coherent benchmark,Cloud,Storage,Adobe,3907.71,2368.18,Active,2025-01-04,2025-03-30,ERP
104401,PROD-104401,Customer-focused interactive array,Cloud,Networking,Cisco,1158.32,3623.52,Active,2024-10-12,2025-10-20,ERP
104402,PROD-104402,User-friendly modular focus group,Storage,Backup,Adobe,4610.54,989.38,Active,2025-03-16,2026-04-23,ERP
104403,PROD-104403,Versatile local success,Services,Consulting,Lenovo,2479.61,1854.46,Active,2021-10-18,2025-12-03,ERP
104404,PROD-104404,Object-based mission-critical attitude,Storage,NAS,Cisco,1724.68,2769.81,Active,2025-10-23,2025-12-02,ERP
104405,PROD-104405,Down-sized fresh-thinking groupware,Hardware,Monitor,Adobe,1218.82,428.71,Active,2026-02-01,2026-06-25,ERP
104406,PROD-104406,Open-source asymmetric groupware,Cloud,Storage,Dell,1648.38,1377.55,Active,2024-03-16,2026-03-13,ERP
104407,PROD-104407,Reactive executive attitude,Hardware,Server,Adobe,3396.79,155.12,Active,2023-12-16,2026-04-27,ERP
104408,PROD-104408,Integrated global service-desk,Cloud,Compute,Adobe,3108.44,2710.12,Active,2023-02-27,2026-06-16,ERP
104409,PROD-104409,Digitized holistic portal,Networking,Firewall,VMware,1353.87,1261.94,Active,2024-12-28,2025-02-18,ERP
104410,PROD-104410,Reverse-engineered eco-centric monitoring,Networking,Router,Dell,1591.25,1251.56,Active,2024-05-09,2026-03-22,ERP
104411,PROD-104411,Public-key national methodology,Collaboration,Email,Dell,3775.09,3746.43,Active,2025-09-29,2025-09-11,ERP
104412,PROD-104412,Inverse non-volatile Internet solution,Services,Consulting,Cisco,2032.95,3962.16,Active,2025-08-14,2025-06-20,ERP
104413,PROD-104413,Fully-configurable leadingedge alliance,Software,Analytics,Lenovo,4104.72,3111.37,Active,2023-12-17,2025-08-06,ERP
104414,PROD-104414,Business-focused reciprocal success,Software,Operating System,Adobe,4397.79,1815.08,Active,2026-07-14,2026-03-30,ERP
104415,PROD-104415,Cross-platform well-modulated extranet,Collaboration,Email,HP,1199.0,3894.75,Active,2025-01-19,2024-08-15,ERP
104416,PROD-104416,Phased value-added structure,Security,Threat Protection,Lenovo,2586.27,1072.03,Active,2025-12-13,2026-04-26,ERP
104417,PROD-104417,Object-based content-based infrastructure,Collaboration,Voice,Microsoft,4579.15,3958.96,Active,2024-03-21,2024-11-09,ERP
104418,PROD-104418,Cross-platform foreground pricing structure,Storage,Archive,VMware,4081.3,288.91,Active,2025-03-02,2026-04-11,ERP
104419,PROD-104419,Public-key high-level matrix,Networking,Switch,Citrix,2424.84,3039.57,Active,2024-04-26,2026-04-03,ERP
104420,PROD-104420,Multi-layered heuristic adapter,Networking,Router,Citrix,2932.35,2005.42,Active,2023-12-24,2025-05-10,ERP
104421,PROD-104421,Team-oriented full-range productivity,Collaboration,Meetings,HP,3329.6,953.25,Active,2023-12-23,2025-01-12,ERP
104422,PROD-104422,Digitized coherent task-force,Storage,NAS,Microsoft,726.69,3323.72,Active,2025-07-22,2026-02-21,ERP
104423,PROD-104423,Diverse asynchronous strategy,Services,Training,VMware,3230.54,3983.82,Active,2024-08-13,2026-04-27,ERP
104424,PROD-104424,Optimized local neural-net,Networking,Switch,HP,1535.43,1519.26,Active,2026-07-17,2024-08-22,ERP
104425,PROD-104425,Programmable responsive time-frame,Services,Consulting,Citrix,3152.8,1035.8,Active,2022-06-17,2025-08-01,ERP
104426,PROD-104426,Fully-configurable needs-based Local Area Network,Networking,Wireless,Lenovo,168.63,1879.59,Active,2025-08-08,2026-03-05,ERP
104427,PROD-104427,Adaptive multi-tasking moratorium,Networking,Firewall,VMware,3983.81,3390.07,Active,2023-04-27,2025-05-25,ERP
104428,PROD-104428,Universal human-resource info-mediaries,Security,Encryption,HP,3649.42,1397.87,Active,2022-09-20,2025-10-22,ERP
104429,PROD-104429,Quality-focused bandwidth-monitored application,Services,Training,Dell,4611.81,1961.05,Active,2024-08-23,2025-12-23,ERP
104430,PROD-104430,Networked leadingedge paradigm,Software,Office,Dell,2237.67,1363.26,Active,2026-05-29,2025-10-03,ERP
104431,PROD-104431,Function-based global firmware,Cloud,Storage,Dell,2592.42,398.82,Active,2023-10-14,2024-11-12,ERP
104432,PROD-104432,Open-source local installation,Software,Analytics,Dell,1178.24,3058.75,Active,2022-05-05,2026-05-13,ERP
104433,PROD-104433,Vision-oriented well-modulated frame,Security,Encryption,Lenovo,3510.3,257.83,Active,2024-11-19,2024-11-08,ERP
104434,PROD-104434,Enhanced object-oriented conglomeration,Security,Endpoint,Adobe,4063.76,1169.01,Active,2021-12-03,2024-10-28,ERP
104435,PROD-104435,Multi-lateral 4thgeneration strategy,Cloud,Storage,Lenovo,1478.65,2556.76,Active,2023-11-16,2025-09-30,ERP
104436,PROD-104436,Front-line 6thgeneration adapter,Networking,Switch,Microsoft,4068.94,1713.39,Active,2024-07-09,2026-06-01,ERP
104437,PROD-104437,Advanced bi-directional budgetary management,Services,Consulting,Lenovo,3550.05,768.98,Active,2022-09-30,2026-02-03,ERP
104438,PROD-104438,Pre-emptive didactic framework,Networking,Wireless,Lenovo,2289.48,514.38,Active,2024-06-22,2025-03-30,ERP
104439,PROD-104439,Secured foreground contingency,Storage,Archive,Lenovo,2205.76,334.89,Active,2023-03-18,2025-02-18,ERP
104440,PROD-104440,Triple-buffered 6thgeneration utilization,Cloud,AI,Lenovo,4580.59,1129.59,Active,2022-04-12,2025-02-08,ERP
104441,PROD-104441,Optional systematic info-mediaries,Hardware,Desktop,HP,711.52,2803.32,Active,2024-12-31,2025-01-19,ERP
104442,PROD-104442,Robust 5thgeneration neural-net,Networking,Firewall,Microsoft,408.23,3954.56,Active,2024-01-10,2025-03-05,ERP
104443,PROD-104443,Self-enabling motivating hardware,Collaboration,Productivity,Cisco,4460.96,1965.68,Active,2021-12-28,2026-06-12,ERP
104444,PROD-104444,Open-architected multi-state extranet,Hardware,Laptop,Adobe,4328.01,2466.72,Active,2021-10-12,2025-06-27,ERP
104445,PROD-104445,Optimized attitude-oriented complexity,Services,Support,VMware,1416.59,1629.33,Active,2022-08-17,2024-09-26,ERP
104446,PROD-104446,Right-sized local knowledge user,Security,Threat Protection,Microsoft,3103.07,864.87,Active,2022-06-25,2024-09-07,ERP
104447,PROD-104447,Reduced intangible solution,Services,Consulting,Adobe,1555.02,1596.93,Active,2022-12-05,2025-04-27,ERP
104448,PROD-104448,Team-oriented analyzing leverage,Services,Implementation,VMware,743.56,3240.79,Active,2023-03-26,2025-03-29,ERP
104449,PROD-104449,Streamlined well-modulated approach,Hardware,Laptop,Lenovo,1269.35,3012.64,Active,2025-05-21,2025-08-29,ERP
104450,PROD-104450,Multi-channeled bifurcated attitude,Storage,NAS,Dell,2859.68,3134.62,Active,2023-05-08,2024-12-01,ERP
104451,PROD-104451,Extended 24/7 utilization,Services,Implementation,Citrix,1812.27,3037.79,Active,2022-10-29,2024-10-03,ERP
104452,PROD-104452,Decentralized motivating analyzer,Cloud,Networking,Adobe,1909.36,3526.17,Active,2023-06-10,2026-02-17,ERP
104453,PROD-104453,Multi-layered radical time-frame,Software,Analytics,Microsoft,180.31,3710.99,Active,2022-08-18,2024-08-11,ERP
104454,PROD-104454,Seamless intermediate database,Services,Consulting,HP,3727.61,1354.73,Active,2026-04-11,2025-12-07,ERP
104455,PROD-104455,Up-sized modular focus group,Software,Database,VMware,3908.46,3703.3,Active,2022-08-29,2025-11-27,ERP
104456,PROD-104456,Proactive 5thgeneration installation,Security,Encryption,Adobe,746.38,2145.44,Active,2021-08-28,2025-03-27,ERP
104457,PROD-104457,Pre-emptive web-enabled synergy,Networking,Router,VMware,2370.67,983.77,Active,2024-01-18,2024-09-10,ERP
104458,PROD-104458,Cross-group transitional implementation,Networking,Router,VMware,4629.5,1122.07,Active,2026-02-24,2024-12-03,ERP
104459,PROD-104459,Re-engineered context-sensitive moratorium,Software,Analytics,Adobe,1497.43,3322.1,Active,2024-02-19,2025-04-15,ERP
104460,PROD-104460,Cross-group hybrid analyzer,Cloud,AI,Dell,616.56,2794.31,Active,2024-03-21,2026-06-13,ERP
104461,PROD-104461,Synergistic fresh-thinking standardization,Collaboration,Productivity,Citrix,1107.6,557.7,Active,2021-09-04,2025-11-17,ERP
104462,PROD-104462,Sharable contextually-based forecast,Hardware,Server,Microsoft,2936.66,1159.52,Active,2024-04-01,2026-05-28,ERP
104463,PROD-104463,Stand-alone value-added concept,Collaboration,Productivity,Lenovo,2153.38,2067.49,Active,2022-09-11,2026-04-03,ERP
104464,PROD-104464,Distributed regional structure,Hardware,Server,Microsoft,345.88,2899.27,Active,2022-05-19,2026-06-06,ERP
104465,PROD-104465,Optional upward-trending application,Collaboration,Meetings,Dell,1594.5,2339.63,Active,2023-01-28,2024-08-09,ERP
104466,PROD-104466,Open-architected impactful policy,Services,Consulting,Dell,1288.34,1746.71,Active,2026-04-29,2025-09-30,ERP
104467,PROD-104467,Balanced actuating concept,Storage,NAS,Dell,4729.18,83.76,Active,2022-01-27,2025-08-03,ERP
104468,PROD-104468,Ergonomic directional interface,Software,Office,Dell,274.42,2693.77,Active,2022-08-25,2025-07-28,ERP
104469,PROD-104469,Ergonomic holistic website,Services,Implementation,VMware,687.93,3049.92,Active,2023-11-30,2025-07-16,ERP
104470,PROD-104470,Synergistic zero-defect leverage,Hardware,Monitor,Microsoft,756.8,1725.56,Active,2024-10-16,2024-10-08,ERP
104471,PROD-104471,Fully-configurable explicit complexity,Networking,Switch,Dell,1892.82,1071.53,Active,2023-02-17,2026-03-04,ERP
104472,PROD-104472,Exclusive asymmetric matrix,Networking,Router,Lenovo,214.54,759.13,Active,2024-01-14,2026-02-04,ERP
104473,PROD-104473,Enterprise-wide content-based hierarchy,Hardware,Desktop,Lenovo,4377.68,3907.81,Active,2022-07-15,2024-12-28,ERP
104474,PROD-104474,Organized composite system engine,Services,Consulting,Citrix,4581.79,573.97,Active,2022-06-29,2025-08-08,ERP
104475,PROD-104475,Synergistic composite system engine,Security,Identity,Dell,1481.92,634.78,Active,2025-02-05,2026-02-15,ERP
104476,PROD-104476,Down-sized multimedia adapter,Storage,Archive,Adobe,231.51,1277.27,Active,2023-08-22,2025-03-09,ERP
104477,PROD-104477,Object-based background toolset,Security,Threat Protection,HP,144.51,3932.84,Active,2023-10-24,2024-09-29,ERP
104478,PROD-104478,Phased incremental structure,Storage,Archive,Cisco,1068.74,2967.25,Active,2026-01-16,2025-07-01,ERP
104479,PROD-104479,Function-based uniform task-force,Cloud,Storage,HP,4271.76,1129.55,Active,2022-10-03,2026-05-08,ERP
104480,PROD-104480,Compatible homogeneous leverage,Hardware,Server,Cisco,4351.85,2358.75,Active,2023-10-03,2026-06-25,ERP
104481,PROD-104481,Profit-focused even-keeled function,Cloud,Storage,Microsoft,1893.57,580.86,Active,2023-10-02,2025-03-10,ERP
104482,PROD-104482,Versatile neutral data-warehouse,Hardware,Laptop,Microsoft,4259.17,477.64,Active,2024-06-04,2025-01-04,ERP
104483,PROD-104483,Front-line optimizing extranet,Networking,Firewall,VMware,1084.93,2314.11,Active,2021-09-19,2026-02-10,ERP
104484,PROD-104484,Versatile responsive intranet,Networking,Switch,HP,1849.91,2080.17,Active,2024-04-01,2026-01-05,ERP
104485,PROD-104485,Multi-tiered directional application,Software,Database,HP,1254.12,2400.88,Active,2022-09-05,2026-06-04,ERP
104486,PROD-104486,Persevering radical complexity,Services,Implementation,VMware,1699.62,885.9,Active,2021-10-23,2026-07-21,ERP
104487,PROD-104487,Organic foreground collaboration,Cloud,Networking,VMware,3873.95,1209.35,Active,2026-06-10,2025-08-11,ERP
104488,PROD-104488,Function-based tertiary moratorium,Collaboration,Productivity,Microsoft,907.65,2345.01,Active,2025-10-21,2025-08-08,ERP
104489,PROD-104489,Organized systemic encoding,Storage,Archive,Cisco,1374.73,2988.06,Active,2024-05-12,2025-06-25,ERP
104490,PROD-104490,Synergized clear-thinking complexity,Services,Support,Lenovo,3764.25,2555.71,Active,2025-06-05,2025-06-22,ERP
104491,PROD-104491,Vision-oriented intangible software,Collaboration,Meetings,VMware,3326.26,2211.83,Active,2023-08-05,2024-09-22,ERP
104492,PROD-104492,Horizontal systemic hub,Services,Support,Adobe,4160.37,1440.94,Active,2022-12-09,2025-02-07,ERP
104493,PROD-104493,Persistent fault-tolerant moderator,Software,Analytics,HP,4986.53,3927.8,Active,2023-05-11,2025-01-14,ERP
104494,PROD-104494,Synergized client-server standardization,Storage,Backup,Citrix,2835.47,288.68,Active,2024-10-17,2025-10-07,ERP
104495,PROD-104495,Function-based background solution,Collaboration,Productivity,HP,1880.17,1004.0,Active,2022-12-25,2026-03-25,ERP
104496,PROD-104496,Grass-roots zero-defect middleware,Hardware,Monitor,Lenovo,1535.72,1084.74,Active,2022-01-13,2025-11-03,ERP
104497,PROD-104497,Public-key heuristic archive,Services,Support,Cisco,2051.38,2336.88,Active,2026-02-05,2026-05-08,ERP
104498,PROD-104498,Cloned global matrices,Services,Support,VMware,4396.88,3115.38,Active,2022-11-06,2025-08-04,ERP
104499,PROD-104499,Face-to-face fresh-thinking capability,Security,Encryption,Lenovo,3612.41,2676.02,Active,2022-03-22,2026-04-19,ERP
104500,PROD-104500,Ameliorated coherent access,Services,Support,Lenovo,680.04,2544.32,Active,2024-04-10,2026-05-13,ERP
104501,PROD-104501,Multi-channeled analyzing productivity,Services,Support,HP,1483.7,3512.78,Active,2025-04-08,2026-05-09,ERP
104502,PROD-104502,Front-line attitude-oriented service-desk,Storage,Archive,HP,1524.16,1371.55,Active,2024-05-14,2025-03-26,ERP
104503,PROD-104503,Future-proofed static system engine,Software,Database,Adobe,4323.89,2798.92,Active,2025-12-15,2025-06-21,ERP
104504,PROD-104504,Triple-buffered multi-state synergy,Storage,NAS,Cisco,1653.71,869.7,Active,2025-12-11,2026-04-22,ERP
104505,PROD-104505,Self-enabling impactful workforce,Security,Encryption,Citrix,2526.05,1730.93,Active,2025-09-25,2025-11-05,ERP
104506,PROD-104506,Right-sized cohesive instruction set,Hardware,Monitor,Dell,1996.82,2165.14,Active,2025-06-15,2025-12-26,ERP
104507,PROD-104507,Business-focused background approach,Security,Encryption,Cisco,3098.76,3014.4,Active,2024-01-08,2026-04-08,ERP
104508,PROD-104508,Versatile 3rdgeneration secured line,Software,Office,Dell,1804.7,917.8,Active,2025-01-17,2025-08-18,ERP
104509,PROD-104509,Virtual discrete challenge,Software,Operating System,Lenovo,4489.84,2073.19,Active,2023-04-18,2025-02-11,ERP
104510,PROD-104510,Inverse dedicated Graphical User Interface,Networking,Wireless,Dell,194.67,116.91,Active,2024-03-03,2026-01-30,ERP
104511,PROD-104511,Seamless solution-oriented customer loyalty,Networking,Wireless,HP,1928.72,1899.33,Active,2025-01-28,2026-02-13,ERP
104512,PROD-104512,Reverse-engineered upward-trending framework,Cloud,Compute,Dell,1405.65,2463.84,Active,2024-10-10,2025-12-25,ERP
104513,PROD-104513,Expanded client-server solution,Collaboration,Email,HP,1963.66,1118.52,Active,2023-07-09,2025-09-15,ERP
104514,PROD-104514,Visionary 5thgeneration infrastructure,Networking,Router,HP,4897.1,3916.71,Active,2023-11-07,2025-08-08,ERP
104515,PROD-104515,Secured discrete attitude,Storage,NAS,VMware,3925.84,1782.04,Active,2026-07-16,2025-12-27,ERP
104516,PROD-104516,Reactive methodical superstructure,Cloud,AI,VMware,4199.73,3000.94,Active,2026-07-06,2026-08-02,ERP
104517,PROD-104517,Managed didactic core,Cloud,Networking,VMware,1755.14,1636.7,Active,2023-06-27,2025-03-09,ERP
104518,PROD-104518,Automated client-driven middleware,Networking,Router,Adobe,736.54,3724.72,Active,2026-02-09,2026-01-07,ERP
104519,PROD-104519,Versatile 4thgeneration infrastructure,Security,Identity,Cisco,2007.29,2301.31,Active,2022-12-30,2025-04-06,ERP
104520,PROD-104520,Ergonomic scalable utilization,Software,Operating System,HP,3228.05,2817.5,Active,2026-07-13,2025-04-17,ERP
104521,PROD-104521,Organized system-worthy knowledge user,Storage,Backup,Adobe,487.73,1654.74,Active,2022-06-08,2024-10-20,ERP
104522,PROD-104522,Total heuristic standardization,Hardware,Monitor,Cisco,1131.33,902.18,Active,2025-11-01,2025-06-07,ERP
104523,PROD-104523,Devolved content-based artificial intelligence,Software,Operating System,Dell,4781.87,452.06,Active,2024-09-26,2024-08-28,ERP
104524,PROD-104524,Reactive bandwidth-monitored budgetary management,Services,Consulting,Dell,2036.69,2880.7,Active,2022-01-06,2024-11-23,ERP
104525,PROD-104525,Phased incremental data-warehouse,Security,Identity,Dell,1013.7,945.7,Active,2022-09-12,2024-12-08,ERP
104526,PROD-104526,Focused 5thgeneration support,Security,Endpoint,Adobe,4592.33,1691.57,Active,2022-08-22,2025-04-25,ERP
104527,PROD-104527,Front-line systemic functionalities,Collaboration,Meetings,VMware,2690.72,424.05,Active,2022-11-02,2025-01-02,ERP
104528,PROD-104528,Fundamental intangible project,Hardware,Server,Dell,3655.43,3821.18,Active,2026-01-02,2024-11-25,ERP
104529,PROD-104529,Future-proofed tangible conglomeration,Storage,Archive,Cisco,236.6,3976.05,Active,2021-12-21,2025-07-23,ERP
104530,PROD-104530,Reduced motivating projection,Software,Operating System,Lenovo,101.59,1149.63,Active,2022-08-08,2026-04-29,ERP
104531,PROD-104531,Focused multi-state projection,Software,Operating System,Microsoft,4249.68,2633.22,Active,2025-03-12,2025-08-11,ERP
104532,PROD-104532,Triple-buffered full-range structure,Cloud,Compute,HP,2671.7,3327.4,Active,2022-06-05,2024-10-31,ERP
104533,PROD-104533,Advanced clear-thinking contingency,Storage,Archive,Dell,2050.78,2188.56,Active,2023-07-28,2025-07-22,ERP
104534,PROD-104534,Down-sized incremental solution,Hardware,Laptop,Microsoft,1269.92,598.91,Active,2025-04-20,2025-10-31,ERP
104535,PROD-104535,Operative asymmetric focus group,Networking,Firewall,Citrix,1546.7,1063.0,Active,2022-08-04,2025-05-17,ERP
104536,PROD-104536,Adaptive methodical system engine,Cloud,Compute,Cisco,1630.29,321.88,Active,2022-11-22,2026-06-26,ERP
104537,PROD-104537,Ameliorated responsive superstructure,Hardware,Monitor,Dell,2454.03,3758.37,Active,2024-08-06,2024-08-13,ERP
104538,PROD-104538,Profit-focused human-resource project,Software,Database,Lenovo,340.87,1312.6,Active,2023-05-31,2025-08-25,ERP
104539,PROD-104539,Fully-configurable regional middleware,Collaboration,Email,Dell,3964.04,486.12,Active,2024-12-31,2026-04-17,ERP
104540,PROD-104540,Exclusive composite time-frame,Cloud,Compute,VMware,4634.8,3272.23,Active,2026-01-30,2024-10-03,ERP
104541,PROD-104541,Profound reciprocal archive,Cloud,AI,Adobe,3361.58,42.12,Active,2023-03-05,2026-07-28,ERP
104542,PROD-104542,Persevering logistical algorithm,Software,Analytics,Dell,640.19,3365.52,Active,2024-04-05,2026-01-01,ERP
104543,PROD-104543,Expanded human-resource emulation,Collaboration,Voice,Citrix,726.75,1951.2,Active,2022-09-20,2025-08-21,ERP
104544,PROD-104544,Streamlined national encoding,Software,Database,Lenovo,2408.36,2052.55,Active,2024-09-15,2026-04-26,ERP
104545,PROD-104545,Seamless optimizing protocol,Collaboration,Productivity,VMware,4307.92,770.4,Active,2021-09-12,2025-11-16,ERP
104546,PROD-104546,User-friendly reciprocal function,Software,Database,Dell,235.67,2557.68,Active,2021-08-23,2025-07-13,ERP
104547,PROD-104547,Reverse-engineered even-keeled capability,Security,Identity,Lenovo,654.47,2320.94,Active,2025-10-27,2024-10-30,ERP
104548,PROD-104548,Focused incremental initiative,Security,Endpoint,Cisco,3225.01,497.91,Active,2025-12-18,2025-10-02,ERP
104549,PROD-104549,Diverse directional standardization,Security,Identity,Dell,3564.43,352.54,Active,2023-12-18,2025-01-05,ERP
104550,PROD-104550,Phased real-time Local Area Network,Services,Support,Citrix,304.43,2397.33,Active,2026-05-19,2025-04-27,ERP
104551,PROD-104551,Profit-focused grid-enabled matrix,Storage,NAS,Lenovo,378.83,2202.77,Active,2021-09-11,2026-03-13,ERP
104552,PROD-104552,Focused clear-thinking leverage,Services,Training,HP,4991.78,722.61,Active,2023-12-26,2025-06-29,ERP
104553,PROD-104553,Programmable logistical service-desk,Collaboration,Voice,Dell,59.98,2541.16,Active,2025-01-03,2025-08-31,ERP
104554,PROD-104554,Ameliorated national intranet,Security,Encryption,Dell,4674.47,1879.52,Active,2023-03-09,2024-09-16,ERP
104555,PROD-104555,Public-key methodical neural-net,Security,Threat Protection,Lenovo,1982.61,1147.25,Active,2024-07-26,2026-02-03,ERP
104556,PROD-104556,Versatile holistic system engine,Networking,Router,Microsoft,1877.76,2373.62,Active,2021-12-07,2025-12-14,ERP
104557,PROD-104557,Open-source multi-state hub,Services,Implementation,Adobe,1771.95,2662.05,Active,2024-05-06,2024-12-28,ERP
104558,PROD-104558,Reduced user-facing function,Storage,NAS,Citrix,1852.11,2031.84,Active,2025-06-13,2025-03-19,ERP
104559,PROD-104559,Realigned tangible workforce,Cloud,Storage,Adobe,3208.85,368.53,Active,2025-09-23,2024-12-10,ERP
104560,PROD-104560,Synchronized foreground superstructure,Cloud,Networking,Lenovo,709.68,2622.31,Active,2023-02-04,2025-03-10,ERP
104561,PROD-104561,Switchable tertiary migration,Storage,Backup,Microsoft,1332.0,3499.01,Active,2025-10-29,2026-07-11,ERP
104562,PROD-104562,Universal real-time encoding,Collaboration,Email,Microsoft,460.87,3439.61,Active,2025-11-23,2026-01-06,ERP
104563,PROD-104563,Devolved multi-tasking encoding,Security,Identity,Cisco,75.21,3278.19,Active,2023-02-02,2024-11-09,ERP
104564,PROD-104564,Cloned bandwidth-monitored customer loyalty,Storage,NAS,VMware,250.6,2809.22,Active,2024-11-01,2025-01-21,ERP
104565,PROD-104565,Function-based real-time superstructure,Collaboration,Email,Microsoft,66.98,2561.73,Active,2025-07-17,2026-05-26,ERP
104566,PROD-104566,Synergistic national infrastructure,Storage,Archive,Microsoft,3377.96,3953.39,Active,2023-11-01,2026-05-09,ERP
104567,PROD-104567,Intuitive reciprocal artificial intelligence,Software,Office,HP,2704.68,55.64,Active,2022-07-20,2026-06-25,ERP
104568,PROD-104568,Multi-lateral motivating algorithm,Storage,NAS,Cisco,2532.44,467.5,Active,2021-11-27,2025-01-19,ERP
104569,PROD-104569,User-friendly holistic intranet,Services,Support,HP,1185.37,2220.05,Active,2026-05-07,2025-08-13,ERP
104570,PROD-104570,Robust dynamic intranet,Cloud,Storage,HP,1455.35,2155.8,Active,2026-04-04,2026-01-05,ERP
104571,PROD-104571,Team-oriented systematic concept,Collaboration,Voice,HP,2653.74,1447.72,Active,2025-05-18,2025-03-06,ERP
104572,PROD-104572,Upgradable radical projection,Security,Identity,Microsoft,1400.95,180.08,Active,2025-03-20,2025-03-12,ERP
104573,PROD-104573,Upgradable 6thgeneration application,Security,Encryption,Dell,1179.46,3562.38,Active,2026-05-02,2025-06-05,ERP
104574,PROD-104574,Extended background approach,Software,Operating System,Cisco,1767.79,143.06,Active,2023-01-23,2024-11-27,ERP
104575,PROD-104575,Visionary 24/7 process improvement,Services,Support,Citrix,4837.55,3776.12,Active,2022-07-17,2025-02-20,ERP
104576,PROD-104576,Grass-roots reciprocal focus group,Cloud,Storage,HP,4621.5,55.43,Active,2026-06-28,2024-08-28,ERP
104577,PROD-104577,Reverse-engineered global core,Storage,Backup,Dell,3215.81,3745.63,Active,2022-11-19,2024-08-09,ERP
104578,PROD-104578,Configurable zero-defect archive,Services,Implementation,Microsoft,3014.04,1870.84,Active,2025-09-30,2025-08-22,ERP
104579,PROD-104579,Stand-alone analyzing workforce,Networking,Router,HP,4636.84,93.34,Active,2023-03-03,2026-05-01,ERP
104580,PROD-104580,Down-sized intangible emulation,Software,Operating System,VMware,556.52,1168.6,Active,2024-01-08,2024-12-15,ERP
104581,PROD-104581,Phased stable benchmark,Services,Support,VMware,432.15,1348.34,Active,2023-06-17,2025-11-21,ERP
104582,PROD-104582,Sharable bi-directional time-frame,Cloud,Compute,VMware,1475.16,2233.79,Active,2023-10-28,2026-06-20,ERP
104583,PROD-104583,Organized analyzing middleware,Collaboration,Voice,HP,2775.48,721.76,Active,2022-08-12,2026-01-28,ERP
104584,PROD-104584,User-centric reciprocal archive,Networking,Router,Lenovo,1148.96,1393.8,Active,2021-12-22,2026-06-21,ERP
104585,PROD-104585,Re-engineered composite intranet,Hardware,Desktop,Adobe,2813.64,3098.11,Active,2024-12-31,2025-03-28,ERP
104586,PROD-104586,Configurable optimizing infrastructure,Cloud,Compute,Cisco,4128.34,2491.75,Active,2025-06-27,2025-02-04,ERP
104587,PROD-104587,Assimilated holistic access,Collaboration,Voice,Cisco,4119.0,1624.93,Active,2024-11-17,2026-07-25,ERP
104588,PROD-104588,Organic zero tolerance support,Hardware,Server,Citrix,2785.12,3832.34,Active,2022-12-06,2024-08-24,ERP
104589,PROD-104589,Synchronized explicit extranet,Collaboration,Voice,VMware,3504.47,107.9,Active,2022-05-29,2024-08-31,ERP
104590,PROD-104590,Phased transitional productivity,Security,Endpoint,Microsoft,4178.87,2420.9,Active,2025-03-30,2024-08-21,ERP
104591,PROD-104591,Innovative uniform frame,Storage,SAN,VMware,1828.47,634.07,Active,2026-06-29,2025-07-03,ERP
104592,PROD-104592,Universal non-volatile structure,Storage,SAN,Lenovo,380.05,217.67,Active,2023-08-29,2025-04-02,ERP
104593,PROD-104593,Secured optimal pricing structure,Services,Implementation,Adobe,1240.93,1823.08,Active,2023-12-13,2026-01-01,ERP
104594,PROD-104594,Extended zero tolerance installation,Security,Threat Protection,Adobe,4473.72,354.9,Active,2022-06-09,2025-06-05,ERP
104595,PROD-104595,Organic intermediate artificial intelligence,Services,Support,Adobe,2101.15,3707.61,Active,2022-07-26,2026-07-25,ERP
104596,PROD-104596,Team-oriented bottom-line challenge,Storage,SAN,VMware,2959.34,2218.55,Active,2021-12-12,2025-10-31,ERP
104597,PROD-104597,Managed 6thgeneration superstructure,Cloud,AI,Cisco,3193.34,2060.31,Active,2023-10-30,2025-04-22,ERP
104598,PROD-104598,Customizable neutral concept,Networking,Wireless,Lenovo,3099.03,663.9,Active,2026-02-16,2025-12-27,ERP
104599,PROD-104599,Fully-configurable cohesive synergy,Storage,Backup,VMware,1541.41,3101.14,Active,2022-12-08,2025-05-12,ERP
104600,PROD-104600,Streamlined global Internet solution,Collaboration,Meetings,Citrix,4023.4,3251.08,Active,2023-02-14,2024-12-27,ERP
104601,PROD-104601,Inverse explicit support,Security,Endpoint,Cisco,3732.54,3606.29,Active,2025-04-04,2026-07-31,ERP
104602,PROD-104602,Fully-configurable non-volatile monitoring,Cloud,Storage,VMware,2585.8,3073.0,Active,2022-02-05,2025-04-15,ERP
104603,PROD-104603,Organic scalable website,Security,Identity,Adobe,3561.72,1248.56,Active,2023-09-12,2024-09-20,ERP
104604,PROD-104604,Universal zero-defect firmware,Services,Training,Cisco,4714.37,1608.32,Active,2022-05-19,2026-04-16,ERP
104605,PROD-104605,Programmable bi-directional synergy,Software,Analytics,Citrix,1610.86,1145.11,Active,2021-12-09,2025-11-15,ERP
104606,PROD-104606,Pre-emptive zero tolerance throughput,Hardware,Monitor,HP,4178.78,2263.32,Active,2025-01-16,2025-02-16,ERP
104607,PROD-104607,Adaptive directional interface,Storage,SAN,HP,1423.87,1491.47,Active,2025-03-09,2025-03-15,ERP
104608,PROD-104608,Multi-tiered bottom-line challenge,Hardware,Desktop,Cisco,1147.04,598.99,Active,2026-04-18,2025-10-16,ERP
104609,PROD-104609,Profit-focused asymmetric projection,Services,Training,Citrix,947.35,908.41,Active,2023-03-28,2024-09-25,ERP
104610,PROD-104610,Stand-alone 3rdgeneration concept,Software,Analytics,HP,2650.54,924.78,Active,2021-11-22,2024-09-12,ERP
104611,PROD-104611,Synchronized modular encryption,Security,Identity,HP,3045.25,1584.43,Active,2026-02-12,2025-05-22,ERP
104612,PROD-104612,Ameliorated intermediate Local Area Network,Software,Office,HP,541.08,1199.58,Active,2026-05-29,2026-04-03,ERP
104613,PROD-104613,Seamless solution-oriented hardware,Cloud,Storage,HP,180.89,370.88,Active,2025-03-18,2025-03-14,ERP
104614,PROD-104614,Networked discrete installation,Collaboration,Meetings,Dell,1827.95,981.93,Active,2025-05-24,2025-11-29,ERP
104615,PROD-104615,Exclusive full-range info-mediaries,Cloud,Networking,Lenovo,3040.41,1912.49,Active,2022-03-18,2026-01-29,ERP
104616,PROD-104616,Compatible zero-defect help-desk,Hardware,Monitor,Cisco,4931.7,3282.14,Active,2024-04-19,2025-05-09,ERP
104617,PROD-104617,Cloned didactic hierarchy,Hardware,Desktop,Dell,4203.06,2355.82,Active,2022-09-01,2026-03-06,ERP
104618,PROD-104618,Virtual well-modulated Local Area Network,Hardware,Server,Citrix,87.57,626.11,Active,2022-10-30,2026-04-29,ERP
104619,PROD-104619,Robust encompassing installation,Storage,SAN,Microsoft,575.9,976.45,Active,2026-07-30,2025-12-19,ERP
104620,PROD-104620,Automated well-modulated projection,Networking,Switch,Citrix,3114.03,1970.4,Active,2025-12-13,2026-07-02,ERP
104621,PROD-104621,Public-key multimedia moratorium,Collaboration,Email,Microsoft,60.21,2593.36,Active,2024-04-04,2024-08-28,ERP
104622,PROD-104622,Centralized optimizing groupware,Cloud,AI,Lenovo,542.28,606.24,Active,2024-01-02,2025-02-09,ERP
104623,PROD-104623,Down-sized global customer loyalty,Services,Implementation,VMware,3515.07,279.36,Active,2025-06-12,2025-11-13,ERP
104624,PROD-104624,Visionary 5thgeneration array,Services,Training,VMware,62.16,1811.75,Active,2025-09-09,2024-12-23,ERP
104625,PROD-104625,Up-sized uniform system engine,Cloud,Storage,Microsoft,1463.99,3124.05,Active,2022-04-25,2025-02-12,ERP
104626,PROD-104626,Synergistic stable functionalities,Networking,Switch,Cisco,460.08,1555.66,Active,2024-09-07,2025-05-04,ERP
104627,PROD-104627,Assimilated actuating Graphic Interface,Collaboration,Productivity,Dell,1460.08,1522.96,Active,2021-08-04,2025-06-04,ERP
104628,PROD-104628,Balanced tertiary archive,Collaboration,Voice,Cisco,2247.49,3134.93,Active,2023-12-01,2026-01-05,ERP
104629,PROD-104629,Secured client-driven artificial intelligence,Software,Analytics,Citrix,1019.27,2466.76,Active,2025-08-16,2025-09-23,ERP
104630,PROD-104630,Exclusive didactic pricing structure,Software,Operating System,Adobe,4871.47,1725.94,Active,2025-02-25,2025-12-14,ERP
104631,PROD-104631,Sharable logistical middleware,Storage,Archive,Citrix,339.15,727.76,Active,2026-04-02,2025-02-23,ERP
104632,PROD-104632,Re-contextualized bifurcated data-warehouse,Collaboration,Productivity,Dell,668.86,3140.42,Active,2021-12-23,2025-12-10,ERP
104633,PROD-104633,Secured content-based projection,Cloud,Compute,Citrix,2410.11,243.4,Active,2024-02-24,2024-11-08,ERP
104634,PROD-104634,Secured fresh-thinking projection,Software,Operating System,HP,703.62,300.26,Active,2024-09-26,2025-06-21,ERP
104635,PROD-104635,Focused static adapter,Software,Office,Adobe,3149.01,2727.02,Active,2024-03-03,2024-12-22,ERP
104636,PROD-104636,Extended next generation Local Area Network,Collaboration,Email,Lenovo,3164.54,1924.35,Active,2022-12-14,2025-12-22,ERP
104637,PROD-104637,Grass-roots intermediate success,Storage,NAS,Citrix,1268.07,625.9,Active,2024-12-17,2025-07-11,ERP
104638,PROD-104638,Enhanced mobile architecture,Collaboration,Email,Citrix,2949.58,309.66,Active,2023-01-29,2024-09-09,ERP
104639,PROD-104639,Balanced multimedia hardware,Cloud,Networking,VMware,3253.25,1486.35,Active,2022-01-10,2025-12-11,ERP
104640,PROD-104640,Face-to-face background infrastructure,Networking,Wireless,Dell,461.48,3387.07,Active,2024-08-01,2025-11-25,ERP
104641,PROD-104641,Expanded tertiary archive,Security,Endpoint,Microsoft,248.21,3757.36,Active,2024-08-19,2024-10-04,ERP
104642,PROD-104642,Focused 4thgeneration methodology,Networking,Wireless,Citrix,3875.9,1001.49,Active,2025-05-14,2024-10-13,ERP
104643,PROD-104643,Phased homogeneous policy,Cloud,Storage,Dell,1075.54,1057.12,Active,2024-04-09,2025-08-18,ERP
104644,PROD-104644,Progressive bifurcated moderator,Services,Implementation,Lenovo,3082.4,529.07,Active,2022-05-07,2025-02-16,ERP
104645,PROD-104645,Cloned full-range encryption,Collaboration,Voice,Dell,2479.9,2226.13,Active,2025-11-02,2026-05-19,ERP
104646,PROD-104646,Business-focused logistical adapter,Collaboration,Productivity,Citrix,2872.12,3532.48,Active,2022-12-07,2024-09-28,ERP
104647,PROD-104647,Diverse heuristic archive,Services,Support,HP,254.16,415.99,Active,2024-12-31,2025-09-21,ERP
104648,PROD-104648,Switchable even-keeled customer loyalty,Security,Identity,Lenovo,4028.95,675.58,Active,2022-06-03,2025-09-19,ERP
104649,PROD-104649,Monitored dedicated database,Storage,Archive,VMware,960.75,1794.34,Active,2024-04-13,2025-10-26,ERP
104650,PROD-104650,Secured local open architecture,Networking,Firewall,Dell,4037.14,1964.21,Active,2023-04-28,2025-04-26,ERP
104651,PROD-104651,Adaptive content-based encoding,Security,Threat Protection,Citrix,1142.01,3236.0,Active,2022-10-04,2025-01-09,ERP
104652,PROD-104652,Automated dedicated system engine,Networking,Wireless,Citrix,3379.57,1273.21,Active,2023-05-10,2024-08-24,ERP
104653,PROD-104653,Implemented reciprocal adapter,Storage,Archive,Lenovo,1337.88,1779.12,Active,2026-05-29,2025-09-25,ERP
104654,PROD-104654,Profound neutral archive,Security,Encryption,HP,865.2,3261.23,Active,2026-03-08,2026-06-30,ERP
104655,PROD-104655,Networked stable parallelism,Security,Threat Protection,Dell,157.32,1642.01,Active,2026-05-31,2025-03-20,ERP
104656,PROD-104656,Programmable multi-state open architecture,Cloud,AI,Microsoft,4794.94,2324.91,Active,2026-04-12,2025-12-04,ERP
104657,PROD-104657,Sharable content-based focus group,Storage,Backup,Lenovo,2692.47,1351.87,Active,2024-01-05,2026-04-02,ERP
104658,PROD-104658,Fundamental bifurcated productivity,Software,Database,Microsoft,4338.52,3069.51,Active,2026-05-25,2025-03-29,ERP
104659,PROD-104659,Pre-emptive optimal capability,Collaboration,Productivity,Adobe,937.65,3780.01,Active,2023-07-04,2024-10-04,ERP
104660,PROD-104660,Universal dedicated policy,Services,Consulting,Adobe,2942.32,881.66,Active,2022-04-02,2025-06-23,ERP
104661,PROD-104661,Cross-group incremental focus group,Security,Endpoint,Dell,698.4,463.23,Active,2026-04-04,2026-03-12,ERP
104662,PROD-104662,Self-enabling dedicated implementation,Storage,Backup,Microsoft,970.93,3155.0,Active,2023-07-04,2025-12-26,ERP
104663,PROD-104663,Extended didactic groupware,Security,Encryption,Adobe,2773.01,3431.7,Active,2022-09-09,2025-01-12,ERP
104664,PROD-104664,Streamlined heuristic application,Hardware,Server,Citrix,4863.71,2899.08,Active,2024-07-13,2025-12-26,ERP
104665,PROD-104665,Profit-focused modular emulation,Collaboration,Meetings,Citrix,625.28,2091.02,Active,2026-07-18,2025-03-29,ERP
104666,PROD-104666,Upgradable next generation challenge,Hardware,Monitor,Microsoft,1057.88,2607.68,Active,2022-02-15,2026-04-05,ERP
104667,PROD-104667,Reverse-engineered asynchronous infrastructure,Cloud,Compute,VMware,2291.28,2730.52,Active,2023-09-18,2026-05-02,ERP
104668,PROD-104668,Quality-focused upward-trending encryption,Cloud,Storage,Cisco,2251.3,2931.27,Active,2023-09-16,2025-01-25,ERP
104669,PROD-104669,Customizable fresh-thinking solution,Cloud,Compute,VMware,1617.45,2878.13,Active,2024-07-10,2025-09-10,ERP
104670,PROD-104670,Automated solution-oriented application,Storage,Archive,Lenovo,3841.39,1794.94,Active,2024-02-05,2026-02-17,ERP
104671,PROD-104671,Cross-platform methodical project,Storage,NAS,Lenovo,3169.19,2691.84,Active,2022-07-30,2025-12-11,ERP
104672,PROD-104672,Operative intermediate secured line,Storage,NAS,Microsoft,608.48,3954.05,Active,2025-10-15,2026-06-03,ERP
104673,PROD-104673,Secured attitude-oriented solution,Cloud,Compute,Microsoft,4462.14,2887.16,Active,2021-09-15,2026-01-10,ERP
104674,PROD-104674,Streamlined foreground hierarchy,Security,Threat Protection,HP,1969.11,1031.18,Active,2021-09-27,2025-10-30,ERP
104675,PROD-104675,Implemented modular core,Networking,Switch,Cisco,2143.16,1819.15,Active,2021-10-23,2025-06-29,ERP
104676,PROD-104676,Integrated executive orchestration,Storage,SAN,HP,4695.6,2773.07,Active,2022-12-11,2025-09-15,ERP
104677,PROD-104677,Adaptive 24/7 knowledge user,Storage,Archive,Dell,3501.69,1540.23,Active,2025-07-13,2025-06-08,ERP
104678,PROD-104678,Streamlined disintermediate website,Services,Training,VMware,4458.73,3509.91,Active,2024-05-12,2026-02-23,ERP
104679,PROD-104679,Vision-oriented grid-enabled instruction set,Cloud,Compute,Citrix,4590.27,1137.73,Active,2024-02-14,2024-11-20,ERP
104680,PROD-104680,Persevering local structure,Hardware,Laptop,Cisco,770.58,2495.99,Active,2024-11-28,2026-05-25,ERP
104681,PROD-104681,Implemented modular adapter,Software,Database,Citrix,297.1,2621.01,Active,2025-12-25,2025-02-18,ERP
104682,PROD-104682,Fundamental tangible projection,Hardware,Laptop,Dell,4499.66,1184.8,Active,2023-02-22,2025-07-08,ERP
104683,PROD-104683,Streamlined didactic knowledgebase,Software,Office,Citrix,3946.06,2134.12,Active,2021-08-21,2024-09-07,ERP
104684,PROD-104684,Front-line modular benchmark,Hardware,Laptop,Cisco,4760.71,2941.65,Active,2022-10-05,2025-03-25,ERP
104685,PROD-104685,Configurable maximized complexity,Hardware,Server,VMware,3208.38,268.47,Active,2022-12-19,2024-11-23,ERP
104686,PROD-104686,Organic background encryption,Hardware,Server,Cisco,366.18,1637.53,Active,2024-09-04,2025-06-24,ERP
104687,PROD-104687,Customer-focused analyzing functionalities,Services,Consulting,Cisco,4176.51,783.96,Active,2025-03-21,2025-02-18,ERP
104688,PROD-104688,Proactive non-volatile encryption,Software,Analytics,Cisco,2412.69,1845.87,Active,2024-01-08,2025-09-22,ERP
104689,PROD-104689,Enterprise-wide holistic knowledgebase,Services,Consulting,Cisco,258.21,2565.67,Active,2024-07-06,2024-10-04,ERP
104690,PROD-104690,Right-sized cohesive orchestration,Software,Office,Citrix,1938.09,1803.33,Active,2023-08-26,2025-10-05,ERP
104691,PROD-104691,Pre-emptive object-oriented secured line,Collaboration,Productivity,VMware,228.65,3849.21,Active,2023-05-12,2026-07-03,ERP
104692,PROD-104692,Expanded zero administration workforce,Hardware,Desktop,Adobe,3962.03,2636.81,Active,2023-06-11,2025-04-12,ERP
104693,PROD-104693,Progressive solution-oriented capability,Storage,NAS,Adobe,3523.55,1757.83,Active,2022-03-02,2025-08-29,ERP
104694,PROD-104694,Upgradable local complexity,Software,Analytics,Lenovo,2150.25,3200.36,Active,2023-09-19,2025-01-11,ERP
104695,PROD-104695,Ameliorated real-time hardware,Storage,SAN,Dell,2865.31,1893.34,Active,2024-10-19,2025-10-19,ERP
104696,PROD-104696,Operative bottom-line initiative,Storage,Archive,Citrix,2916.76,2858.41,Active,2025-09-08,2024-09-30,ERP
104697,PROD-104697,Stand-alone eco-centric parallelism,Networking,Switch,HP,2098.42,1919.05,Active,2022-10-19,2026-06-01,ERP
104698,PROD-104698,Pre-emptive multi-state functionalities,Hardware,Server,Microsoft,1697.56,3916.69,Active,2026-01-26,2024-09-21,ERP
104699,PROD-104699,Fundamental dynamic help-desk,Networking,Firewall,Cisco,1315.14,2583.4,Active,2025-02-26,2025-07-26,ERP
104700,PROD-104700,Expanded holistic methodology,Software,Analytics,Lenovo,1669.39,2829.72,Active,2022-07-04,2025-01-07,ERP
104701,PROD-104701,Innovative modular customer loyalty,Services,Support,Citrix,4761.68,3949.87,Active,2022-10-29,2024-08-24,ERP
104702,PROD-104702,Business-focused encompassing benchmark,Cloud,AI,HP,1970.09,2646.35,Active,2023-10-11,2024-09-15,ERP
104703,PROD-104703,Automated local service-desk,Software,Office,Adobe,1709.0,197.17,Active,2024-03-02,2024-12-13,ERP
104704,PROD-104704,Persevering methodical capability,Services,Training,Lenovo,2167.4,1952.39,Active,2024-04-13,2026-07-06,ERP
104705,PROD-104705,Team-oriented systematic flexibility,Networking,Router,Cisco,81.98,3160.06,Active,2024-08-12,2026-06-13,ERP
104706,PROD-104706,Phased tangible encoding,Services,Support,HP,4509.7,1861.55,Active,2025-04-13,2024-08-03,ERP
104707,PROD-104707,Persevering needs-based moratorium,Collaboration,Productivity,Lenovo,2983.01,3249.2,Active,2026-04-03,2026-04-05,ERP
104708,PROD-104708,Re-engineered fresh-thinking secured line,Networking,Firewall,Citrix,394.68,1499.63,Active,2021-10-10,2024-08-17,ERP
104709,PROD-104709,Enhanced mission-critical open architecture,Hardware,Desktop,Citrix,672.62,2083.49,Active,2023-04-04,2025-04-29,ERP
104710,PROD-104710,Open-architected executive Internet solution,Security,Encryption,Dell,4842.99,42.56,Active,2024-05-02,2025-07-13,ERP
104711,PROD-104711,Compatible global knowledgebase,Collaboration,Meetings,Microsoft,2699.1,2268.1,Active,2022-08-29,2024-10-30,ERP
104712,PROD-104712,Quality-focused human-resource knowledgebase,Collaboration,Meetings,Microsoft,3212.6,3067.96,Active,2021-11-30,2025-12-18,ERP
104713,PROD-104713,Extended empowering neural-net,Networking,Switch,Adobe,3977.12,1889.84,Active,2024-04-08,2026-04-09,ERP
104714,PROD-104714,Centralized systematic hub,Software,Operating System,VMware,744.03,534.88,Active,2024-11-25,2026-04-28,ERP
104715,PROD-104715,Multi-layered asymmetric hub,Collaboration,Productivity,Cisco,55.43,2420.09,Active,2022-01-01,2025-06-03,ERP
104716,PROD-104716,Virtual systemic circuit,Hardware,Monitor,Dell,774.81,216.0,Active,2023-09-04,2025-09-30,ERP
104717,PROD-104717,Pre-emptive zero-defect process improvement,Cloud,AI,HP,1007.64,2708.66,Active,2026-04-05,2024-11-19,ERP
104718,PROD-104718,Multi-channeled asymmetric strategy,Collaboration,Meetings,Microsoft,1776.55,2643.12,Active,2025-03-11,2025-09-11,ERP
104719,PROD-104719,Reverse-engineered transitional circuit,Collaboration,Productivity,Dell,3799.09,3341.02,Active,2023-01-27,2025-11-26,ERP
104720,PROD-104720,Synchronized heuristic groupware,Storage,SAN,Adobe,586.27,1474.94,Active,2023-08-10,2025-11-02,ERP
104721,PROD-104721,Multi-lateral cohesive alliance,Storage,Backup,Lenovo,2043.05,1834.65,Active,2021-10-17,2024-12-17,ERP
104722,PROD-104722,Managed intangible initiative,Security,Identity,Lenovo,2643.88,957.25,Active,2024-03-03,2025-12-13,ERP
104723,PROD-104723,Stand-alone optimizing strategy,Security,Threat Protection,Microsoft,136.45,2860.76,Active,2026-02-14,2026-06-18,ERP
104724,PROD-104724,Streamlined foreground framework,Cloud,Storage,VMware,4727.63,3945.99,Active,2026-04-09,2025-01-01,ERP
104725,PROD-104725,Enhanced coherent infrastructure,Storage,Backup,Cisco,3912.64,2505.97,Active,2022-08-02,2025-02-23,ERP
104726,PROD-104726,Object-based bifurcated strategy,Cloud,Storage,Dell,2918.3,3046.95,Active,2025-08-22,2026-07-08,ERP
104727,PROD-104727,Secured tangible workforce,Networking,Router,Adobe,155.19,2780.79,Active,2023-05-18,2026-06-22,ERP
104728,PROD-104728,Grass-roots scalable challenge,Collaboration,Meetings,Lenovo,297.84,478.22,Active,2026-02-08,2024-08-04,ERP
104729,PROD-104729,Polarized web-enabled process improvement,Collaboration,Email,Dell,4543.97,1331.79,Active,2024-05-16,2025-04-14,ERP
104730,PROD-104730,Managed intangible hub,Software,Operating System,Dell,2014.98,3319.5,Active,2026-02-09,2025-05-25,ERP
104731,PROD-104731,Extended grid-enabled software,Cloud,Networking,Microsoft,202.11,154.97,Active,2021-09-05,2024-08-11,ERP
104732,PROD-104732,Decentralized impactful attitude,Storage,Backup,Cisco,3363.65,3382.66,Active,2022-08-02,2025-01-05,ERP
104733,PROD-104733,Object-based exuding software,Services,Implementation,Cisco,1142.25,1173.86,Active,2025-11-29,2025-05-17,ERP
104734,PROD-104734,Digitized systemic policy,Networking,Firewall,Adobe,4477.43,2410.49,Active,2021-11-14,2025-05-26,ERP
104735,PROD-104735,Operative cohesive access,Software,Analytics,Lenovo,2386.37,387.88,Active,2023-10-18,2026-04-16,ERP
104736,PROD-104736,Ergonomic content-based utilization,Security,Encryption,Cisco,4852.98,2850.75,Active,2025-04-10,2025-05-22,ERP
104737,PROD-104737,Organic eco-centric benchmark,Storage,Archive,VMware,3409.95,979.26,Active,2021-08-22,2026-03-08,ERP
104738,PROD-104738,Operative impactful matrix,Cloud,Compute,Cisco,503.52,3979.79,Active,2023-07-12,2025-09-05,ERP
104739,PROD-104739,Enhanced bandwidth-monitored benchmark,Collaboration,Meetings,Lenovo,2145.25,606.35,Active,2024-05-04,2025-06-10,ERP
104740,PROD-104740,Function-based bottom-line ability,Cloud,AI,Lenovo,2716.69,1073.88,Active,2024-11-21,2025-11-07,ERP
104741,PROD-104741,Synchronized explicit service-desk,Cloud,Networking,HP,1485.99,181.61,Active,2025-04-02,2026-02-01,ERP
104742,PROD-104742,Expanded client-driven solution,Hardware,Desktop,Microsoft,2753.22,2664.68,Active,2023-05-21,2025-07-28,ERP
104743,PROD-104743,Customer-focused system-worthy system engine,Software,Analytics,Lenovo,3960.06,1295.53,Active,2026-03-29,2025-09-19,ERP
104744,PROD-104744,Business-focused fault-tolerant infrastructure,Hardware,Server,VMware,1081.93,594.38,Active,2023-09-03,2024-10-07,ERP
104745,PROD-104745,User-friendly discrete interface,Software,Office,Cisco,3661.68,3519.46,Active,2023-08-21,2024-11-10,ERP
104746,PROD-104746,Intuitive zero administration synergy,Networking,Switch,Citrix,4498.07,3383.94,Active,2022-09-17,2025-05-12,ERP
104747,PROD-104747,Open-source homogeneous initiative,Networking,Wireless,Cisco,4068.53,380.4,Active,2023-02-09,2024-08-28,ERP
104748,PROD-104748,Networked disintermediate framework,Hardware,Laptop,Microsoft,2967.2,2117.14,Active,2022-04-10,2026-05-11,ERP
104749,PROD-104749,Open-architected bifurcated algorithm,Networking,Router,Adobe,2629.15,2915.3,Active,2024-03-01,2024-12-21,ERP
104750,PROD-104750,Organized coherent encoding,Security,Identity,HP,2657.3,3930.03,Active,2024-01-19,2025-04-08,ERP
104751,PROD-104751,Enhanced 6thgeneration help-desk,Networking,Firewall,VMware,369.12,2186.43,Active,2023-08-18,2025-08-19,ERP
104752,PROD-104752,Organized tertiary throughput,Cloud,Compute,Cisco,294.38,1068.49,Active,2024-10-11,2026-07-07,ERP
104753,PROD-104753,Multi-channeled responsive info-mediaries,Networking,Wireless,Lenovo,2152.25,988.7,Active,2022-08-24,2026-02-07,ERP
104754,PROD-104754,Balanced contextually-based complexity,Storage,Archive,HP,2692.26,2579.72,Active,2023-12-28,2025-10-14,ERP
104755,PROD-104755,Profound attitude-oriented customer loyalty,Software,Database,HP,3388.18,1730.63,Active,2025-10-07,2025-08-12,ERP
104756,PROD-104756,Fundamental discrete encryption,Software,Analytics,VMware,3910.06,3579.16,Active,2023-01-05,2025-01-17,ERP
104757,PROD-104757,Phased didactic structure,Security,Encryption,Microsoft,4365.48,3647.66,Active,2023-04-01,2024-12-20,ERP
104758,PROD-104758,Fundamental discrete complexity,Networking,Router,Dell,229.86,1411.68,Active,2024-04-03,2026-07-20,ERP
104759,PROD-104759,Sharable 24hour portal,Networking,Switch,Microsoft,4316.99,1744.79,Active,2026-01-20,2024-09-12,ERP
104760,PROD-104760,Triple-buffered local task-force,Networking,Wireless,VMware,4894.72,401.29,Active,2024-02-03,2026-04-06,ERP
104761,PROD-104761,Persevering intermediate firmware,Software,Analytics,HP,3352.97,2435.46,Active,2023-01-01,2025-11-22,ERP
104762,PROD-104762,Intuitive 24/7 service-desk,Collaboration,Productivity,Citrix,3255.81,3035.94,Active,2023-10-11,2025-05-15,ERP
104763,PROD-104763,Total next generation support,Software,Office,Adobe,2164.35,2768.06,Active,2022-03-30,2025-07-27,ERP
104764,PROD-104764,Streamlined holistic groupware,Software,Office,Adobe,2020.74,3594.32,Active,2026-02-23,2025-09-07,ERP
104765,PROD-104765,Progressive background info-mediaries,Networking,Wireless,Cisco,2190.59,2115.71,Active,2025-01-29,2026-07-28,ERP
104766,PROD-104766,Synchronized systematic migration,Services,Consulting,Dell,3657.11,1601.14,Active,2025-07-13,2024-08-18,ERP
104767,PROD-104767,Polarized 5thgeneration approach,Cloud,Networking,Lenovo,900.89,656.69,Active,2026-06-08,2024-10-02,ERP
104768,PROD-104768,Fundamental full-range framework,Storage,Archive,Lenovo,2247.07,3327.44,Active,2024-05-11,2026-02-26,ERP
104769,PROD-104769,Reduced client-driven projection,Hardware,Desktop,Adobe,3235.73,365.36,Active,2023-07-28,2026-02-20,ERP
104770,PROD-104770,Visionary local alliance,Storage,Backup,HP,976.94,3669.19,Active,2021-10-05,2026-04-22,ERP
104771,PROD-104771,Function-based intermediate firmware,Hardware,Monitor,VMware,2924.86,986.3,Active,2024-10-17,2026-07-01,ERP
104772,PROD-104772,Enterprise-wide global concept,Services,Consulting,HP,1651.12,2499.39,Active,2024-01-17,2024-12-15,ERP
104773,PROD-104773,Enterprise-wide human-resource challenge,Collaboration,Productivity,HP,2197.48,3898.76,Active,2021-11-23,2024-12-20,ERP
104774,PROD-104774,Universal intermediate contingency,Collaboration,Productivity,VMware,173.44,3358.45,Active,2023-10-01,2026-04-08,ERP
104775,PROD-104775,Assimilated multi-tasking hardware,Services,Consulting,Citrix,195.16,312.95,Active,2021-09-13,2024-10-06,ERP
104776,PROD-104776,Focused next generation intranet,Security,Identity,Adobe,591.33,3790.22,Active,2022-02-21,2025-06-13,ERP
104777,PROD-104777,Customizable object-oriented forecast,Storage,Backup,Adobe,2779.61,774.17,Active,2022-01-13,2025-03-25,ERP
104778,PROD-104778,Mandatory cohesive utilization,Software,Database,Citrix,4343.64,1419.9,Active,2024-03-16,2025-10-03,ERP
104779,PROD-104779,Programmable encompassing artificial intelligence,Software,Office,Dell,3259.02,3370.02,Active,2025-03-23,2025-06-30,ERP
104780,PROD-104780,Organized mobile Internet solution,Security,Encryption,Microsoft,327.61,2614.67,Active,2022-06-12,2026-01-17,ERP
104781,PROD-104781,Operative uniform methodology,Hardware,Laptop,HP,1346.36,2387.6,Active,2023-05-04,2026-02-23,ERP
104782,PROD-104782,Right-sized solution-oriented benchmark,Cloud,Networking,Adobe,1780.42,1865.65,Active,2026-07-12,2024-09-17,ERP
104783,PROD-104783,Profit-focused non-volatile moderator,Hardware,Desktop,Microsoft,3881.01,2368.86,Active,2026-07-08,2024-08-29,ERP
104784,PROD-104784,Managed hybrid strategy,Hardware,Laptop,Dell,3668.88,620.95,Active,2025-12-02,2025-09-20,ERP
104785,PROD-104785,Profit-focused real-time service-desk,Hardware,Laptop,Lenovo,4186.29,168.61,Active,2026-01-07,2024-12-04,ERP
104786,PROD-104786,Balanced real-time utilization,Security,Endpoint,Microsoft,2037.43,2581.43,Active,2022-04-05,2026-06-16,ERP
104787,PROD-104787,Focused multimedia projection,Services,Support,HP,852.15,3407.65,Active,2026-04-24,2025-05-14,ERP
104788,PROD-104788,De-engineered multimedia Internet solution,Storage,NAS,Dell,3188.24,87.32,Active,2025-12-19,2026-06-01,ERP
104789,PROD-104789,Synergistic clear-thinking moratorium,Cloud,Compute,Microsoft,3923.17,2006.44,Active,2021-10-21,2025-06-07,ERP
104790,PROD-104790,Monitored mobile encryption,Networking,Router,HP,4071.31,3147.35,Active,2024-04-13,2025-09-10,ERP
104791,PROD-104791,Streamlined regional conglomeration,Storage,Archive,HP,1334.83,3224.6,Active,2025-06-30,2025-11-17,ERP
104792,PROD-104792,Networked radical help-desk,Collaboration,Voice,Cisco,2374.39,3175.6,Active,2025-12-19,2025-11-27,ERP
104793,PROD-104793,Cloned dynamic concept,Security,Identity,Citrix,2499.35,3133.03,Active,2025-01-28,2025-02-24,ERP
104794,PROD-104794,Reverse-engineered grid-enabled portal,Software,Analytics,VMware,1985.59,2661.8,Active,2022-07-14,2026-07-06,ERP
104795,PROD-104795,Grass-roots uniform analyzer,Services,Implementation,Adobe,1315.78,2888.44,Active,2022-01-20,2024-09-15,ERP
104796,PROD-104796,Pre-emptive systematic Graphical User Interface,Collaboration,Meetings,Citrix,3247.41,1031.28,Active,2026-04-21,2024-09-22,ERP
104797,PROD-104797,Networked directional model,Services,Support,VMware,1685.02,285.69,Active,2024-07-24,2025-01-25,ERP
104798,PROD-104798,Automated mission-critical product,Storage,Archive,Lenovo,1801.98,3499.14,Active,2026-06-27,2026-06-08,ERP
104799,PROD-104799,Persevering 6thgeneration toolset,Networking,Firewall,Cisco,3943.42,2257.22,Active,2023-06-12,2026-01-01,ERP
104800,PROD-104800,Profound bottom-line customer loyalty,Networking,Firewall,Lenovo,3168.41,3422.34,Active,2024-02-23,2024-11-19,ERP
104801,PROD-104801,Fundamental 6thgeneration frame,Collaboration,Meetings,Lenovo,4894.26,3323.73,Active,2024-06-02,2025-12-22,ERP
104802,PROD-104802,Optional zero tolerance encryption,Services,Support,HP,195.03,2660.41,Active,2024-05-31,2026-02-04,ERP
104803,PROD-104803,Total tangible Graphical User Interface,Collaboration,Productivity,Citrix,2646.4,43.19,Active,2022-06-28,2025-11-04,ERP
104804,PROD-104804,Secured transitional database,Security,Endpoint,HP,3877.04,2610.52,Active,2026-07-20,2025-12-28,ERP
104805,PROD-104805,Grass-roots systemic framework,Networking,Firewall,VMware,1257.08,3902.2,Active,2022-02-21,2024-12-10,ERP
104806,PROD-104806,Reverse-engineered full-range analyzer,Storage,Backup,Microsoft,1812.35,3058.56,Active,2022-04-18,2024-11-03,ERP
104807,PROD-104807,Assimilated zero-defect challenge,Security,Threat Protection,Microsoft,1837.83,2889.91,Active,2023-07-16,2025-04-30,ERP
104808,PROD-104808,Robust uniform open system,Cloud,AI,Lenovo,2344.23,2937.95,Active,2022-02-04,2025-06-03,ERP
104809,PROD-104809,Versatile radical neural-net,Hardware,Laptop,Adobe,1025.51,709.56,Active,2022-01-23,2024-12-02,ERP
104810,PROD-104810,Assimilated transitional superstructure,Networking,Router,Adobe,2261.84,3660.85,Active,2023-01-04,2026-07-02,ERP
104811,PROD-104811,Adaptive neutral matrices,Collaboration,Meetings,Citrix,1384.72,3159.16,Active,2022-06-04,2025-12-23,ERP
104812,PROD-104812,Quality-focused global success,Services,Consulting,Cisco,2833.03,138.59,Active,2023-01-28,2026-03-13,ERP
104813,PROD-104813,Realigned stable monitoring,Storage,NAS,Citrix,2817.52,1420.88,Active,2023-05-18,2026-01-16,ERP
104814,PROD-104814,Fundamental transitional capacity,Services,Consulting,HP,3461.18,2553.2,Active,2025-10-09,2025-08-07,ERP
104815,PROD-104815,Enterprise-wide eco-centric focus group,Security,Threat Protection,Microsoft,3306.77,3838.7,Active,2025-10-23,2025-06-21,ERP
104816,PROD-104816,Implemented mission-critical extranet,Software,Analytics,Cisco,1749.92,3541.76,Active,2025-07-01,2024-08-03,ERP
104817,PROD-104817,Object-based empowering budgetary management,Cloud,Networking,VMware,3870.3,2754.49,Active,2024-03-27,2025-12-01,ERP
104818,PROD-104818,Profound eco-centric system engine,Networking,Switch,Adobe,3121.18,3333.93,Active,2025-09-26,2025-01-03,ERP
104819,PROD-104819,Exclusive 24/7 orchestration,Services,Support,Dell,3997.56,2906.41,Active,2023-05-25,2024-12-09,ERP
104820,PROD-104820,Fundamental eco-centric pricing structure,Software,Operating System,HP,1233.05,1426.56,Active,2025-10-23,2025-06-09,ERP
104821,PROD-104821,Front-line neutral hardware,Hardware,Server,HP,2035.47,758.99,Active,2022-10-09,2024-08-09,ERP
104822,PROD-104822,Managed user-facing matrices,Collaboration,Voice,HP,2779.24,3365.96,Active,2024-06-11,2025-02-28,ERP
104823,PROD-104823,Front-line object-oriented analyzer,Storage,NAS,Citrix,599.5,228.17,Active,2023-08-21,2025-03-09,ERP
104824,PROD-104824,Profound context-sensitive middleware,Services,Implementation,Cisco,2666.22,2227.18,Active,2021-09-30,2025-02-08,ERP
104825,PROD-104825,Cross-group multi-tasking firmware,Services,Training,VMware,1744.0,343.98,Active,2025-06-27,2025-08-31,ERP
104826,PROD-104826,Managed dynamic collaboration,Storage,SAN,Dell,2943.77,1313.61,Active,2023-01-19,2026-02-17,ERP
104827,PROD-104827,Up-sized impactful service-desk,Software,Office,VMware,1752.9,1445.98,Active,2024-02-06,2024-09-21,ERP
104828,PROD-104828,Cloned needs-based orchestration,Networking,Wireless,Microsoft,4622.84,1686.07,Active,2023-07-30,2024-09-28,ERP
104829,PROD-104829,Triple-buffered disintermediate emulation,Collaboration,Meetings,Dell,2107.88,819.19,Active,2022-01-18,2025-08-08,ERP
104830,PROD-104830,Virtual full-range forecast,Collaboration,Voice,Lenovo,522.57,3377.68,Active,2022-05-18,2026-01-20,ERP
104831,PROD-104831,Implemented system-worthy focus group,Software,Analytics,Adobe,1904.03,1707.13,Active,2022-01-18,2025-02-13,ERP
104832,PROD-104832,Configurable tertiary methodology,Cloud,Networking,VMware,4420.7,715.85,Active,2023-06-18,2024-11-26,ERP
104833,PROD-104833,Organic system-worthy approach,Storage,SAN,VMware,2652.31,2056.88,Active,2023-11-22,2024-08-23,ERP
104834,PROD-104834,Object-based composite concept,Collaboration,Productivity,HP,119.87,2495.21,Active,2023-03-15,2024-12-31,ERP
104835,PROD-104835,Inverse modular data-warehouse,Hardware,Monitor,Cisco,464.99,3333.23,Active,2021-11-21,2025-12-04,ERP
104836,PROD-104836,Intuitive solution-oriented moratorium,Networking,Router,Cisco,4618.59,2400.91,Active,2025-11-11,2026-06-10,ERP
104837,PROD-104837,Re-contextualized background database,Software,Office,Adobe,4708.07,1260.29,Active,2022-06-15,2025-01-30,ERP
104838,PROD-104838,Persevering tertiary leverage,Hardware,Server,HP,4592.54,522.04,Active,2023-11-13,2024-12-31,ERP
104839,PROD-104839,Function-based mission-critical core,Storage,Archive,Cisco,3399.66,422.33,Active,2022-11-10,2026-04-07,ERP
104840,PROD-104840,Function-based transitional functionalities,Cloud,Storage,VMware,3919.14,3315.44,Active,2024-02-20,2025-11-07,ERP
104841,PROD-104841,Virtual attitude-oriented open architecture,Hardware,Server,Citrix,4258.53,384.54,Active,2023-08-27,2025-09-09,ERP
104842,PROD-104842,Ameliorated system-worthy infrastructure,Security,Endpoint,Microsoft,768.99,2441.03,Active,2023-04-08,2026-06-03,ERP
104843,PROD-104843,Function-based exuding archive,Networking,Wireless,VMware,1863.03,3439.61,Active,2026-01-07,2026-05-18,ERP
104844,PROD-104844,Multi-layered intermediate hub,Cloud,Storage,Cisco,579.98,1040.02,Active,2024-01-17,2026-06-11,ERP
104845,PROD-104845,Profit-focused neutral implementation,Collaboration,Voice,Citrix,2235.74,1879.57,Active,2022-10-04,2026-02-22,ERP
104846,PROD-104846,Configurable system-worthy adapter,Software,Operating System,Citrix,1499.38,121.52,Active,2023-11-04,2026-03-15,ERP
104847,PROD-104847,Grass-roots transitional array,Security,Threat Protection,Cisco,4481.74,2097.32,Active,2022-05-02,2025-10-21,ERP
104848,PROD-104848,Extended 6thgeneration matrix,Networking,Firewall,Cisco,2207.6,2469.77,Active,2023-09-05,2024-11-09,ERP
104849,PROD-104849,Customer-focused analyzing customer loyalty,Networking,Router,Microsoft,3444.1,3426.62,Active,2023-02-26,2026-05-01,ERP
104850,PROD-104850,Face-to-face real-time synergy,Collaboration,Productivity,Dell,3407.11,451.13,Active,2021-10-12,2024-11-03,ERP
104851,PROD-104851,Cross-platform encompassing solution,Hardware,Monitor,HP,3432.43,480.9,Active,2023-10-19,2024-12-08,ERP
104852,PROD-104852,Reactive upward-trending encoding,Collaboration,Meetings,Lenovo,4521.09,3840.78,Active,2024-10-29,2025-09-18,ERP
104853,PROD-104853,Decentralized secondary array,Software,Office,Cisco,4293.3,2049.2,Active,2025-09-08,2024-10-26,ERP
104854,PROD-104854,Open-architected high-level leverage,Storage,NAS,Dell,3731.01,2931.34,Active,2021-08-20,2025-06-26,ERP
104855,PROD-104855,Object-based motivating capacity,Collaboration,Meetings,HP,825.82,2384.97,Active,2023-06-15,2025-07-23,ERP
104856,PROD-104856,Horizontal foreground access,Networking,Wireless,Dell,3944.89,1784.55,Active,2022-08-08,2026-03-11,ERP
104857,PROD-104857,Focused leadingedge paradigm,Collaboration,Productivity,Adobe,613.85,131.95,Active,2023-11-10,2025-08-26,ERP
104858,PROD-104858,Team-oriented dedicated parallelism,Cloud,Networking,Adobe,54.85,2582.79,Active,2022-12-25,2024-12-06,ERP
104859,PROD-104859,Vision-oriented even-keeled definition,Services,Consulting,Citrix,4323.77,249.51,Active,2023-01-19,2026-02-10,ERP
104860,PROD-104860,Decentralized regional alliance,Security,Threat Protection,Microsoft,101.24,3953.06,Active,2025-11-24,2025-07-05,ERP
104861,PROD-104861,Balanced asymmetric Graphic Interface,Hardware,Desktop,Lenovo,3724.89,2094.95,Active,2022-03-03,2024-10-21,ERP
104862,PROD-104862,Right-sized user-facing support,Collaboration,Email,Cisco,3736.64,1255.97,Active,2023-05-11,2026-05-15,ERP
104863,PROD-104863,Fundamental multimedia concept,Services,Consulting,HP,2992.5,2024.42,Active,2025-11-24,2025-07-16,ERP
104864,PROD-104864,Expanded discrete policy,Collaboration,Productivity,Microsoft,1226.81,3121.97,Active,2026-06-01,2025-05-28,ERP
104865,PROD-104865,Front-line fresh-thinking emulation,Security,Identity,Cisco,1402.06,2747.26,Active,2022-02-11,2025-06-13,ERP
104866,PROD-104866,Open-source optimizing database,Collaboration,Voice,VMware,3145.9,2157.47,Active,2025-07-27,2026-02-27,ERP
104867,PROD-104867,Re-engineered uniform adapter,Cloud,Storage,Lenovo,2731.43,407.63,Active,2021-10-10,2025-04-03,ERP
104868,PROD-104868,Reactive mobile forecast,Software,Database,HP,2259.72,309.89,Active,2024-02-21,2026-02-03,ERP
104869,PROD-104869,Profound didactic database,Services,Consulting,Cisco,1260.61,1516.81,Active,2022-11-08,2026-03-24,ERP
104870,PROD-104870,Front-line regional process improvement,Software,Analytics,HP,787.04,416.7,Active,2025-06-14,2025-02-21,ERP
104871,PROD-104871,Progressive 5thgeneration time-frame,Cloud,AI,Cisco,910.37,3089.52,Active,2026-08-03,2026-01-22,ERP
104872,PROD-104872,Progressive leadingedge challenge,Networking,Router,Lenovo,2638.71,2901.57,Active,2024-04-19,2026-04-14,ERP
104873,PROD-104873,Multi-layered regional ability,Storage,NAS,Lenovo,4213.43,969.3,Active,2025-07-04,2025-01-14,ERP
104874,PROD-104874,Implemented 5thgeneration utilization,Software,Office,Cisco,3704.48,2410.92,Active,2025-10-09,2025-12-03,ERP
104875,PROD-104875,User-friendly actuating hardware,Collaboration,Voice,Adobe,2170.63,757.14,Active,2025-08-21,2026-03-16,ERP
104876,PROD-104876,Re-contextualized homogeneous productivity,Hardware,Laptop,Citrix,690.54,1046.49,Active,2025-11-07,2025-08-05,ERP
104877,PROD-104877,Team-oriented contextually-based Graphical User Interface,Software,Operating System,Adobe,4570.96,1840.59,Active,2022-07-09,2024-08-23,ERP
104878,PROD-104878,Synergistic empowering knowledgebase,Storage,NAS,VMware,2825.11,3488.66,Active,2025-07-18,2025-01-30,ERP
104879,PROD-104879,Right-sized demand-driven knowledge user,Hardware,Server,Dell,942.5,1848.64,Active,2022-08-18,2025-11-09,ERP
104880,PROD-104880,Organized attitude-oriented protocol,Services,Consulting,Dell,4416.65,2346.96,Active,2022-07-25,2025-06-12,ERP
104881,PROD-104881,Visionary zero-defect core,Software,Analytics,VMware,1840.95,3740.59,Active,2026-07-25,2024-10-15,ERP
104882,PROD-104882,Open-source solution-oriented architecture,Storage,Archive,HP,3103.33,1392.87,Active,2022-01-10,2026-06-02,ERP
104883,PROD-104883,Automated client-driven pricing structure,Storage,SAN,HP,2294.92,2006.6,Active,2026-02-21,2026-05-23,ERP
104884,PROD-104884,Inverse asynchronous alliance,Networking,Wireless,Adobe,3685.09,3248.25,Active,2024-11-13,2026-06-27,ERP
104885,PROD-104885,Intuitive optimal capacity,Storage,NAS,Lenovo,1240.56,1433.64,Active,2023-01-13,2025-05-10,ERP
104886,PROD-104886,De-engineered zero-defect algorithm,Software,Database,Lenovo,3836.32,1542.19,Active,2024-11-29,2024-10-15,ERP
104887,PROD-104887,Robust national parallelism,Collaboration,Meetings,Microsoft,1892.66,1990.32,Active,2024-04-06,2026-07-21,ERP
104888,PROD-104888,Adaptive modular encryption,Collaboration,Email,Cisco,2745.13,3411.99,Active,2026-07-21,2024-09-23,ERP
104889,PROD-104889,Managed value-added leverage,Collaboration,Voice,Microsoft,871.07,580.66,Active,2024-10-14,2025-10-29,ERP
104890,PROD-104890,Stand-alone logistical structure,Security,Encryption,Dell,1544.53,3155.15,Active,2021-10-28,2025-07-03,ERP
104891,PROD-104891,Managed non-volatile instruction set,Storage,NAS,Adobe,2150.1,2916.9,Active,2025-10-26,2025-04-12,ERP
104892,PROD-104892,Proactive system-worthy help-desk,Hardware,Server,Dell,404.51,1841.89,Active,2023-02-15,2024-09-28,ERP
104893,PROD-104893,Virtual encompassing architecture,Software,Analytics,HP,3149.74,431.51,Active,2023-01-21,2026-05-31,ERP
104894,PROD-104894,Ameliorated web-enabled solution,Cloud,AI,Cisco,607.84,1602.21,Active,2022-03-30,2025-03-11,ERP
104895,PROD-104895,Open-architected explicit policy,Storage,NAS,Lenovo,1346.56,133.17,Active,2023-11-16,2025-03-27,ERP
104896,PROD-104896,User-friendly bifurcated architecture,Security,Encryption,Citrix,1916.68,3908.41,Active,2025-08-03,2025-01-26,ERP
104897,PROD-104897,Enterprise-wide tangible portal,Storage,Archive,Microsoft,1121.43,2216.05,Active,2024-06-26,2026-02-11,ERP
104898,PROD-104898,Enterprise-wide coherent matrices,Networking,Router,Microsoft,1427.6,899.06,Active,2023-08-26,2024-12-10,ERP
104899,PROD-104899,Managed static middleware,Networking,Wireless,Cisco,3465.97,338.06,Active,2025-11-14,2026-02-20,ERP
104900,PROD-104900,Synergized neutral hub,Services,Support,HP,3908.35,2835.11,Active,2024-10-12,2026-01-11,ERP
104901,PROD-104901,Automated value-added monitoring,Software,Database,Adobe,4678.46,1548.62,Active,2023-12-23,2025-02-26,ERP
104902,PROD-104902,Persevering uniform project,Networking,Firewall,Dell,266.22,1075.28,Active,2022-11-01,2024-08-10,ERP
104903,PROD-104903,Phased analyzing firmware,Storage,NAS,Dell,455.68,1820.36,Active,2024-04-21,2025-08-31,ERP
104904,PROD-104904,Cross-group full-range frame,Cloud,Storage,VMware,2425.08,2086.41,Active,2022-07-13,2026-01-06,ERP
104905,PROD-104905,Integrated zero administration product,Hardware,Laptop,Dell,2259.43,2343.97,Active,2022-05-10,2025-12-05,ERP
104906,PROD-104906,Streamlined 4thgeneration encoding,Storage,SAN,Adobe,1706.6,1806.59,Active,2021-08-11,2025-07-26,ERP
104907,PROD-104907,Horizontal zero administration Local Area Network,Security,Encryption,VMware,2929.09,1808.96,Active,2023-12-19,2025-07-18,ERP
104908,PROD-104908,Progressive bandwidth-monitored process improvement,Hardware,Server,HP,4652.8,560.92,Active,2022-02-15,2024-11-04,ERP
104909,PROD-104909,Customer-focused stable challenge,Collaboration,Email,Dell,1431.84,3418.33,Active,2025-03-14,2025-04-22,ERP
104910,PROD-104910,Distributed multi-state project,Services,Implementation,Citrix,2608.08,402.31,Active,2026-01-25,2025-08-20,ERP
104911,PROD-104911,Switchable maximized customer loyalty,Software,Operating System,Lenovo,431.0,864.76,Active,2022-03-02,2025-02-16,ERP
104912,PROD-104912,Horizontal heuristic collaboration,Services,Implementation,Cisco,518.83,1646.54,Active,2026-01-19,2025-06-13,ERP
104913,PROD-104913,Monitored demand-driven definition,Software,Database,Adobe,4906.3,1481.93,Active,2022-03-30,2026-05-21,ERP
104914,PROD-104914,Cloned interactive framework,Services,Implementation,HP,3736.99,3019.35,Active,2025-11-08,2024-08-26,ERP
104915,PROD-104915,Universal transitional monitoring,Software,Office,VMware,3063.57,891.23,Active,2021-12-21,2025-07-01,ERP
104916,PROD-104916,Open-architected local analyzer,Software,Operating System,Cisco,2651.5,2766.72,Active,2023-01-16,2026-01-31,ERP
104917,PROD-104917,Compatible asymmetric application,Hardware,Monitor,HP,3503.61,477.47,Active,2025-12-28,2025-11-15,ERP
104918,PROD-104918,Cross-platform intangible toolset,Networking,Router,Adobe,430.46,3964.65,Active,2025-07-12,2026-03-26,ERP
104919,PROD-104919,Down-sized object-oriented firmware,Services,Support,HP,618.85,906.67,Active,2022-09-01,2026-05-28,ERP
104920,PROD-104920,Multi-layered motivating hierarchy,Networking,Wireless,Dell,4021.54,987.26,Active,2023-01-14,2026-05-08,ERP
104921,PROD-104921,Reactive disintermediate infrastructure,Collaboration,Voice,VMware,2913.06,3023.39,Active,2021-08-22,2025-01-07,ERP
104922,PROD-104922,Object-based hybrid parallelism,Hardware,Server,Microsoft,1251.23,2698.41,Active,2025-07-19,2025-12-07,ERP
104923,PROD-104923,Progressive asynchronous support,Services,Training,Citrix,2603.65,1348.31,Active,2023-02-14,2025-09-30,ERP
104924,PROD-104924,Digitized discrete circuit,Networking,Firewall,Lenovo,4523.84,3285.81,Active,2021-10-10,2026-04-24,ERP
104925,PROD-104925,Quality-focused zero-defect function,Networking,Router,HP,2435.05,1131.85,Active,2024-06-25,2025-08-31,ERP
104926,PROD-104926,Synchronized encompassing encoding,Networking,Switch,HP,4558.34,3114.35,Active,2021-09-28,2024-10-24,ERP
104927,PROD-104927,Intuitive motivating encoding,Services,Consulting,Adobe,4053.17,302.22,Active,2024-02-03,2025-06-01,ERP
104928,PROD-104928,Universal transitional knowledge user,Cloud,AI,Dell,3165.28,3376.09,Active,2021-08-20,2025-07-20,ERP
104929,PROD-104929,Reduced even-keeled Graphical User Interface,Security,Encryption,Lenovo,4495.25,3620.8,Active,2022-07-05,2026-03-20,ERP
104930,PROD-104930,Visionary mobile project,Software,Database,Cisco,2058.79,173.36,Active,2022-03-27,2026-02-20,ERP
104931,PROD-104931,Down-sized object-oriented collaboration,Storage,NAS,VMware,1822.14,413.23,Active,2023-12-06,2025-05-14,ERP
104932,PROD-104932,Profound next generation array,Networking,Firewall,Citrix,1207.08,1272.96,Active,2022-12-02,2025-08-18,ERP
104933,PROD-104933,Integrated exuding data-warehouse,Networking,Router,Cisco,92.95,3092.95,Active,2024-02-26,2025-05-15,ERP
104934,PROD-104934,Organic fresh-thinking instruction set,Collaboration,Productivity,Citrix,3887.09,2496.51,Active,2024-09-17,2025-03-02,ERP
104935,PROD-104935,Optimized attitude-oriented adapter,Storage,Backup,Citrix,4415.55,2327.7,Active,2025-05-26,2025-05-08,ERP
104936,PROD-104936,Intuitive composite Local Area Network,Collaboration,Meetings,VMware,4577.6,152.64,Active,2024-11-09,2024-09-30,ERP
104937,PROD-104937,Decentralized asymmetric model,Cloud,Compute,Adobe,2443.1,3111.19,Active,2024-09-09,2025-07-04,ERP
104938,PROD-104938,Team-oriented tertiary toolset,Networking,Firewall,Dell,2121.76,2045.18,Active,2026-06-04,2025-04-21,ERP
104939,PROD-104939,Cross-platform explicit capability,Software,Database,Cisco,4816.81,1895.11,Active,2023-07-23,2025-08-24,ERP
104940,PROD-104940,Centralized attitude-oriented Graphical User Interface,Storage,Archive,Microsoft,2417.18,565.94,Active,2022-03-01,2024-12-19,ERP
104941,PROD-104941,Devolved secondary Graphic Interface,Collaboration,Meetings,VMware,4874.37,2832.73,Active,2025-05-13,2026-07-11,ERP
104942,PROD-104942,Phased human-resource leverage,Cloud,AI,HP,3269.76,2594.2,Active,2025-05-15,2026-04-30,ERP
104943,PROD-104943,Ergonomic client-driven infrastructure,Security,Identity,Cisco,4063.25,268.79,Active,2024-03-20,2025-10-20,ERP
104944,PROD-104944,Streamlined discrete hub,Networking,Switch,Cisco,2197.7,1251.45,Active,2024-03-15,2026-01-24,ERP
104945,PROD-104945,Triple-buffered static matrices,Hardware,Laptop,Dell,3261.63,1257.27,Active,2022-12-14,2026-05-30,ERP
104946,PROD-104946,Enhanced asynchronous knowledgebase,Security,Endpoint,VMware,3815.86,2222.17,Active,2023-12-13,2024-08-10,ERP
104947,PROD-104947,Synergized human-resource firmware,Security,Endpoint,Microsoft,828.84,1136.05,Active,2023-11-25,2025-12-04,ERP
104948,PROD-104948,Persevering didactic frame,Services,Consulting,VMware,2224.13,1420.37,Active,2025-03-31,2026-05-11,ERP
104949,PROD-104949,Persistent dedicated knowledgebase,Software,Operating System,Lenovo,3303.98,3920.0,Active,2025-09-01,2025-06-30,ERP
104950,PROD-104950,Streamlined tangible matrix,Storage,Backup,Microsoft,3082.81,2314.43,Active,2025-01-17,2024-09-17,ERP
104951,PROD-104951,Object-based 24/7 application,Software,Analytics,Adobe,1790.19,2493.46,Active,2025-01-04,2024-08-24,ERP
104952,PROD-104952,Front-line analyzing product,Software,Database,Adobe,242.71,1261.41,Active,2024-11-05,2025-09-20,ERP
104953,PROD-104953,Triple-buffered 4thgeneration toolset,Cloud,AI,Citrix,4951.09,2745.4,Active,2022-05-23,2025-05-02,ERP
104954,PROD-104954,Persevering context-sensitive projection,Hardware,Desktop,Lenovo,4307.39,2677.9,Active,2021-08-05,2025-07-13,ERP
104955,PROD-104955,Down-sized user-facing conglomeration,Software,Operating System,Cisco,1625.61,1295.11,Active,2023-06-12,2026-05-05,ERP
104956,PROD-104956,Implemented eco-centric moratorium,Security,Endpoint,HP,224.4,3828.32,Active,2024-07-07,2026-05-18,ERP
104957,PROD-104957,Optional clear-thinking protocol,Networking,Wireless,Lenovo,3570.07,1745.31,Active,2023-03-19,2025-11-13,ERP
104958,PROD-104958,Operative composite info-mediaries,Storage,NAS,HP,2870.74,954.07,Active,2022-08-24,2026-05-20,ERP
104959,PROD-104959,Centralized demand-driven monitoring,Storage,SAN,VMware,509.68,285.06,Active,2023-09-16,2025-09-24,ERP
104960,PROD-104960,Monitored scalable budgetary management,Networking,Router,Cisco,3928.04,1239.54,Active,2025-10-26,2025-05-22,ERP
104961,PROD-104961,Visionary real-time task-force,Security,Endpoint,VMware,60.89,1712.94,Active,2024-01-24,2025-04-05,ERP
104962,PROD-104962,Pre-emptive user-facing open system,Cloud,Storage,VMware,2080.05,826.25,Active,2021-10-07,2026-04-01,ERP
104963,PROD-104963,Assimilated solution-oriented intranet,Security,Endpoint,Cisco,1323.9,1903.74,Active,2025-12-01,2025-11-17,ERP
104964,PROD-104964,Realigned didactic help-desk,Software,Office,Lenovo,4517.52,1036.25,Active,2022-11-29,2025-06-08,ERP
104965,PROD-104965,Profound motivating implementation,Hardware,Monitor,Citrix,4069.08,723.52,Active,2024-06-01,2024-09-26,ERP
104966,PROD-104966,Optional 24/7 time-frame,Networking,Switch,Lenovo,4721.69,3780.24,Active,2021-11-04,2025-12-01,ERP
104967,PROD-104967,Programmable holistic monitoring,Services,Training,Microsoft,2276.35,836.7,Active,2024-09-15,2026-04-18,ERP
104968,PROD-104968,Multi-lateral needs-based flexibility,Hardware,Server,HP,4871.7,3413.94,Active,2025-02-06,2025-03-22,ERP
104969,PROD-104969,Advanced holistic conglomeration,Services,Training,Adobe,4225.46,3465.87,Active,2022-05-30,2024-11-14,ERP
104970,PROD-104970,Persistent 24/7 circuit,Networking,Wireless,Lenovo,1452.73,857.88,Active,2024-07-06,2025-07-20,ERP
104971,PROD-104971,Cross-platform zero tolerance software,Software,Office,Lenovo,1674.28,1052.99,Active,2025-11-09,2025-04-08,ERP
104972,PROD-104972,Diverse static success,Software,Database,Microsoft,236.3,2377.87,Active,2025-06-15,2024-10-08,ERP
104973,PROD-104973,Self-enabling systematic analyzer,Services,Training,HP,2774.87,3799.42,Active,2022-07-20,2025-12-09,ERP
104974,PROD-104974,Cross-platform value-added array,Networking,Firewall,VMware,3710.88,2451.82,Active,2025-09-18,2025-03-20,ERP
104975,PROD-104975,Integrated incremental system engine,Storage,Archive,Lenovo,2177.01,2366.45,Active,2021-08-07,2025-07-07,ERP
104976,PROD-104976,Adaptive fault-tolerant standardization,Security,Encryption,Microsoft,2072.49,448.3,Active,2025-01-02,2025-05-22,ERP
104977,PROD-104977,Grass-roots analyzing info-mediaries,Hardware,Monitor,Microsoft,470.77,1061.93,Active,2021-11-28,2024-09-16,ERP
104978,PROD-104978,Fundamental explicit algorithm,Collaboration,Email,Dell,180.27,3040.9,Active,2023-10-17,2025-08-29,ERP
104979,PROD-104979,De-engineered explicit knowledgebase,Security,Encryption,Dell,1716.78,1934.73,Active,2025-05-17,2025-11-19,ERP
104980,PROD-104980,Self-enabling next generation infrastructure,Services,Implementation,Lenovo,3653.08,25.2,Active,2021-10-01,2025-12-06,ERP
104981,PROD-104981,Configurable responsive installation,Services,Consulting,Lenovo,4721.23,2752.74,Active,2023-01-14,2025-01-03,ERP
104982,PROD-104982,Compatible encompassing encoding,Storage,Archive,VMware,1340.76,3550.1,Active,2024-08-28,2026-04-04,ERP
104983,PROD-104983,Quality-focused user-facing access,Cloud,Storage,VMware,3486.76,3879.39,Active,2023-01-08,2024-10-22,ERP
104984,PROD-104984,Ergonomic national knowledgebase,Services,Implementation,Citrix,142.3,3906.21,Active,2023-12-20,2026-05-25,ERP
104985,PROD-104985,Optimized transitional collaboration,Security,Threat Protection,Microsoft,3246.28,3131.62,Active,2022-01-25,2025-02-25,ERP
104986,PROD-104986,Optional hybrid moratorium,Storage,NAS,Adobe,1748.62,206.11,Active,2026-05-18,2026-05-16,ERP
104987,PROD-104987,Reduced zero tolerance function,Security,Endpoint,Lenovo,406.9,3329.97,Active,2022-02-16,2025-11-09,ERP
104988,PROD-104988,Business-focused user-facing task-force,Cloud,AI,Adobe,665.64,3836.89,Active,2022-11-17,2025-03-20,ERP
104989,PROD-104989,Monitored responsive ability,Cloud,AI,Microsoft,4902.67,2737.89,Active,2024-07-02,2025-06-25,ERP
104990,PROD-104990,Quality-focused static task-force,Networking,Firewall,Adobe,2167.77,710.41,Active,2023-11-12,2025-10-03,ERP
104991,PROD-104991,Balanced reciprocal analyzer,Storage,Backup,Dell,3164.47,3048.35,Active,2024-02-11,2025-05-07,ERP
104992,PROD-104992,Public-key full-range contingency,Networking,Firewall,Cisco,3805.77,1643.64,Active,2021-09-17,2024-11-04,ERP
104993,PROD-104993,Operative coherent artificial intelligence,Hardware,Monitor,Cisco,1649.23,1419.41,Active,2022-09-01,2025-10-01,ERP
104994,PROD-104994,Ameliorated attitude-oriented portal,Hardware,Laptop,Microsoft,3860.41,3404.36,Active,2023-10-09,2024-09-04,ERP
104995,PROD-104995,Future-proofed foreground methodology,Cloud,Networking,Lenovo,3025.36,359.14,Active,2026-01-02,2025-10-03,ERP
104996,PROD-104996,Total non-volatile protocol,Networking,Router,VMware,3231.37,2027.27,Active,2025-09-11,2024-09-20,ERP
104997,PROD-104997,Triple-buffered needs-based collaboration,Services,Support,Adobe,2325.35,2108.62,Active,2024-01-23,2026-03-04,ERP
104998,PROD-104998,Assimilated 5thgeneration encoding,Collaboration,Email,Cisco,1967.09,1674.44,Active,2023-05-15,2025-11-21,ERP
104999,PROD-104999,Managed global projection,Hardware,Desktop,Lenovo,1117.38,1233.58,Active,2026-04-10,2026-04-12,ERP
105000,PROD-105000,Virtual even-keeled model,Security,Endpoint,VMware,2044.68,3129.01,Active,2024-09-17,2026-03-20,ERP
